image_path,true_class,predicted_class,confidence
datasets/plantvillage/data_distribution_for_SVM/test/28/79b70cf4-d1c4-40da-a4c0-3c408fcbd259.JPG,tomato bacterial leaf spot,potato early blight,0.07460174709558487
datasets/plantvillage/data_distribution_for_SVM/test/20/3b431a73-36c1-4e13-be29-739425b9e6d6.JPG,potato early blight,strawberry leaf scorch,0.07613348960876465
datasets/plantvillage/data_distribution_for_SVM/test/0/43099bdc-efd6-4c6a-a138-cf7f05b888ab.JPG,apple scab,apple rust,0.07932060211896896
datasets/plantvillage/data_distribution_for_SVM/test/0/a1fff4f9-3719-4c54-9a94-5d774cc80edc.JPG,apple scab,apple black rot,0.07500480115413666
datasets/plantvillage/data_distribution_for_SVM/test/28/d06bae7f-ca99-42a4-b79a-952cecfbd89d.JPG,tomato bacterial leaf spot,apple black rot,0.07348358631134033
datasets/plantvillage/data_distribution_for_SVM/test/20/74310dac-bd3b-46a9-b7e4-72d2d823bbbc.JPG,potato early blight,potato early blight,0.07231414318084717
datasets/plantvillage/data_distribution_for_SVM/test/28/d6151023-f05d-4fd4-ba4f-7eb7fe0cf216.JPG,tomato bacterial leaf spot,apple rust,0.07290808111429214
datasets/plantvillage/data_distribution_for_SVM/test/21/b2ddccc4-9dc6-4576-8edb-4cfeb99d641e.JPG,potato late blight,potato late blight,0.07747825980186462
datasets/plantvillage/data_distribution_for_SVM/test/29/19ce203a-a409-452c-9dd6-9680b0f8430b.JPG,tomato early blight,strawberry leaf scorch,0.07322753220796585
datasets/plantvillage/data_distribution_for_SVM/test/7/db54988f-9bf6-4b88-a593-d5fe0858a978.JPG,corn gray leaf spot,corn gray leaf spot,0.12898306548595428
datasets/plantvillage/data_distribution_for_SVM/test/2/f9cfcac7-b209-4eed-8831-311ca81c2422.JPG,apple rust,apple black rot,0.07403939962387085
datasets/plantvillage/data_distribution_for_SVM/test/8/b4314de1-79fa-49ea-9577-26dcb8deeb2a.JPG,corn rust,corn gray leaf spot,0.11846712976694107
datasets/plantvillage/data_distribution_for_SVM/test/28/ae5ab967-ab1e-41b2-956b-531ee175f60a.JPG,tomato bacterial leaf spot,potato early blight,0.07645262777805328
datasets/plantvillage/data_distribution_for_SVM/test/21/c768843e-3aed-4320-91ce-06ef5265facb.JPG,potato late blight,apple black rot,0.07491499185562134
datasets/plantvillage/data_distribution_for_SVM/test/29/b1bc4ef1-01de-40bd-a9c1-0f6dfb53b7cf.JPG,tomato early blight,potato early blight,0.0781598910689354
datasets/plantvillage/data_distribution_for_SVM/test/1/b855e304-e078-463e-8ae1-de63450f6173.JPG,apple black rot,apple black rot,0.09412070363759995
datasets/plantvillage/data_distribution_for_SVM/test/29/1d0115d5-c893-4c1b-a8d8-30a9c068330c.JPG,tomato early blight,potato late blight,0.07682301104068756
datasets/plantvillage/data_distribution_for_SVM/test/20/9d5aa510-0297-4a30-a337-8188bb5db315.JPG,potato early blight,potato early blight,0.07588014006614685
datasets/plantvillage/data_distribution_for_SVM/test/9/4dccc3ec-cbdd-49c2-83f6-47e2cf89b57e.JPG,corn northern leaf blight,corn gray leaf spot,0.16485595703125
datasets/plantvillage/data_distribution_for_SVM/test/26/e3ca40e1-551c-493c-ae41-5d7d6c9e55de.JPG,strawberry leaf scorch,strawberry leaf scorch,0.09518008679151535
datasets/plantvillage/data_distribution_for_SVM/test/25/f3c43005-ccec-4438-b991-1fc85269dd8f.JPG,squash powdery mildew,squash powdery mildew,0.08562968671321869
datasets/plantvillage/data_distribution_for_SVM/test/28/ea073ab7-c6b6-40cd-bc46-39da3ad33302.JPG,tomato bacterial leaf spot,apple black rot,0.07944170385599136
datasets/plantvillage/data_distribution_for_SVM/test/20/09ad7c45-78bf-4ae6-85a7-15316bb0de39.JPG,potato early blight,potato early blight,0.07905102521181107
datasets/plantvillage/data_distribution_for_SVM/test/11/b807b8f4-5b3e-4c9c-9855-dd3461865c5d.JPG,grape black rot,grape black rot,0.11649526655673981
datasets/plantvillage/data_distribution_for_SVM/test/2/4cdbc788-5d46-4c72-bcf7-b8532e98edaf.JPG,apple rust,apple rust,0.07577615231275558
datasets/plantvillage/data_distribution_for_SVM/test/11/a3ac4683-6f33-4149-89bc-8fc21d6cf818.JPG,grape black rot,strawberry leaf scorch,0.09664265811443329
datasets/plantvillage/data_distribution_for_SVM/test/21/0bdcd3d5-84b5-4998-bdb5-90ae7ca5b9cc.JPG,potato late blight,apple black rot,0.07610981911420822
datasets/plantvillage/data_distribution_for_SVM/test/0/87d439fc-1f58-47d7-97de-ec29c6ab2271.JPG,apple scab,corn gray leaf spot,0.07335882633924484
datasets/plantvillage/data_distribution_for_SVM/test/2/a69f30e4-f161-4cfc-bf91-74580c4b352b.JPG,apple rust,strawberry leaf scorch,0.07256864756345749
datasets/plantvillage/data_distribution_for_SVM/test/30/bd5b9204-941a-467d-b294-dac7e500e786.JPG,tomato late blight,tomato late blight,0.07570770382881165
datasets/plantvillage/data_distribution_for_SVM/test/30/c1a7d318-02b2-4db9-9c51-5c9573df974c.JPG,tomato late blight,potato late blight,0.07375972718000412
datasets/plantvillage/data_distribution_for_SVM/test/25/751de3c4-fcf9-47b5-9fcb-89131115e938.JPG,squash powdery mildew,squash powdery mildew,0.0803179070353508
datasets/plantvillage/data_distribution_for_SVM/test/9/2b1f775c-932f-4be3-95c9-3985e4b213fd.JPG,corn northern leaf blight,corn gray leaf spot,0.11176946759223938
datasets/plantvillage/data_distribution_for_SVM/test/20/a0fc86b4-c11b-41cd-addc-b8a2c8ace2db.JPG,potato early blight,potato early blight,0.07523071765899658
datasets/plantvillage/data_distribution_for_SVM/test/20/e3c692b4-c59c-45ef-8b82-03cacd2478e8.JPG,potato early blight,potato early blight,0.0756232887506485
datasets/plantvillage/data_distribution_for_SVM/test/11/55a4b9d9-172a-4a84-959e-68fa02e439a1.JPG,grape black rot,grape black rot,0.08708637207746506
datasets/plantvillage/data_distribution_for_SVM/test/9/c9d0118e-887a-4fad-b504-6944637a774c.JPG,corn northern leaf blight,corn gray leaf spot,0.12052077054977417
datasets/plantvillage/data_distribution_for_SVM/test/0/6b3477e1-af1c-449d-8edc-cbebff5a6d7b.JPG,apple scab,apple rust,0.07292696833610535
datasets/plantvillage/data_distribution_for_SVM/test/30/215abcb0-63ef-44bf-a888-82d89d283186.JPG,tomato late blight,strawberry leaf scorch,0.07299549877643585
datasets/plantvillage/data_distribution_for_SVM/test/28/f8e0b0d6-c97a-4d60-bd15-5801f9598655.JPG,tomato bacterial leaf spot,potato early blight,0.07415370643138885
datasets/plantvillage/data_distribution_for_SVM/test/11/d883c79f-8700-43f3-831c-06f0937ed829.JPG,grape black rot,grape black rot,0.07808844745159149
datasets/plantvillage/data_distribution_for_SVM/test/28/802b8341-b961-41a9-b1a4-f0d8b97e3c42.JPG,tomato bacterial leaf spot,potato early blight,0.08058483898639679
datasets/plantvillage/data_distribution_for_SVM/test/20/ab601134-e378-4fdd-aaf1-1f798bbb8c4c.JPG,potato early blight,potato early blight,0.07455920428037643
datasets/plantvillage/data_distribution_for_SVM/test/28/8167bc95-ed61-48be-986f-e2e78793239f.JPG,tomato bacterial leaf spot,potato early blight,0.0764237493276596
datasets/plantvillage/data_distribution_for_SVM/test/30/411b7f80-21a9-4e6a-b1b7-e3a72e46e1ab.JPG,tomato late blight,potato late blight,0.07377304136753082
datasets/plantvillage/data_distribution_for_SVM/test/1/efcd939d-90ef-4c83-b23d-d067393c05e2.JPG,apple black rot,apple black rot,0.11632776260375977
datasets/plantvillage/data_distribution_for_SVM/test/20/ecc3cc26-e62b-44ce-95cb-2e06be3df3e7.JPG,potato early blight,potato early blight,0.07546978443861008
datasets/plantvillage/data_distribution_for_SVM/test/2/c363fd5e-e159-4b34-b609-e73c50cf99cc.JPG,apple rust,apple rust,0.07365019619464874
datasets/plantvillage/data_distribution_for_SVM/test/21/158f6d72-e3b5-427c-9797-afd07767db25.JPG,potato late blight,potato early blight,0.07925015687942505
datasets/plantvillage/data_distribution_for_SVM/test/0/6941c426-ed1b-472d-b499-8930639b5f07.JPG,apple scab,apple black rot,0.07394152134656906
datasets/plantvillage/data_distribution_for_SVM/test/28/d3fa3011-7fa6-4338-8e9d-94a13306609a.JPG,tomato bacterial leaf spot,strawberry leaf scorch,0.07890636473894119
datasets/plantvillage/data_distribution_for_SVM/test/25/1e30225e-83d7-4904-afc6-237abd7472f4.JPG,squash powdery mildew,corn gray leaf spot,0.07426594942808151
datasets/plantvillage/data_distribution_for_SVM/test/30/de2bd129-28f4-4bf7-bf91-a98e38f695b3.JPG,tomato late blight,corn gray leaf spot,0.07337404787540436
datasets/plantvillage/data_distribution_for_SVM/test/28/58ae2887-b2e2-44c7-bf33-b00a83d18dcc.JPG,tomato bacterial leaf spot,strawberry leaf scorch,0.07265496999025345
datasets/plantvillage/data_distribution_for_SVM/test/7/a13e33ad-4dea-4769-8ed8-6d4d18b942f1.JPG,corn gray leaf spot,corn gray leaf spot,0.141499325633049
datasets/plantvillage/data_distribution_for_SVM/test/28/8c5b1e56-b37f-4f91-a7a3-e12283e75167.JPG,tomato bacterial leaf spot,apple black rot,0.0785537138581276
datasets/plantvillage/data_distribution_for_SVM/test/20/80578d2d-d2eb-49a4-874e-55e0f953c28e.JPG,potato early blight,potato early blight,0.07646635919809341
datasets/plantvillage/data_distribution_for_SVM/test/28/efc7902d-2dae-46cd-bb2c-f354052ecf13.JPG,tomato bacterial leaf spot,strawberry leaf scorch,0.07429403811693192
datasets/plantvillage/data_distribution_for_SVM/test/25/8103507e-1d1b-42a0-841c-4ee95bd85736.JPG,squash powdery mildew,squash powdery mildew,0.0888431966304779
datasets/plantvillage/data_distribution_for_SVM/test/20/7783cc21-92a0-4039-9f0a-df8c5f93cefb.JPG,potato early blight,potato early blight,0.07619510591030121
datasets/plantvillage/data_distribution_for_SVM/test/25/21dd7bfc-b476-43a1-9770-a06b43c7c6a5.JPG,squash powdery mildew,grape black rot,0.0747067928314209
datasets/plantvillage/data_distribution_for_SVM/test/9/f5c3e8fd-2051-4f11-b874-48674a0e242e.JPG,corn northern leaf blight,corn gray leaf spot,0.151943176984787
datasets/plantvillage/data_distribution_for_SVM/test/28/d72c1053-e43a-40e5-8a2e-ba4a49c3268a.JPG,tomato bacterial leaf spot,corn gray leaf spot,0.07582570612430573
datasets/plantvillage/data_distribution_for_SVM/test/25/34361f6d-3334-447b-a258-0b91ebe7d92c.JPG,squash powdery mildew,squash powdery mildew,0.08807691186666489
datasets/plantvillage/data_distribution_for_SVM/test/20/92408ea8-09d8-4421-91b1-3267a900397a.JPG,potato early blight,potato early blight,0.07825768738985062
datasets/plantvillage/data_distribution_for_SVM/test/0/99930800-9898-417f-9ddf-c48357f35671.JPG,apple scab,potato early blight,0.07312679290771484
datasets/plantvillage/data_distribution_for_SVM/test/1/b1a5fc10-a407-471c-a246-f398c78c261a.JPG,apple black rot,apple black rot,0.09814069420099258
datasets/plantvillage/data_distribution_for_SVM/test/29/378b5ba0-e06a-4eb6-907a-1cd5132a607f.JPG,tomato early blight,potato late blight,0.07554606348276138
datasets/plantvillage/data_distribution_for_SVM/test/25/de490238-8aa1-40b7-b120-be18daca1cf3.JPG,squash powdery mildew,squash powdery mildew,0.10256309062242508
datasets/plantvillage/data_distribution_for_SVM/test/30/35b1468f-9efd-4266-9500-6a4e7f863a50.JPG,tomato late blight,potato early blight,0.07436423003673553
datasets/plantvillage/data_distribution_for_SVM/test/9/a535d68c-f2d4-40db-a7a3-92717ae2ba8e.JPG,corn northern leaf blight,corn gray leaf spot,0.11984759569168091
datasets/plantvillage/data_distribution_for_SVM/test/8/3dfb1da0-b02f-4005-a438-05361c281adf.JPG,corn rust,corn gray leaf spot,0.07240775227546692
datasets/plantvillage/data_distribution_for_SVM/test/2/fb308807-ecea-44c2-a2ad-7ce1d3e334e6.JPG,apple rust,corn gray leaf spot,0.07177570462226868
datasets/plantvillage/data_distribution_for_SVM/test/26/fa5444df-0845-40df-ab37-0f2aa6e82546.JPG,strawberry leaf scorch,strawberry leaf scorch,0.09220780432224274
datasets/plantvillage/data_distribution_for_SVM/test/21/ad6ccc17-5b94-4f8b-9699-22fdfce6682c.JPG,potato late blight,apple black rot,0.07510077953338623
datasets/plantvillage/data_distribution_for_SVM/test/30/ff54b1c0-05d8-4f70-b180-21f26b07cc2f.JPG,tomato late blight,tomato bacterial leaf spot,0.07269053906202316
datasets/plantvillage/data_distribution_for_SVM/test/29/c4912c6e-264b-441c-91a4-1f6c29d60c22.JPG,tomato early blight,strawberry leaf scorch,0.07728137820959091
datasets/plantvillage/data_distribution_for_SVM/test/25/cba16e99-200d-438e-b51b-c7cc38aea3ed.JPG,squash powdery mildew,grape black rot,0.0724341869354248
datasets/plantvillage/data_distribution_for_SVM/test/28/1d554664-beac-4903-a06c-f944a5fe5480.JPG,tomato bacterial leaf spot,corn gray leaf spot,0.07361266762018204
datasets/plantvillage/data_distribution_for_SVM/test/7/60b3e559-9199-4c84-bdf5-6234e0c5f102.JPG,corn gray leaf spot,corn gray leaf spot,0.1388280689716339
datasets/plantvillage/data_distribution_for_SVM/test/7/6d9619cf-b254-443f-a0cd-eb827b1b4c2a.JPG,corn gray leaf spot,corn gray leaf spot,0.1498587727546692
datasets/plantvillage/data_distribution_for_SVM/test/28/0437183f-44ee-48aa-948a-d5b0bdf9b1fd.JPG,tomato bacterial leaf spot,strawberry leaf scorch,0.07376319169998169
datasets/plantvillage/data_distribution_for_SVM/test/30/19733d7c-8500-44c8-86fc-8140b2247e6c.JPG,tomato late blight,apple black rot,0.07332832366228104
datasets/plantvillage/data_distribution_for_SVM/test/30/2d4130f0-0a30-4f2a-b4e8-62f814da4b83.JPG,tomato late blight,potato early blight,0.07183824479579926
datasets/plantvillage/data_distribution_for_SVM/test/20/c273a7c5-97ac-45c2-b952-3e92f29843dd.JPG,potato early blight,potato early blight,0.07347642630338669
datasets/plantvillage/data_distribution_for_SVM/test/20/ef25117d-df85-4553-ba65-a42df91021a3.JPG,potato early blight,apple scab,0.09132795035839081
datasets/plantvillage/data_distribution_for_SVM/test/2/a0501bc7-76b6-4e6e-a788-4d750f08d0cc.JPG,apple rust,apple rust,0.07591766119003296
datasets/plantvillage/data_distribution_for_SVM/test/30/9470fd2e-8f37-4266-bc30-deb66c8d5085.JPG,tomato late blight,potato late blight,0.07470040768384933
datasets/plantvillage/data_distribution_for_SVM/test/21/d26df278-c741-4d05-9749-8e0cd4f225fa.JPG,potato late blight,potato early blight,0.07269886136054993
datasets/plantvillage/data_distribution_for_SVM/test/9/d1aa322a-8fc9-4a1b-83c9-d38ddbe54b9f.JPG,corn northern leaf blight,corn gray leaf spot,0.16629576683044434
datasets/plantvillage/data_distribution_for_SVM/test/8/c6ba409c-29cb-4ba8-baab-2fbb148954d2.JPG,corn rust,corn gray leaf spot,0.07445328682661057
datasets/plantvillage/data_distribution_for_SVM/test/28/42c45ffb-a9d0-435e-9953-77a962524ab2.JPG,tomato bacterial leaf spot,potato late blight,0.07504624873399734
datasets/plantvillage/data_distribution_for_SVM/test/9/b3fb3803-a971-4b01-81cc-d59c7842826c.JPG,corn northern leaf blight,corn gray leaf spot,0.1081213504076004
datasets/plantvillage/data_distribution_for_SVM/test/0/92e318a8-2db9-47fb-a486-143711545821.JPG,apple scab,apple black rot,0.10369184613227844
datasets/plantvillage/data_distribution_for_SVM/test/9/9f5c9183-770d-4b61-ac16-0ce29e3f1414.JPG,corn northern leaf blight,corn gray leaf spot,0.0900173932313919
datasets/plantvillage/data_distribution_for_SVM/test/25/549249bd-e1e8-4e79-8c69-52c98601df98.JPG,squash powdery mildew,squash powdery mildew,0.07695843279361725
datasets/plantvillage/data_distribution_for_SVM/test/25/8972d8a1-3b98-4494-a973-3c44110fe604.JPG,squash powdery mildew,squash powdery mildew,0.07404214888811111
datasets/plantvillage/data_distribution_for_SVM/test/25/2268cda9-98e0-443f-985e-2a6b1a7c5bb5.JPG,squash powdery mildew,squash powdery mildew,0.0755397379398346
datasets/plantvillage/data_distribution_for_SVM/test/26/b6c89edc-55e3-460e-8c7a-754bf7477378.JPG,strawberry leaf scorch,strawberry leaf scorch,0.08846578001976013
datasets/plantvillage/data_distribution_for_SVM/test/25/3884bcb6-a8de-47ce-b892-3743782b0d0d.JPG,squash powdery mildew,corn gray leaf spot,0.07261745631694794
datasets/plantvillage/data_distribution_for_SVM/test/1/b2c5a125-97a4-414d-abaa-9e1afa7c608f.JPG,apple black rot,apple black rot,0.09106617420911789
datasets/plantvillage/data_distribution_for_SVM/test/21/f3704323-4b31-430e-a659-0577da5f685e.JPG,potato late blight,potato early blight,0.0746343731880188
datasets/plantvillage/data_distribution_for_SVM/test/8/3a63784c-d121-4d52-a753-df99fa1e60a5.JPG,corn rust,corn gray leaf spot,0.07812915742397308
datasets/plantvillage/data_distribution_for_SVM/test/11/aa98182a-eaa3-45b4-8a13-b68eb6c2e46e.JPG,grape black rot,strawberry leaf scorch,0.07796327024698257
datasets/plantvillage/data_distribution_for_SVM/test/29/fad60fb5-0086-4f78-bb51-a018f543a317.JPG,tomato early blight,tomato late blight,0.07246051728725433
datasets/plantvillage/data_distribution_for_SVM/test/20/41e92c6b-7a2e-4cde-b95d-d6ab5ea46bc7.JPG,potato early blight,potato late blight,0.07231134921312332
datasets/plantvillage/data_distribution_for_SVM/test/7/adabce17-4255-4799-b0e1-968ae42a62b0.JPG,corn gray leaf spot,corn gray leaf spot,0.16867920756340027
datasets/plantvillage/data_distribution_for_SVM/test/28/846f724b-7ec7-4548-96f1-31595e4569b9.JPG,tomato bacterial leaf spot,apple black rot,0.07339642941951752
datasets/plantvillage/data_distribution_for_SVM/test/25/b63f175f-1420-4edb-94f7-9073ce70e287.JPG,squash powdery mildew,squash powdery mildew,0.07991699874401093
datasets/plantvillage/data_distribution_for_SVM/test/9/d70137a3-d43a-46c4-8ea4-47938aafe1f8.JPG,corn northern leaf blight,corn gray leaf spot,0.0911656990647316
datasets/plantvillage/data_distribution_for_SVM/test/20/16386229-f951-495c-b77b-7d20a56fb03a.JPG,potato early blight,potato early blight,0.08197785913944244
datasets/plantvillage/data_distribution_for_SVM/test/25/f0211fc5-8497-4ab7-9938-527ebf376474.JPG,squash powdery mildew,squash powdery mildew,0.07674887031316757
datasets/plantvillage/data_distribution_for_SVM/test/30/db2ec0c0-19a7-4b9e-ae6e-4cdb760af060.JPG,tomato late blight,tomato late blight,0.0747908502817154
datasets/plantvillage/data_distribution_for_SVM/test/30/54f270c3-0fbf-4a9a-b484-c64d098aaa59.JPG,tomato late blight,tomato late blight,0.07299278676509857
datasets/plantvillage/data_distribution_for_SVM/test/26/0968ce83-9fa3-4e9e-8df0-e78f0ef2ce50.JPG,strawberry leaf scorch,strawberry leaf scorch,0.08461908996105194
datasets/plantvillage/data_distribution_for_SVM/test/11/ef033113-068a-4d01-8905-f74e72525156.JPG,grape black rot,strawberry leaf scorch,0.0735202208161354
datasets/plantvillage/data_distribution_for_SVM/test/21/180be315-aff4-459a-ab9b-2a6b2f5294ee.JPG,potato late blight,apple black rot,0.08396174013614655
datasets/plantvillage/data_distribution_for_SVM/test/11/141bf404-dd9f-4b21-b006-191ebe75347f.JPG,grape black rot,grape black rot,0.07613352686166763
datasets/plantvillage/data_distribution_for_SVM/test/8/32b5c0a8-3c11-44fd-bcee-4c880be1fb6b.JPG,corn rust,corn gray leaf spot,0.1394365280866623
datasets/plantvillage/data_distribution_for_SVM/test/8/b41cb0b3-d78f-421f-94cc-8bb1927d9a7d.JPG,corn rust,corn gray leaf spot,0.1023634523153305
datasets/plantvillage/data_distribution_for_SVM/test/30/35f42045-9b1c-4267-8965-ee17f209f956.JPG,tomato late blight,potato early blight,0.0732225701212883
datasets/plantvillage/data_distribution_for_SVM/test/25/57eff3dd-b80d-42f5-9226-4bde2beeb655.JPG,squash powdery mildew,squash powdery mildew,0.10409116744995117
datasets/plantvillage/data_distribution_for_SVM/test/28/7970898b-b792-459a-88e4-979b760876a5.JPG,tomato bacterial leaf spot,apple black rot,0.07256501168012619
datasets/plantvillage/data_distribution_for_SVM/test/21/cfc2222b-598f-49dc-bad8-118ea125b1b8.JPG,potato late blight,apple black rot,0.07486377656459808
datasets/plantvillage/data_distribution_for_SVM/test/9/c633c533-f634-400d-92f4-8e9e3667e566.JPG,corn northern leaf blight,corn gray leaf spot,0.08779630810022354
datasets/plantvillage/data_distribution_for_SVM/test/0/970245e5-699c-4cc1-8cc8-bf190143302d.JPG,apple scab,apple black rot,0.07442031055688858
datasets/plantvillage/data_distribution_for_SVM/test/29/2ea7e2b4-9e5b-4b36-917c-6cbfd0c6cba7.JPG,tomato early blight,potato early blight,0.08379971981048584
datasets/plantvillage/data_distribution_for_SVM/test/28/f3b5eafe-4776-4aaa-8034-bfade68af1a2.JPG,tomato bacterial leaf spot,apple black rot,0.07410986721515656
datasets/plantvillage/data_distribution_for_SVM/test/9/28f72e2e-2f8a-44ba-abeb-44795304703d.JPG,corn northern leaf blight,corn gray leaf spot,0.10794765502214432
datasets/plantvillage/data_distribution_for_SVM/test/20/f6259fe6-5e01-4b36-a181-d8a85616b651.JPG,potato early blight,potato early blight,0.0766778290271759
datasets/plantvillage/data_distribution_for_SVM/test/28/3562b304-7c43-447a-9317-a4af452a054e.JPG,tomato bacterial leaf spot,potato early blight,0.07269267737865448
datasets/plantvillage/data_distribution_for_SVM/test/28/4dc3076a-98c4-4c9b-b35f-df7a7214b498.JPG,tomato bacterial leaf spot,potato late blight,0.07324004173278809
datasets/plantvillage/data_distribution_for_SVM/test/25/6125b89d-b552-4af7-ac05-bc84cbf5c5ba.JPG,squash powdery mildew,squash powdery mildew,0.08795740455389023
datasets/plantvillage/data_distribution_for_SVM/test/2/ff63abc0-6d14-459d-96ba-68e093495b4a.JPG,apple rust,apple black rot,0.074242003262043
datasets/plantvillage/data_distribution_for_SVM/test/28/99e84a0e-55e3-4a2e-ab8d-c2a9b4b4e513.JPG,tomato bacterial leaf spot,strawberry leaf scorch,0.07258488237857819
datasets/plantvillage/data_distribution_for_SVM/test/9/461aca7d-bc39-4b7c-8f48-df55108a4878.JPG,corn northern leaf blight,corn gray leaf spot,0.09855329245328903
datasets/plantvillage/data_distribution_for_SVM/test/8/7aad286c-7a14-4198-89fe-e3d8b957ce89.JPG,corn rust,corn gray leaf spot,0.1345236897468567
datasets/plantvillage/data_distribution_for_SVM/test/29/6408ede7-804e-448d-9570-50a2cf50587f.JPG,tomato early blight,potato early blight,0.07417818903923035
datasets/plantvillage/data_distribution_for_SVM/test/28/de8b1890-aa71-43f9-8d3a-592791394f9d.JPG,tomato bacterial leaf spot,potato late blight,0.0731692910194397
datasets/plantvillage/data_distribution_for_SVM/test/8/14bc433e-6fbc-42bf-b227-89df35f7d904.JPG,corn rust,corn gray leaf spot,0.07635008543729782
datasets/plantvillage/data_distribution_for_SVM/test/30/4a2f0f98-7c7f-4afa-9713-e0cc23f702e1.JPG,tomato late blight,potato late blight,0.0749988779425621
datasets/plantvillage/data_distribution_for_SVM/test/28/4f3f72d6-3e03-409a-be47-db1acfe4452c.JPG,tomato bacterial leaf spot,strawberry leaf scorch,0.07556050270795822
datasets/plantvillage/data_distribution_for_SVM/test/20/58f77dd7-4ee9-4ffa-98dd-21fab6d47ec9.JPG,potato early blight,potato early blight,0.07509661465883255
datasets/plantvillage/data_distribution_for_SVM/test/25/2064dffe-7e48-4a4e-bcdc-3fde34f5a6cf.JPG,squash powdery mildew,squash powdery mildew,0.07645130902528763
datasets/plantvillage/data_distribution_for_SVM/test/1/c7811cfe-79ea-4d1c-8f03-3d5b0058baa7.JPG,apple black rot,apple black rot,0.09604962170124054
datasets/plantvillage/data_distribution_for_SVM/test/11/26bdc617-977a-49b9-afd8-e75549bfb8e7.JPG,grape black rot,grape black rot,0.07434920221567154
datasets/plantvillage/data_distribution_for_SVM/test/20/f4373dcf-0876-417b-8b36-795ac8f67f22.JPG,potato early blight,potato early blight,0.08448570221662521
datasets/plantvillage/data_distribution_for_SVM/test/1/c115bf59-f206-421d-bce4-36750b63c9dd.JPG,apple black rot,apple black rot,0.09571090340614319
datasets/plantvillage/data_distribution_for_SVM/test/29/e1d3f2e6-43a8-48c8-a64c-5250f7465ffa.JPG,tomato early blight,tomato late blight,0.07200531661510468
datasets/plantvillage/data_distribution_for_SVM/test/20/92215832-f71c-4e8e-8096-25bbcf0784d1.JPG,potato early blight,apple scab,0.0768074095249176
datasets/plantvillage/data_distribution_for_SVM/test/25/e2c92b04-5465-4116-8d5a-569724fab305.JPG,squash powdery mildew,squash powdery mildew,0.07623244822025299
datasets/plantvillage/data_distribution_for_SVM/test/7/89655880-7cdb-484a-95ed-9c34b7d4d0e7.JPG,corn gray leaf spot,corn gray leaf spot,0.07881894707679749
datasets/plantvillage/data_distribution_for_SVM/test/21/77f77bd0-e83d-4b7a-805e-c84ba86c9bcd.JPG,potato late blight,apple black rot,0.07199814170598984
datasets/plantvillage/data_distribution_for_SVM/test/21/7873d8f5-3161-4b50-8171-0692e1b8b946.JPG,potato late blight,potato late blight,0.07963167130947113
datasets/plantvillage/data_distribution_for_SVM/test/7/9c221b21-e196-47f1-b1e3-7179cebbcc1e.JPG,corn gray leaf spot,corn gray leaf spot,0.0967528223991394
datasets/plantvillage/data_distribution_for_SVM/test/28/47c394d8-b213-4d99-9d2b-dd1dbdba31e7.JPG,tomato bacterial leaf spot,strawberry leaf scorch,0.07336219400167465
datasets/plantvillage/data_distribution_for_SVM/test/28/3cb18b57-37fa-4420-8cf6-4e6bb1e8b411.JPG,tomato bacterial leaf spot,apple black rot,0.07534974813461304
datasets/plantvillage/data_distribution_for_SVM/test/30/3a707cac-880b-4b58-92a2-2bfbd5709335.JPG,tomato late blight,potato early blight,0.08310053497552872
datasets/plantvillage/data_distribution_for_SVM/test/0/025bed10-5058-4355-a2a7-b7951b9e3430.JPG,apple scab,apple rust,0.07404614239931107
datasets/plantvillage/data_distribution_for_SVM/test/29/c2d004e8-53c9-470d-803f-3a89e1be0ef1.JPG,tomato early blight,potato early blight,0.07257682085037231
datasets/plantvillage/data_distribution_for_SVM/test/8/1df5aead-5744-4d83-84fc-8bbe8e90c083.JPG,corn rust,corn gray leaf spot,0.12659944593906403
datasets/plantvillage/data_distribution_for_SVM/test/0/3f5847dd-40fb-40ac-99bd-a40a43e216b9.JPG,apple scab,strawberry leaf scorch,0.07293622940778732
datasets/plantvillage/data_distribution_for_SVM/test/30/77da208f-ba18-42a8-ba68-9288d73f9e06.JPG,tomato late blight,apple black rot,0.07520288228988647
datasets/plantvillage/data_distribution_for_SVM/test/9/63a4227c-c065-493e-a06c-f018c9de84ae.JPG,corn northern leaf blight,corn gray leaf spot,0.11464913934469223
datasets/plantvillage/data_distribution_for_SVM/test/29/6c83753a-6a61-41b3-a0c8-eb16b9975d39.JPG,tomato early blight,grape black rot,0.0769706517457962
datasets/plantvillage/data_distribution_for_SVM/test/26/1f90dddd-0e93-4183-9dae-478bfde58fbb.JPG,strawberry leaf scorch,strawberry leaf scorch,0.14583736658096313
datasets/plantvillage/data_distribution_for_SVM/test/20/9475d42f-ae84-4399-875c-40598b00097c.JPG,potato early blight,strawberry leaf scorch,0.07259320467710495
datasets/plantvillage/data_distribution_for_SVM/test/21/9bce25b6-82cf-471f-b35c-fc3ee22dddbb.JPG,potato late blight,apple black rot,0.08143338561058044
datasets/plantvillage/data_distribution_for_SVM/test/28/3e6ed897-8493-4e8a-be90-8eeebaa47e76.JPG,tomato bacterial leaf spot,apple black rot,0.07227383553981781
datasets/plantvillage/data_distribution_for_SVM/test/28/0579738a-8a3f-4d52-ac65-23e62a63238c.JPG,tomato bacterial leaf spot,apple black rot,0.07456477731466293
datasets/plantvillage/data_distribution_for_SVM/test/1/91e1791a-8d63-401b-af80-8e4ea754f2f5.JPG,apple black rot,apple black rot,0.08413065969944
datasets/plantvillage/data_distribution_for_SVM/test/29/c19302f3-ce8d-4588-8d41-bc45071b73ab.JPG,tomato early blight,tomato late blight,0.0724666565656662
datasets/plantvillage/data_distribution_for_SVM/test/20/d9b925f4-f6b1-47fb-90f8-32d6cf772aa3.JPG,potato early blight,apple scab,0.07369635999202728
datasets/plantvillage/data_distribution_for_SVM/test/8/d50cd38b-7a33-4cfa-ad53-8edc4181b0f0.JPG,corn rust,corn gray leaf spot,0.09743400663137436
datasets/plantvillage/data_distribution_for_SVM/test/28/f77265f8-190d-4e33-8216-84124bfb8dd7.JPG,tomato bacterial leaf spot,potato early blight,0.07586611807346344
datasets/plantvillage/data_distribution_for_SVM/test/20/63155e53-3591-47f6-9316-4d88b6b9ccbd.JPG,potato early blight,potato early blight,0.0745091512799263
datasets/plantvillage/data_distribution_for_SVM/test/30/455f94c7-8f82-4c6e-8af5-5d5d1c9f3661.JPG,tomato late blight,potato late blight,0.07593681663274765
datasets/plantvillage/data_distribution_for_SVM/test/8/6495424e-2904-4faf-938f-0dbaa33ce84e.JPG,corn rust,corn gray leaf spot,0.09508486092090607
datasets/plantvillage/data_distribution_for_SVM/test/11/e8d13e83-17f2-4ad8-96af-ec42baa6fa61.JPG,grape black rot,grape black rot,0.08076930046081543
datasets/plantvillage/data_distribution_for_SVM/test/30/05efa7f4-610d-45ce-9187-95477d4fb10e.JPG,tomato late blight,apple black rot,0.08145160973072052
datasets/plantvillage/data_distribution_for_SVM/test/26/c67b9778-2c0b-4b30-8e30-107b0b3a69d4.JPG,strawberry leaf scorch,strawberry leaf scorch,0.132256418466568
datasets/plantvillage/data_distribution_for_SVM/test/30/8c48766d-3c3e-4d2d-9cd2-2737edb130ac.JPG,tomato late blight,potato early blight,0.07227228581905365
datasets/plantvillage/data_distribution_for_SVM/test/30/f568f21b-80c4-4fd3-a8fe-6dbd2b41a9ea.JPG,tomato late blight,tomato late blight,0.07879903167486191
datasets/plantvillage/data_distribution_for_SVM/test/28/c9b89e6c-1324-4712-bd29-3c07fac2b357.JPG,tomato bacterial leaf spot,potato early blight,0.0741073489189148
datasets/plantvillage/data_distribution_for_SVM/test/7/fba2bd4a-7804-4048-81ac-deb9e1a1ddae.JPG,corn gray leaf spot,corn gray leaf spot,0.15285730361938477
datasets/plantvillage/data_distribution_for_SVM/test/28/9e947d2c-0303-4484-bd98-9a8ad78db358.JPG,tomato bacterial leaf spot,apple black rot,0.07530896365642548
datasets/plantvillage/data_distribution_for_SVM/test/26/561c7139-131d-4812-8d97-ab7825ad6481.JPG,strawberry leaf scorch,strawberry leaf scorch,0.09930534660816193
datasets/plantvillage/data_distribution_for_SVM/test/21/ced38144-ff82-4403-b034-3be5a5066f3a.JPG,potato late blight,potato late blight,0.07379116863012314
datasets/plantvillage/data_distribution_for_SVM/test/29/58020acd-e0ff-4e80-b0a3-9f4ca53ebe61.JPG,tomato early blight,potato late blight,0.07256128638982773
datasets/plantvillage/data_distribution_for_SVM/test/30/ada76bb3-aada-48fa-8538-f41d10d38dad.JPG,tomato late blight,apple black rot,0.09578921645879745
datasets/plantvillage/data_distribution_for_SVM/test/9/814ac4ef-69f8-4536-98de-988ee0a8fbc7.JPG,corn northern leaf blight,corn gray leaf spot,0.08759087324142456
datasets/plantvillage/data_distribution_for_SVM/test/11/39ccea4b-c592-43f5-b52b-414e35e72efe.JPG,grape black rot,grape black rot,0.07924405485391617
datasets/plantvillage/data_distribution_for_SVM/test/25/aef67a04-c2cc-4203-82fd-428f75a6324c.JPG,squash powdery mildew,squash powdery mildew,0.08151825517416
datasets/plantvillage/data_distribution_for_SVM/test/29/24632b6e-17c1-4067-9621-37042432c9c3.JPG,tomato early blight,strawberry leaf scorch,0.07297942042350769
datasets/plantvillage/data_distribution_for_SVM/test/25/e129a968-1d92-4f40-8bd8-c9b696377b03.JPG,squash powdery mildew,squash powdery mildew,0.07496651262044907
datasets/plantvillage/data_distribution_for_SVM/test/1/c1ddb2be-e623-4d06-9f11-25357b5bb124.JPG,apple black rot,apple black rot,0.12452256679534912
datasets/plantvillage/data_distribution_for_SVM/test/25/603cfd2e-ab62-44ac-9ed1-3e8df1ce0447.JPG,squash powdery mildew,apple black rot,0.0744490697979927
datasets/plantvillage/data_distribution_for_SVM/test/26/5aa77099-27d2-400d-9f9d-89a147604abe.JPG,strawberry leaf scorch,strawberry leaf scorch,0.10220995545387268
datasets/plantvillage/data_distribution_for_SVM/test/25/6b8dfb1a-cff5-4337-9168-011d6b0edd54.JPG,squash powdery mildew,squash powdery mildew,0.07419038563966751
datasets/plantvillage/data_distribution_for_SVM/test/28/c56a6060-7ceb-4cbb-b5b1-3ff33c9712af.JPG,tomato bacterial leaf spot,strawberry leaf scorch,0.07546672970056534
datasets/plantvillage/data_distribution_for_SVM/test/11/27efe8e3-4d72-4fbf-bf7a-c0bcd7325d6e.JPG,grape black rot,grape black rot,0.08009739220142365
datasets/plantvillage/data_distribution_for_SVM/test/8/b6d83c94-dd59-4d2a-9cc0-4bd23f4b0045.JPG,corn rust,corn gray leaf spot,0.14079833030700684
datasets/plantvillage/data_distribution_for_SVM/test/30/c7c8f45a-669a-4551-8079-e845354e7b63.JPG,tomato late blight,tomato late blight,0.0759398564696312
datasets/plantvillage/data_distribution_for_SVM/test/29/e02eb358-59c3-4a21-8636-05c84947b168.JPG,tomato early blight,potato early blight,0.07237608730792999
datasets/plantvillage/data_distribution_for_SVM/test/20/a32f3635-cebd-426c-8d07-ff2ad60cf037.JPG,potato early blight,potato early blight,0.0731547474861145
datasets/plantvillage/data_distribution_for_SVM/test/30/83f65903-e685-4298-ab47-9619a6d2a491.JPG,tomato late blight,tomato late blight,0.07765227556228638
datasets/plantvillage/data_distribution_for_SVM/test/28/e9260358-27ac-4606-a351-dac9a73c6c1d.JPG,tomato bacterial leaf spot,apple black rot,0.07578439265489578
datasets/plantvillage/data_distribution_for_SVM/test/28/fe568f2c-799f-4c42-bf3d-1e60fbee4037.JPG,tomato bacterial leaf spot,corn gray leaf spot,0.0732702761888504
datasets/plantvillage/data_distribution_for_SVM/test/7/4c8c5d15-2202-4e52-8422-8ab568bbd3fd.JPG,corn gray leaf spot,corn gray leaf spot,0.1457832157611847
datasets/plantvillage/data_distribution_for_SVM/test/8/c7231ed7-6771-47b2-9402-b8ee25d5c862.JPG,corn rust,corn gray leaf spot,0.12331969290971756
datasets/plantvillage/data_distribution_for_SVM/test/28/436ae1f7-1469-4a1a-a279-075d774664f1.JPG,tomato bacterial leaf spot,apple rust,0.07614754885435104
datasets/plantvillage/data_distribution_for_SVM/test/8/f0d40a9a-bdf0-4858-aea2-e266760d06c0.JPG,corn rust,potato early blight,0.07290049642324448
datasets/plantvillage/data_distribution_for_SVM/test/8/28263557-4e19-4c9e-b199-eb72493074a2.JPG,corn rust,corn rust,0.08877310156822205
datasets/plantvillage/data_distribution_for_SVM/test/8/fa99e87e-dc6b-4469-891c-3649b51265bc.JPG,corn rust,corn gray leaf spot,0.1292271465063095
datasets/plantvillage/data_distribution_for_SVM/test/29/ea5d8470-a0f9-4c28-9bcb-2d967dd97a2e.JPG,tomato early blight,potato early blight,0.07380443811416626
datasets/plantvillage/data_distribution_for_SVM/test/20/fad40ce0-f389-49cc-bd15-6577fa800867.JPG,potato early blight,apple black rot,0.07516810297966003
datasets/plantvillage/data_distribution_for_SVM/test/29/a3606423-65bd-4b14-ad24-973ad8cce56f.JPG,tomato early blight,tomato late blight,0.07457634806632996
datasets/plantvillage/data_distribution_for_SVM/test/30/c21fda0e-b274-4d1f-bc03-ac5648b12b74.JPG,tomato late blight,apple rust,0.07400389760732651
datasets/plantvillage/data_distribution_for_SVM/test/30/eabc5059-8277-4ff7-a8d5-b8135776f867.JPG,tomato late blight,strawberry leaf scorch,0.07927894592285156
datasets/plantvillage/data_distribution_for_SVM/test/26/002f6bec-49b8-427b-aa66-491634295e3f.JPG,strawberry leaf scorch,strawberry leaf scorch,0.10549011081457138
datasets/plantvillage/data_distribution_for_SVM/test/25/876f009b-c0e0-4475-b7a7-4fa1f1110296.JPG,squash powdery mildew,squash powdery mildew,0.07582353055477142
datasets/plantvillage/data_distribution_for_SVM/test/26/aedcbce9-aace-494a-a3f2-f102747ae2b0.JPG,strawberry leaf scorch,strawberry leaf scorch,0.1604546159505844
datasets/plantvillage/data_distribution_for_SVM/test/9/6705f423-ca8b-4564-850c-dba74b2f2cf7.JPG,corn northern leaf blight,corn gray leaf spot,0.12678544223308563
datasets/plantvillage/data_distribution_for_SVM/test/8/bfa716aa-5f8c-42df-b23f-b901fdcfc7a7.JPG,corn rust,corn gray leaf spot,0.15257011353969574
datasets/plantvillage/data_distribution_for_SVM/test/9/21e0b4e3-987b-45d0-9c8c-b91abe456da8.JPG,corn northern leaf blight,corn gray leaf spot,0.11241983622312546
datasets/plantvillage/data_distribution_for_SVM/test/28/3871fd8a-2347-47f9-85b5-4247c596e388.JPG,tomato bacterial leaf spot,potato early blight,0.07296726107597351
datasets/plantvillage/data_distribution_for_SVM/test/26/fac9dd4f-208c-4353-aab8-dd2ef1655dd1.JPG,strawberry leaf scorch,strawberry leaf scorch,0.07941540330648422
datasets/plantvillage/data_distribution_for_SVM/test/25/dc00ffe9-c7ef-4633-bb06-657747466120.JPG,squash powdery mildew,squash powdery mildew,0.074266716837883
datasets/plantvillage/data_distribution_for_SVM/test/21/9fc6b0ce-5708-461e-8f26-09f9d629f661.JPG,potato late blight,potato early blight,0.08187810331583023
datasets/plantvillage/data_distribution_for_SVM/test/21/b1fb9518-8d83-4986-bb43-ce76d9629b6f.JPG,potato late blight,apple black rot,0.0737236812710762
datasets/plantvillage/data_distribution_for_SVM/test/28/901ef090-9660-40e4-bf7d-353feae2bd72.JPG,tomato bacterial leaf spot,apple black rot,0.07837700098752975
datasets/plantvillage/data_distribution_for_SVM/test/1/469a20ba-efa8-4c23-a29f-f53eb010d8e1.JPG,apple black rot,apple black rot,0.0782279521226883
datasets/plantvillage/data_distribution_for_SVM/test/25/117c2ae8-5a95-45df-b64c-e957604e85c9.JPG,squash powdery mildew,apple black rot,0.07319819927215576
datasets/plantvillage/data_distribution_for_SVM/test/25/490f040b-50a8-400c-b224-b5a4e98ffc5e.JPG,squash powdery mildew,apple black rot,0.07383730262517929
datasets/plantvillage/data_distribution_for_SVM/test/8/73ff9b91-d711-4135-bb4c-f656833ae657.JPG,corn rust,corn gray leaf spot,0.11567820608615875
datasets/plantvillage/data_distribution_for_SVM/test/0/9ded0f7c-972a-437c-904e-33dd341075b3.JPG,apple scab,potato late blight,0.07290308177471161
datasets/plantvillage/data_distribution_for_SVM/test/28/b6a25da4-af3f-40ca-865e-2e0f5d04ba66.JPG,tomato bacterial leaf spot,potato early blight,0.07498016953468323
datasets/plantvillage/data_distribution_for_SVM/test/8/cdc1396a-825d-4550-875e-6cfcc4eff2d8.JPG,corn rust,corn gray leaf spot,0.09555841237306595
datasets/plantvillage/data_distribution_for_SVM/test/30/de6a399b-d6ed-4bb9-a134-9c0ba2aa7565.JPG,tomato late blight,tomato late blight,0.07326912134885788
datasets/plantvillage/data_distribution_for_SVM/test/25/c68d0d0c-7117-46d1-a27e-8d8015acdef2.JPG,squash powdery mildew,squash powdery mildew,0.07460564374923706
datasets/plantvillage/data_distribution_for_SVM/test/0/79d0aa7b-9733-4eeb-aec5-4459f9d4b48f.JPG,apple scab,apple black rot,0.08434192091226578
datasets/plantvillage/data_distribution_for_SVM/test/30/fd761784-57f2-43d9-9ddb-27075691fd8c.JPG,tomato late blight,potato early blight,0.07817602902650833
datasets/plantvillage/data_distribution_for_SVM/test/28/90cf1703-4bd3-4c8f-b930-edb53e8a18f6.JPG,tomato bacterial leaf spot,potato early blight,0.07178715616464615
datasets/plantvillage/data_distribution_for_SVM/test/9/e257d119-2d96-4323-8fef-e2d3ebe61272.JPG,corn northern leaf blight,corn gray leaf spot,0.12427272647619247
datasets/plantvillage/data_distribution_for_SVM/test/1/b49079da-cccb-4eff-bc2b-a92992078b9c.JPG,apple black rot,apple black rot,0.10875517129898071
datasets/plantvillage/data_distribution_for_SVM/test/20/29414205-050f-40dd-b426-d7a450fcef67.JPG,potato early blight,apple black rot,0.07403375953435898
datasets/plantvillage/data_distribution_for_SVM/test/20/ea5edc77-d59f-4eb8-9142-9501664fe450.JPG,potato early blight,strawberry leaf scorch,0.07454631477594376
datasets/plantvillage/data_distribution_for_SVM/test/30/2c871fd5-27c2-4b6c-a806-238908c2ca92.JPG,tomato late blight,potato late blight,0.07702281326055527
datasets/plantvillage/data_distribution_for_SVM/test/9/86afd264-d687-4c1c-a827-c2cf7989cb8d.JPG,corn northern leaf blight,corn gray leaf spot,0.12281935662031174
datasets/plantvillage/data_distribution_for_SVM/test/9/0f2e1924-8f19-4eb9-947b-47898cb31541.JPG,corn northern leaf blight,corn gray leaf spot,0.10118598490953445
datasets/plantvillage/data_distribution_for_SVM/test/28/4206b56f-3613-4ba2-8acb-faf4c1f267af.JPG,tomato bacterial leaf spot,strawberry leaf scorch,0.07557927817106247
datasets/plantvillage/data_distribution_for_SVM/test/8/8b4f8c55-38ed-4ec3-8e7a-7b3de6d3e0c4.JPG,corn rust,corn gray leaf spot,0.12560325860977173
datasets/plantvillage/data_distribution_for_SVM/test/30/a4f464c5-b140-47f1-8e4f-d7d26e13dbce.JPG,tomato late blight,potato late blight,0.07688793540000916
datasets/plantvillage/data_distribution_for_SVM/test/25/c3a8fa0a-f411-4e39-b306-670f672e340c.JPG,squash powdery mildew,squash powdery mildew,0.07628864049911499
datasets/plantvillage/data_distribution_for_SVM/test/11/33fbb547-016f-4db8-b52e-624e57855462.JPG,grape black rot,grape black rot,0.07333949953317642
datasets/plantvillage/data_distribution_for_SVM/test/20/c68ed402-afb7-49f0-b2bb-66abe2e588c3.JPG,potato early blight,potato early blight,0.07350953668355942
datasets/plantvillage/data_distribution_for_SVM/test/7/825425d1-9a86-4c2a-839a-c30f3eff6b82.JPG,corn gray leaf spot,corn rust,0.11314559727907181
datasets/plantvillage/data_distribution_for_SVM/test/25/396d4454-00e6-4b52-8e45-b6e996d814ea.JPG,squash powdery mildew,squash powdery mildew,0.08016335964202881
datasets/plantvillage/data_distribution_for_SVM/test/11/e6ec05f2-f2a1-452e-a34d-853ae805e41b.JPG,grape black rot,grape black rot,0.08293791115283966
datasets/plantvillage/data_distribution_for_SVM/test/20/396222bf-bd77-41c3-a29d-f2b3ca751044.JPG,potato early blight,potato early blight,0.09064984321594238
datasets/plantvillage/data_distribution_for_SVM/test/21/7c29fbc1-5d64-45c8-91b0-b00249c4098a.JPG,potato late blight,potato late blight,0.08371809124946594
datasets/plantvillage/data_distribution_for_SVM/test/8/d3cb6085-7a75-4c12-8c11-97ddecd9948e.JPG,corn rust,corn gray leaf spot,0.07222328335046768
datasets/plantvillage/data_distribution_for_SVM/test/28/ff8118b6-e1c3-44ad-bc1f-c2501097b187.JPG,tomato bacterial leaf spot,potato early blight,0.07318341732025146
datasets/plantvillage/data_distribution_for_SVM/test/25/2dd2fa40-3471-40bc-a7f4-bc1656c33952.JPG,squash powdery mildew,apple black rot,0.07513575255870819
datasets/plantvillage/data_distribution_for_SVM/test/25/5f0c683a-a042-413e-b1e1-8006d1ffebae.JPG,squash powdery mildew,potato late blight,0.07360269129276276
datasets/plantvillage/data_distribution_for_SVM/test/25/1b8a2cb2-de45-4ee6-9a69-fcd0e33d7e91.JPG,squash powdery mildew,squash powdery mildew,0.07398422807455063
datasets/plantvillage/data_distribution_for_SVM/test/11/718253f6-1c57-4c15-85a1-a43cd9831038.JPG,grape black rot,grape black rot,0.08037407696247101
datasets/plantvillage/data_distribution_for_SVM/test/28/784681f7-d48a-4265-aa53-be522e59b01c.JPG,tomato bacterial leaf spot,potato early blight,0.07386601716279984
datasets/plantvillage/data_distribution_for_SVM/test/7/86fff187-b8f3-4700-843d-5b967e30f4d2.JPG,corn gray leaf spot,corn gray leaf spot,0.1586541086435318
datasets/plantvillage/data_distribution_for_SVM/test/2/3e8f6fba-2de5-447a-8996-1cf3a18f72dd.JPG,apple rust,apple rust,0.07432117313146591
datasets/plantvillage/data_distribution_for_SVM/test/21/bbe25148-7719-44c2-b65f-7dd0735f8b74.JPG,potato late blight,potato early blight,0.0749875083565712
datasets/plantvillage/data_distribution_for_SVM/test/25/fc2d0e64-6e7f-4f95-b499-68d3cacf478c.JPG,squash powdery mildew,squash powdery mildew,0.07478266954421997
datasets/plantvillage/data_distribution_for_SVM/test/30/6641dd2d-884b-487f-92df-734fde744c0c.JPG,tomato late blight,apple black rot,0.07416027784347534
datasets/plantvillage/data_distribution_for_SVM/test/25/79b8a943-5d2e-42f8-b639-2860bf38de1a.JPG,squash powdery mildew,corn gray leaf spot,0.07683701813220978
datasets/plantvillage/data_distribution_for_SVM/test/8/51b0c0db-8a65-43c3-9480-383939abb90e.JPG,corn rust,corn rust,0.07809408009052277
datasets/plantvillage/data_distribution_for_SVM/test/30/a3cb4794-62cc-457d-b25a-e18b4c3064e8.JPG,tomato late blight,tomato late blight,0.07230944186449051
datasets/plantvillage/data_distribution_for_SVM/test/25/45624e62-a4bf-449f-b6a2-20e87cb548ee.JPG,squash powdery mildew,squash powdery mildew,0.07261352986097336
datasets/plantvillage/data_distribution_for_SVM/test/28/dc7465d6-4d8a-4208-9105-89ae7aafd177.JPG,tomato bacterial leaf spot,potato late blight,0.07312962412834167
datasets/plantvillage/data_distribution_for_SVM/test/28/fcac5691-0413-4b7d-a9a2-8dcd56af73df.JPG,tomato bacterial leaf spot,apple black rot,0.07448538392782211
datasets/plantvillage/data_distribution_for_SVM/test/8/636505ee-425f-4fb7-9a0d-d320ff8827e9.JPG,corn rust,corn gray leaf spot,0.07765620201826096
datasets/plantvillage/data_distribution_for_SVM/test/11/d417db48-b11d-42d3-a706-78281dc7d7ec.JPG,grape black rot,grape black rot,0.07289194315671921
datasets/plantvillage/data_distribution_for_SVM/test/25/1f07d1f1-aa5b-47b5-b69f-80890b46d711.JPG,squash powdery mildew,squash powdery mildew,0.08037930727005005
datasets/plantvillage/data_distribution_for_SVM/test/30/7791ebb1-8ece-45bf-8ed4-7541e9e5804c.JPG,tomato late blight,corn gray leaf spot,0.07309094071388245
datasets/plantvillage/data_distribution_for_SVM/test/30/970010b7-e451-4ab7-9c3f-3cc2c752cbe0.JPG,tomato late blight,potato early blight,0.08977992087602615
datasets/plantvillage/data_distribution_for_SVM/test/11/617956f4-ecc8-4728-a7be-aed02afb38ea.JPG,grape black rot,grape black rot,0.07498826831579208
datasets/plantvillage/data_distribution_for_SVM/test/25/6f5530a8-996e-4718-8782-5d6d304ffd42.JPG,squash powdery mildew,squash powdery mildew,0.08147501200437546
datasets/plantvillage/data_distribution_for_SVM/test/25/472ea588-7f3d-4274-8706-d41fcb19596d.JPG,squash powdery mildew,squash powdery mildew,0.0764780342578888
datasets/plantvillage/data_distribution_for_SVM/test/2/afd246ad-0aae-47d9-ab37-05dcf4ef2a92.JPG,apple rust,apple black rot,0.0736774206161499
datasets/plantvillage/data_distribution_for_SVM/test/25/b9eb3e72-6593-46b4-a7e9-34300cb88d97.JPG,squash powdery mildew,squash powdery mildew,0.07401932775974274
datasets/plantvillage/data_distribution_for_SVM/test/25/769cbd78-04bc-4267-ab99-0e65f7d4baaa.JPG,squash powdery mildew,squash powdery mildew,0.08519081771373749
datasets/plantvillage/data_distribution_for_SVM/test/26/467e3357-f0d0-42ba-9136-95c64cef74ce.JPG,strawberry leaf scorch,strawberry leaf scorch,0.10045338422060013
datasets/plantvillage/data_distribution_for_SVM/test/25/0833cfef-0071-4aea-8d0e-188c43cfc015.JPG,squash powdery mildew,squash powdery mildew,0.07578790932893753
datasets/plantvillage/data_distribution_for_SVM/test/28/91042fef-31f0-41e3-82a1-beb947669a8d.JPG,tomato bacterial leaf spot,strawberry leaf scorch,0.07247007638216019
datasets/plantvillage/data_distribution_for_SVM/test/20/820313f5-a82a-447c-a663-a756024e2350.JPG,potato early blight,potato early blight,0.082088902592659
datasets/plantvillage/data_distribution_for_SVM/test/28/3f91c618-f71b-4f7b-bac5-22264ba28330.JPG,tomato bacterial leaf spot,apple black rot,0.07978199422359467
datasets/plantvillage/data_distribution_for_SVM/test/21/6f0b581c-0d78-4a52-b20d-f828093d6ebc.JPG,potato late blight,potato late blight,0.07391567528247833
datasets/plantvillage/data_distribution_for_SVM/test/7/c5cb0cc4-1ecc-456b-9cf3-386c806dca21.JPG,corn gray leaf spot,corn gray leaf spot,0.08582558482885361
datasets/plantvillage/data_distribution_for_SVM/test/9/100946d9-c008-4d12-96be-b968963ed7c6.JPG,corn northern leaf blight,corn gray leaf spot,0.08640473335981369
datasets/plantvillage/data_distribution_for_SVM/test/25/3222af5d-3b8b-4965-bfc0-d8942337e968.JPG,squash powdery mildew,squash powdery mildew,0.08175423741340637
datasets/plantvillage/data_distribution_for_SVM/test/11/8714aaba-12d8-4115-aaab-614c8bcb8a81.JPG,grape black rot,grape black rot,0.07748065888881683
datasets/plantvillage/data_distribution_for_SVM/test/9/130acd9b-f170-46f3-bf34-e3821ece249e.JPG,corn northern leaf blight,corn gray leaf spot,0.13704626262187958
datasets/plantvillage/data_distribution_for_SVM/test/9/b8fcece2-ff29-4d4f-9df4-ab24a2559eaf.JPG,corn northern leaf blight,corn gray leaf spot,0.10061077028512955
datasets/plantvillage/data_distribution_for_SVM/test/30/c43e13d4-9c2e-4ced-a6a6-e5a9bbfc5bac.JPG,tomato late blight,potato early blight,0.07187391072511673
datasets/plantvillage/data_distribution_for_SVM/test/1/1b822304-219c-464a-89a7-58b7e77dd69d.JPG,apple black rot,apple black rot,0.09480445086956024
datasets/plantvillage/data_distribution_for_SVM/test/7/44fe6da4-b70d-41f6-98b1-2c6d1d33b5ab.JPG,corn gray leaf spot,corn gray leaf spot,0.16369354724884033
datasets/plantvillage/data_distribution_for_SVM/test/21/244f45d8-7f01-459f-8ee1-9bd0653141e9.JPG,potato late blight,potato early blight,0.07652243971824646
datasets/plantvillage/data_distribution_for_SVM/test/11/ff555ae5-3afc-4d18-9306-6060006d3ae4.JPG,grape black rot,grape black rot,0.08179230988025665
datasets/plantvillage/data_distribution_for_SVM/test/30/5c8ae874-4339-48ed-b064-a8efa2f018fe.JPG,tomato late blight,potato late blight,0.10278613120317459
datasets/plantvillage/data_distribution_for_SVM/test/26/09eaa079-007a-41b3-856f-cda8982bef71.JPG,strawberry leaf scorch,strawberry leaf scorch,0.1238921731710434
datasets/plantvillage/data_distribution_for_SVM/test/30/8fe6feba-a2ae-4978-910d-bdd2c2748991.JPG,tomato late blight,tomato late blight,0.07235656678676605
datasets/plantvillage/data_distribution_for_SVM/test/7/e27485c6-ddf4-402f-a09e-842d2d584f39.JPG,corn gray leaf spot,corn gray leaf spot,0.15324898064136505
datasets/plantvillage/data_distribution_for_SVM/test/8/45290c3b-76f1-403b-b912-983c5bc55340.JPG,corn rust,corn gray leaf spot,0.11303483694791794
datasets/plantvillage/data_distribution_for_SVM/test/25/0ed52bee-0937-4b2a-9093-f8e0d74b1524.JPG,squash powdery mildew,squash powdery mildew,0.09900392591953278
datasets/plantvillage/data_distribution_for_SVM/test/25/468a1ab1-13fa-46ab-83db-211c71571e81.JPG,squash powdery mildew,squash powdery mildew,0.08547739684581757
datasets/plantvillage/data_distribution_for_SVM/test/30/6b3ea2e7-eb0d-4cd3-8845-8a49b550ad5c.JPG,tomato late blight,potato early blight,0.08178190141916275
datasets/plantvillage/data_distribution_for_SVM/test/1/9b896091-888b-4f99-b6c2-16f636ad478a.JPG,apple black rot,apple black rot,0.0741315484046936
datasets/plantvillage/data_distribution_for_SVM/test/11/63aed2e9-ed33-4400-9162-c4170f63614c.JPG,grape black rot,grape black rot,0.07706636935472488
datasets/plantvillage/data_distribution_for_SVM/test/28/ccb4da10-2b3b-449c-8fef-0a589bc4129b.JPG,tomato bacterial leaf spot,strawberry leaf scorch,0.07383169233798981
datasets/plantvillage/data_distribution_for_SVM/test/20/0368fdbf-3525-495b-ba04-000c3c955820.JPG,potato early blight,potato early blight,0.07273323833942413
datasets/plantvillage/data_distribution_for_SVM/test/25/373b2fb1-e666-44d5-badf-31d0e93d8feb.JPG,squash powdery mildew,squash powdery mildew,0.08523464947938919
datasets/plantvillage/data_distribution_for_SVM/test/7/32f1a31b-bdcc-48ac-b44c-1397f298044f.JPG,corn gray leaf spot,corn gray leaf spot,0.08892564475536346
datasets/plantvillage/data_distribution_for_SVM/test/20/25afa705-1b20-4725-beac-4a3525315d2d.JPG,potato early blight,potato early blight,0.07514379918575287
datasets/plantvillage/data_distribution_for_SVM/test/20/11b06187-5520-4f59-9d28-6c4b629c9e47.JPG,potato early blight,potato early blight,0.07633715867996216
datasets/plantvillage/data_distribution_for_SVM/test/25/89812da1-4684-4260-8ff3-6fb7e30d7052.JPG,squash powdery mildew,squash powdery mildew,0.078011654317379
datasets/plantvillage/data_distribution_for_SVM/test/29/762980fd-4629-4420-8cb2-3358ab562b28.JPG,tomato early blight,apple rust,0.07673514634370804
datasets/plantvillage/data_distribution_for_SVM/test/11/e8dd866a-b636-4918-a6f4-ed71246a77af.JPG,grape black rot,grape black rot,0.08249740302562714
datasets/plantvillage/data_distribution_for_SVM/test/30/feadb941-1d84-44cb-a47f-752a1ad488a1.JPG,tomato late blight,potato late blight,0.07193521410226822
datasets/plantvillage/data_distribution_for_SVM/test/11/9e3a74ee-ba61-44a8-8e6f-c53b0da32b6f.JPG,grape black rot,grape black rot,0.0778186097741127
datasets/plantvillage/data_distribution_for_SVM/test/11/c0dc6f14-7f3a-4504-b506-9a808540d73a.JPG,grape black rot,grape black rot,0.07780037820339203
datasets/plantvillage/data_distribution_for_SVM/test/9/beef4ae9-527e-49db-8ecc-8c3e3b04c8fe.JPG,corn northern leaf blight,corn gray leaf spot,0.1301780641078949
datasets/plantvillage/data_distribution_for_SVM/test/9/4425f9fc-bf87-4ba1-94d8-e79a431be434.JPG,corn northern leaf blight,corn gray leaf spot,0.12524917721748352
datasets/plantvillage/data_distribution_for_SVM/test/8/3f4e336d-45a9-4cfc-91b3-92bc6d10b222.JPG,corn rust,corn rust,0.07775784283876419
datasets/plantvillage/data_distribution_for_SVM/test/0/65bd621e-d818-4a76-8892-4d7d02ac5fc9.JPG,apple scab,apple rust,0.07290419191122055
datasets/plantvillage/data_distribution_for_SVM/test/28/f863734a-647d-4d6a-9e30-e2df47844288.JPG,tomato bacterial leaf spot,potato late blight,0.07440494745969772
datasets/plantvillage/data_distribution_for_SVM/test/28/d908104e-21fd-410d-8f92-03d879d7a3f2.JPG,tomato bacterial leaf spot,apple black rot,0.07461607456207275
datasets/plantvillage/data_distribution_for_SVM/test/30/9da5ab01-b9de-4fa8-8a59-156bbfed91f4.JPG,tomato late blight,tomato late blight,0.07563508301973343
datasets/plantvillage/data_distribution_for_SVM/test/11/6db37d7a-e725-44b1-83e1-24b1dac15c9e.JPG,grape black rot,grape black rot,0.07269347459077835
datasets/plantvillage/data_distribution_for_SVM/test/9/94672231-6325-4841-83a9-49831fc1b04c.JPG,corn northern leaf blight,corn rust,0.0902319848537445
datasets/plantvillage/data_distribution_for_SVM/test/28/4be2ec56-c37e-4e43-bc51-0dd060aaa954.JPG,tomato bacterial leaf spot,tomato bacterial leaf spot,0.07239238172769547
datasets/plantvillage/data_distribution_for_SVM/test/8/9a6ef115-518f-41d7-aaeb-e4b3cb23f19c.JPG,corn rust,corn gray leaf spot,0.0809427797794342
datasets/plantvillage/data_distribution_for_SVM/test/30/61ad590e-3ff5-4105-b901-ce86cb8ea7a3.JPG,tomato late blight,potato late blight,0.07459680736064911
datasets/plantvillage/data_distribution_for_SVM/test/30/1a6577b0-ea0a-479b-8fc0-80b65d4b0f99.JPG,tomato late blight,grape black rot,0.07327155768871307
datasets/plantvillage/data_distribution_for_SVM/test/26/5b656c1a-381b-4733-a195-30e8c9be2cd4.JPG,strawberry leaf scorch,strawberry leaf scorch,0.09274311363697052
datasets/plantvillage/data_distribution_for_SVM/test/26/4735013d-c131-45c5-9d2d-f01050ed0110.JPG,strawberry leaf scorch,strawberry leaf scorch,0.08729057013988495
datasets/plantvillage/data_distribution_for_SVM/test/2/bec685f9-dad5-4f05-a2e6-118c9d737877.JPG,apple rust,apple black rot,0.07694821804761887
datasets/plantvillage/data_distribution_for_SVM/test/11/0310d052-9328-4e6a-8a70-243c818bbc08.JPG,grape black rot,grape black rot,0.07225333154201508
datasets/plantvillage/data_distribution_for_SVM/test/25/d1034b42-6617-40ae-9567-e283c0f1202e.JPG,squash powdery mildew,squash powdery mildew,0.07425466179847717
datasets/plantvillage/data_distribution_for_SVM/test/20/0bdf0de4-0c96-4254-9ea6-aa9654ddf13f.JPG,potato early blight,potato early blight,0.07524126768112183
datasets/plantvillage/data_distribution_for_SVM/test/8/83a670e4-08c3-44b5-82dc-caef17b33204.JPG,corn rust,corn rust,0.07607218623161316
datasets/plantvillage/data_distribution_for_SVM/test/30/67f89998-26b7-4421-8685-518b1af6534a.JPG,tomato late blight,potato early blight,0.08225847780704498
datasets/plantvillage/data_distribution_for_SVM/test/30/5b2830ff-f379-4054-805b-121cc3e7588e.JPG,tomato late blight,potato late blight,0.07286160439252853
datasets/plantvillage/data_distribution_for_SVM/test/25/b05052ba-69b6-40a4-b8b3-a53a550b3aca.JPG,squash powdery mildew,squash powdery mildew,0.07485239952802658
datasets/plantvillage/data_distribution_for_SVM/test/21/4fdfb8f9-9aec-45f2-bcfa-f05de6ecb7de.JPG,potato late blight,potato early blight,0.07830744981765747
datasets/plantvillage/data_distribution_for_SVM/test/28/7ed95205-85da-40ca-9373-08b94b8b092d.JPG,tomato bacterial leaf spot,potato early blight,0.07667078077793121
datasets/plantvillage/data_distribution_for_SVM/test/29/d88f2de9-b450-4f15-8614-1864a5c4ed06.JPG,tomato early blight,potato early blight,0.07591994851827621
datasets/plantvillage/data_distribution_for_SVM/test/25/a4919ea2-d2b8-402c-a035-e9defc6a92f5.JPG,squash powdery mildew,apple black rot,0.0726279765367508
datasets/plantvillage/data_distribution_for_SVM/test/7/7dc96672-1404-4534-97fc-98cba17106a8.JPG,corn gray leaf spot,corn rust,0.09947478771209717
datasets/plantvillage/data_distribution_for_SVM/test/28/172f6f3a-7239-4b62-ab88-a99d1149fa6a.JPG,tomato bacterial leaf spot,apple black rot,0.07601255923509598
datasets/plantvillage/data_distribution_for_SVM/test/30/0ec9fdc3-52f5-4cce-a8c5-2ea03c22d1cb.JPG,tomato late blight,potato late blight,0.07363680005073547
datasets/plantvillage/data_distribution_for_SVM/test/0/27da1ca7-84f3-4c33-85da-349d768103f6.JPG,apple scab,apple black rot,0.07626674324274063
datasets/plantvillage/data_distribution_for_SVM/test/29/511265c6-30db-4f2d-b694-57b252b94083.JPG,tomato early blight,potato early blight,0.07370055466890335
datasets/plantvillage/data_distribution_for_SVM/test/28/7d55abfa-9344-48c2-adeb-af0c1afbef29.JPG,tomato bacterial leaf spot,potato late blight,0.07246318459510803
datasets/plantvillage/data_distribution_for_SVM/test/8/d9c4d8ac-e542-4f46-9d17-7ad06c5ce9a7.JPG,corn rust,corn gray leaf spot,0.08242668956518173
datasets/plantvillage/data_distribution_for_SVM/test/20/d31d83c4-386c-4c4c-89ee-c43d3df808c0.JPG,potato early blight,apple scab,0.07565869390964508
datasets/plantvillage/data_distribution_for_SVM/test/9/b72a7107-e143-471e-acc5-71f2aee52dc4.JPG,corn northern leaf blight,corn gray leaf spot,0.1494043916463852
datasets/plantvillage/data_distribution_for_SVM/test/7/e3045926-a19a-4c06-9f59-d266987476d3.JPG,corn gray leaf spot,corn gray leaf spot,0.1427396982908249
datasets/plantvillage/data_distribution_for_SVM/test/11/cb1edac2-6d1f-4d9b-ad5b-dc49707c4d1a.JPG,grape black rot,strawberry leaf scorch,0.07249405980110168
datasets/plantvillage/data_distribution_for_SVM/test/20/21c3372b-d7c1-44ff-9442-4c722a62ad6f.JPG,potato early blight,apple scab,0.07920081913471222
datasets/plantvillage/data_distribution_for_SVM/test/28/4f288e83-dc95-45bc-9b17-5f2c23ef96b7.JPG,tomato bacterial leaf spot,strawberry leaf scorch,0.08002042025327682
datasets/plantvillage/data_distribution_for_SVM/test/30/6b736cb7-c66c-4d33-8a4e-a97e563700be.JPG,tomato late blight,apple black rot,0.08544769883155823
datasets/plantvillage/data_distribution_for_SVM/test/30/c6a95782-e258-46bf-ac3c-431502475b1a.JPG,tomato late blight,potato early blight,0.0791793167591095
datasets/plantvillage/data_distribution_for_SVM/test/25/13938fe5-63f7-4cb4-826e-04c363e69c5e.JPG,squash powdery mildew,corn gray leaf spot,0.07879718393087387
datasets/plantvillage/data_distribution_for_SVM/test/26/1f0b2c93-b371-4371-a5d5-7023c96e2327.JPG,strawberry leaf scorch,strawberry leaf scorch,0.1382751613855362
datasets/plantvillage/data_distribution_for_SVM/test/25/0b0dcce1-0f39-49c6-83e2-bdf9c5c00fee.JPG,squash powdery mildew,squash powdery mildew,0.07288378477096558
datasets/plantvillage/data_distribution_for_SVM/test/28/20e2d1e2-03a0-492b-a98d-b2a2925ff399.JPG,tomato bacterial leaf spot,strawberry leaf scorch,0.07995112240314484
datasets/plantvillage/data_distribution_for_SVM/test/8/88e15e35-1e4c-45fb-a12a-aa2fb8cb4998.JPG,corn rust,corn gray leaf spot,0.16313789784908295
datasets/plantvillage/data_distribution_for_SVM/test/30/ca688da6-d774-4f3b-8aeb-47abb07b1943.JPG,tomato late blight,potato late blight,0.08654233068227768
datasets/plantvillage/data_distribution_for_SVM/test/28/884b4933-13c6-4b53-ab63-3f57909bb226.JPG,tomato bacterial leaf spot,potato early blight,0.0742855966091156
datasets/plantvillage/data_distribution_for_SVM/test/30/d918beaa-3996-4b5c-acab-323b1a8432c1.JPG,tomato late blight,potato late blight,0.07792439311742783
datasets/plantvillage/data_distribution_for_SVM/test/9/0112027a-22f2-426f-b486-3104345afb52.JPG,corn northern leaf blight,corn northern leaf blight,0.09250818192958832
datasets/plantvillage/data_distribution_for_SVM/test/9/3795c3e3-875e-42e9-8003-5b09788ef22b.JPG,corn northern leaf blight,corn gray leaf spot,0.12986479699611664
datasets/plantvillage/data_distribution_for_SVM/test/25/a39b30c7-10c1-4296-8d15-e421198aa826.JPG,squash powdery mildew,squash powdery mildew,0.07753869891166687
datasets/plantvillage/data_distribution_for_SVM/test/29/810fe14e-ac2c-438c-b1c4-dd754863c206.JPG,tomato early blight,potato early blight,0.07671341300010681
datasets/plantvillage/data_distribution_for_SVM/test/8/32892d75-b079-4aef-a316-0bbf6e2e9317.JPG,corn rust,corn gray leaf spot,0.08979499340057373
datasets/plantvillage/data_distribution_for_SVM/test/0/5a647433-8661-4692-ae42-c4c6bb4d4b62.JPG,apple scab,corn gray leaf spot,0.07311141490936279
datasets/plantvillage/data_distribution_for_SVM/test/28/376f4c78-27eb-4272-9dff-f599319bff0c.JPG,tomato bacterial leaf spot,strawberry leaf scorch,0.10597067326307297
datasets/plantvillage/data_distribution_for_SVM/test/11/cce76213-d1a6-4860-9097-fcd18b6a2513.JPG,grape black rot,squash powdery mildew,0.07475531846284866
datasets/plantvillage/data_distribution_for_SVM/test/25/8d6695c5-3bd4-493a-b7d4-10b524f0a52b.JPG,squash powdery mildew,corn gray leaf spot,0.07879739999771118
datasets/plantvillage/data_distribution_for_SVM/test/8/c8c8e0ec-c6fa-4cd0-a3eb-ef140c18a2d3.JPG,corn rust,corn gray leaf spot,0.12247135490179062
datasets/plantvillage/data_distribution_for_SVM/test/30/eabb397d-67d2-4e36-8885-0a862271112d.JPG,tomato late blight,strawberry leaf scorch,0.07540246099233627
datasets/plantvillage/data_distribution_for_SVM/test/21/cec4d096-cfed-4678-8031-54f97fe0508d.JPG,potato late blight,strawberry leaf scorch,0.07423456758260727
datasets/plantvillage/data_distribution_for_SVM/test/1/112005ec-cfee-46da-9745-639c9b4d3b3d.JPG,apple black rot,apple black rot,0.1402871310710907
datasets/plantvillage/data_distribution_for_SVM/test/29/98cf9e2f-ddd1-4b79-a007-5b68ba317d54.JPG,tomato early blight,apple rust,0.07575714588165283
datasets/plantvillage/data_distribution_for_SVM/test/29/a0cf1848-c65e-436f-9093-24c2ff12018c.JPG,tomato early blight,tomato late blight,0.08562945574522018
datasets/plantvillage/data_distribution_for_SVM/test/25/1ded885f-dae7-4e31-8da4-e8e4fdf1866c.JPG,squash powdery mildew,squash powdery mildew,0.09574428200721741
datasets/plantvillage/data_distribution_for_SVM/test/8/1a8e631d-ed17-4d50-b656-b4fd58d709f1.JPG,corn rust,corn gray leaf spot,0.08882386237382889
datasets/plantvillage/data_distribution_for_SVM/test/28/b3356325-1001-4177-a8fb-3f428629692b.JPG,tomato bacterial leaf spot,strawberry leaf scorch,0.07436947524547577
datasets/plantvillage/data_distribution_for_SVM/test/28/0b56ad85-ae66-4bda-afb9-6c332c10cffc.JPG,tomato bacterial leaf spot,apple rust,0.0731915831565857
datasets/plantvillage/data_distribution_for_SVM/test/7/70e7041d-97aa-4c1c-b214-a26608496b6c.JPG,corn gray leaf spot,corn gray leaf spot,0.16568705439567566
datasets/plantvillage/data_distribution_for_SVM/test/28/2d03b19c-1e69-4585-8c56-120fc68ceaa2.JPG,tomato bacterial leaf spot,potato early blight,0.07659180462360382
datasets/plantvillage/data_distribution_for_SVM/test/30/9042aed9-e95f-4e25-a47e-52e678059d4f.JPG,tomato late blight,tomato late blight,0.07884659618139267
datasets/plantvillage/data_distribution_for_SVM/test/1/6c62e68c-03d7-4e36-afc6-94ea5c03c3f6.JPG,apple black rot,apple black rot,0.09864071756601334
datasets/plantvillage/data_distribution_for_SVM/test/30/685fe9d2-f067-4748-b7a2-eba14f527832.JPG,tomato late blight,tomato late blight,0.07374782860279083
datasets/plantvillage/data_distribution_for_SVM/test/25/c139ea6e-934a-47fb-85f0-3d6d4e332cc9.JPG,squash powdery mildew,corn gray leaf spot,0.11507142335176468
datasets/plantvillage/data_distribution_for_SVM/test/21/d669b028-3a35-4193-a39d-997ec61f8d18.JPG,potato late blight,potato late blight,0.07427368313074112
datasets/plantvillage/data_distribution_for_SVM/test/21/cf9f1785-28d4-4a4c-ad28-d4123c7d3799.JPG,potato late blight,potato late blight,0.07397889345884323
datasets/plantvillage/data_distribution_for_SVM/test/25/0584e350-78ad-4ca6-95a8-adbc7502d7c1.JPG,squash powdery mildew,squash powdery mildew,0.07407346367835999
datasets/plantvillage/data_distribution_for_SVM/test/28/243eaeb7-d31a-4aef-a114-ae3314f1e2c9.JPG,tomato bacterial leaf spot,apple black rot,0.0771300345659256
datasets/plantvillage/data_distribution_for_SVM/test/21/c461f5a6-ef1b-4289-a5cb-9c39e9e2fba3.JPG,potato late blight,apple black rot,0.08992031216621399
datasets/plantvillage/data_distribution_for_SVM/test/30/591baea7-ed19-4e6d-b34b-68b39edc3349.JPG,tomato late blight,strawberry leaf scorch,0.0742131844162941
datasets/plantvillage/data_distribution_for_SVM/test/28/1ba8e1b9-975a-41be-9545-4d52ebd7b34c.JPG,tomato bacterial leaf spot,strawberry leaf scorch,0.0756177082657814
datasets/plantvillage/data_distribution_for_SVM/test/28/526dc0a3-2b8a-4119-8d97-f3dcf5ed0706.JPG,tomato bacterial leaf spot,strawberry leaf scorch,0.07373001426458359
datasets/plantvillage/data_distribution_for_SVM/test/11/1ffca267-5a09-43cc-9b63-21354dc4d4ea.JPG,grape black rot,grape black rot,0.07649790495634079
datasets/plantvillage/data_distribution_for_SVM/test/20/dd87283c-0c3d-453b-b947-5217d08ed81b.JPG,potato early blight,potato early blight,0.0819697305560112
datasets/plantvillage/data_distribution_for_SVM/test/8/0bd76a04-8235-492d-9101-99873504e22c.JPG,corn rust,corn northern leaf blight,0.08150708675384521
datasets/plantvillage/data_distribution_for_SVM/test/11/ff6ad42b-df54-4031-ba95-71bd9ca88bea.JPG,grape black rot,grape black rot,0.08176044374704361
datasets/plantvillage/data_distribution_for_SVM/test/26/58061dce-4393-424e-b7d6-ac7654c02ffa.JPG,strawberry leaf scorch,strawberry leaf scorch,0.07778950780630112
datasets/plantvillage/data_distribution_for_SVM/test/25/eb73e60c-592f-450e-8ef2-b2c9400ab156.JPG,squash powdery mildew,squash powdery mildew,0.08042941987514496
datasets/plantvillage/data_distribution_for_SVM/test/30/019669df-4015-46fe-9427-93afa0dc7aa6.JPG,tomato late blight,tomato bacterial leaf spot,0.08537435531616211
datasets/plantvillage/data_distribution_for_SVM/test/2/afcce1d4-7179-4501-8461-dafafbfd7f19.JPG,apple rust,apple black rot,0.07404746115207672
datasets/plantvillage/data_distribution_for_SVM/test/29/9a400e75-3586-48ae-bfa5-83ffd28c736a.JPG,tomato early blight,corn gray leaf spot,0.07247038930654526
datasets/plantvillage/data_distribution_for_SVM/test/21/c207a9c1-041e-4f00-a290-60a36514d0d6.JPG,potato late blight,potato late blight,0.0791461318731308
datasets/plantvillage/data_distribution_for_SVM/test/9/32ace8b6-9391-4ca8-92ae-a1f1c34b4a34.JPG,corn northern leaf blight,corn gray leaf spot,0.08385630697011948
datasets/plantvillage/data_distribution_for_SVM/test/8/50d36e82-db72-4e09-8f38-6507586c49ab.JPG,corn rust,corn gray leaf spot,0.15783408284187317
datasets/plantvillage/data_distribution_for_SVM/test/7/f3af3a8b-5c64-4972-9b64-4df31657ce58.JPG,corn gray leaf spot,corn gray leaf spot,0.1001688539981842
datasets/plantvillage/data_distribution_for_SVM/test/21/36978722-22b1-42a8-89cf-2c495a49959a.JPG,potato late blight,apple black rot,0.0727194994688034
datasets/plantvillage/data_distribution_for_SVM/test/0/568a90a0-0c42-485c-81c8-b982858afbd6.JPG,apple scab,apple rust,0.074766144156456
datasets/plantvillage/data_distribution_for_SVM/test/21/54eb7a42-3148-4e49-aee9-45000aaf4158.JPG,potato late blight,apple black rot,0.08065851032733917
datasets/plantvillage/data_distribution_for_SVM/test/0/7024fe3c-9003-459c-b615-1aed88e08c3e.JPG,apple scab,corn gray leaf spot,0.07337908446788788
datasets/plantvillage/data_distribution_for_SVM/test/25/0a843539-e336-46ce-812f-6b43372123ba.JPG,squash powdery mildew,squash powdery mildew,0.08203045278787613
datasets/plantvillage/data_distribution_for_SVM/test/28/a254e987-fc7a-4ba2-be3f-40e3c75bd33e.JPG,tomato bacterial leaf spot,strawberry leaf scorch,0.07279219478368759
datasets/plantvillage/data_distribution_for_SVM/test/11/54dc85c8-7435-4d34-8b90-be4aee56bca6.JPG,grape black rot,apple black rot,0.08498796075582504
datasets/plantvillage/data_distribution_for_SVM/test/29/b3f26ef3-cbd3-4002-a55c-dbdc19043a4a.JPG,tomato early blight,potato early blight,0.07382351160049438
datasets/plantvillage/data_distribution_for_SVM/test/25/03a51bdb-9080-43ca-b2d3-6d96650e1996.JPG,squash powdery mildew,corn gray leaf spot,0.07277228683233261
datasets/plantvillage/data_distribution_for_SVM/test/29/4da6f09f-e2da-46c9-a903-cb9197308b37.JPG,tomato early blight,apple black rot,0.07530567049980164
datasets/plantvillage/data_distribution_for_SVM/test/28/d75d0779-f314-4863-8815-9f0d15e409f3.JPG,tomato bacterial leaf spot,corn gray leaf spot,0.08004472404718399
datasets/plantvillage/data_distribution_for_SVM/test/30/e58fe147-6c1b-491a-8392-b0ba81f11c7f.JPG,tomato late blight,potato early blight,0.07820895314216614
datasets/plantvillage/data_distribution_for_SVM/test/11/c451e796-a330-4705-a83b-504f4ef7a710.JPG,grape black rot,grape black rot,0.08634030073881149
datasets/plantvillage/data_distribution_for_SVM/test/7/8b3319f2-f1df-4a10-8e9f-e47984d54253.JPG,corn gray leaf spot,corn gray leaf spot,0.11337819695472717
datasets/plantvillage/data_distribution_for_SVM/test/30/e8333b84-19fe-4f99-84f0-da69fccf43d2.JPG,tomato late blight,potato late blight,0.07552933692932129
datasets/plantvillage/data_distribution_for_SVM/test/9/83362950-b2c4-47f7-bead-a3f681b04f2a.JPG,corn northern leaf blight,corn gray leaf spot,0.14387735724449158
datasets/plantvillage/data_distribution_for_SVM/test/7/c72dbd51-14a6-4968-83f6-2564fa8d2a2b.JPG,corn gray leaf spot,corn gray leaf spot,0.13104332983493805
datasets/plantvillage/data_distribution_for_SVM/test/8/23c9a59d-fd22-4da7-a9aa-f6a488b1d899.JPG,corn rust,corn gray leaf spot,0.10403424501419067
datasets/plantvillage/data_distribution_for_SVM/test/7/341fee76-6e7c-4705-848b-d6ba1886b3c2.JPG,corn gray leaf spot,corn northern leaf blight,0.09666461497545242
datasets/plantvillage/data_distribution_for_SVM/test/26/a3bbed46-0a5c-4de8-b36f-a388bbd30fed.JPG,strawberry leaf scorch,strawberry leaf scorch,0.10570283979177475
datasets/plantvillage/data_distribution_for_SVM/test/28/83b58930-f636-43cf-8caa-cd3e32cefecc.JPG,tomato bacterial leaf spot,apple rust,0.07348503917455673
datasets/plantvillage/data_distribution_for_SVM/test/29/adbec6a9-8a24-4349-a045-57706ccef608.JPG,tomato early blight,strawberry leaf scorch,0.08035022020339966
datasets/plantvillage/data_distribution_for_SVM/test/11/873d5a5a-e0ad-40ef-b76d-afdbd1d7d905.JPG,grape black rot,grape black rot,0.07493194937705994
datasets/plantvillage/data_distribution_for_SVM/test/28/e282ee69-ca29-4b6d-a927-4abdef2455da.JPG,tomato bacterial leaf spot,potato early blight,0.0744597315788269
datasets/plantvillage/data_distribution_for_SVM/test/0/4b43c471-4ddd-4dfa-a7c0-23339b86b65b.JPG,apple scab,apple black rot,0.08025499433279037
datasets/plantvillage/data_distribution_for_SVM/test/21/c71fb893-cb1b-44bb-bb1e-57ee98e503f0.JPG,potato late blight,apple black rot,0.07516506314277649
datasets/plantvillage/data_distribution_for_SVM/test/9/a890418d-f469-4869-9a5f-7cc3533ab950.JPG,corn northern leaf blight,corn rust,0.07921125739812851
datasets/plantvillage/data_distribution_for_SVM/test/30/cf7a5a00-a409-4344-abe6-6fa3d4bcdb42.JPG,tomato late blight,corn gray leaf spot,0.07379607856273651
datasets/plantvillage/data_distribution_for_SVM/test/7/dcb3a2f0-e508-4c12-b327-577f4f67f8f5.JPG,corn gray leaf spot,corn gray leaf spot,0.11686989665031433
datasets/plantvillage/data_distribution_for_SVM/test/28/0ec9f0c2-1660-4e56-abc5-d72a859c650a.JPG,tomato bacterial leaf spot,corn gray leaf spot,0.0760314017534256
datasets/plantvillage/data_distribution_for_SVM/test/11/bc3b318b-9844-403a-91d1-debbda11f21b.JPG,grape black rot,grape black rot,0.07581404596567154
datasets/plantvillage/data_distribution_for_SVM/test/28/f75cef98-27d5-453d-9009-f60897ab553e.JPG,tomato bacterial leaf spot,strawberry leaf scorch,0.07516959309577942
datasets/plantvillage/data_distribution_for_SVM/test/28/329f5fbd-9344-4dcc-804b-9ee5bed4458c.JPG,tomato bacterial leaf spot,strawberry leaf scorch,0.0736343190073967
datasets/plantvillage/data_distribution_for_SVM/test/11/aad612e4-4849-4970-beb3-487a40fbea77.JPG,grape black rot,grape black rot,0.07468562573194504
datasets/plantvillage/data_distribution_for_SVM/test/28/c6cac327-c899-40ae-a1cc-97621800f961.JPG,tomato bacterial leaf spot,tomato late blight,0.07262544333934784
datasets/plantvillage/data_distribution_for_SVM/test/28/0f2b6fea-2d51-4131-bfe1-760f9d4ed52b.JPG,tomato bacterial leaf spot,strawberry leaf scorch,0.07265982031822205
datasets/plantvillage/data_distribution_for_SVM/test/21/cabada3b-84e0-49cf-8c9f-26ed7ec062cd.JPG,potato late blight,potato early blight,0.07265697419643402
datasets/plantvillage/data_distribution_for_SVM/test/8/4e3fa573-458a-431d-ae9a-074493f5e41f.JPG,corn rust,corn gray leaf spot,0.16321012377738953
datasets/plantvillage/data_distribution_for_SVM/test/11/26833f82-f45d-4899-98f1-e35d721a566f.JPG,grape black rot,grape black rot,0.07685127854347229
datasets/plantvillage/data_distribution_for_SVM/test/2/c2199d5b-b446-4a26-9efd-3ba346013502.JPG,apple rust,apple black rot,0.07329601049423218
datasets/plantvillage/data_distribution_for_SVM/test/7/42fb3315-2bac-483e-b112-613c4309b58c.JPG,corn gray leaf spot,corn gray leaf spot,0.15674561262130737
datasets/plantvillage/data_distribution_for_SVM/test/26/78a34da2-f39d-4020-b862-d1371be4eec1.JPG,strawberry leaf scorch,strawberry leaf scorch,0.09192527830600739
datasets/plantvillage/data_distribution_for_SVM/test/26/ac41a6d2-80b5-402f-bb99-bac8e7fa12f6.JPG,strawberry leaf scorch,strawberry leaf scorch,0.07931827008724213
datasets/plantvillage/data_distribution_for_SVM/test/30/8537a9d8-0ef2-45c0-8613-506be0fcb98d.JPG,tomato late blight,tomato late blight,0.07292899489402771
datasets/plantvillage/data_distribution_for_SVM/test/28/10fc8f97-65fc-4624-a6a5-e1ee61030ca4.JPG,tomato bacterial leaf spot,apple black rot,0.0795309916138649
datasets/plantvillage/data_distribution_for_SVM/test/8/b9f8d88b-25b2-43d4-aa7a-00c0e5c0032f.JPG,corn rust,corn rust,0.10235078632831573
datasets/plantvillage/data_distribution_for_SVM/test/9/c583c747-d067-4e8e-86ed-84cd965cf922.JPG,corn northern leaf blight,corn gray leaf spot,0.14259712398052216
datasets/plantvillage/data_distribution_for_SVM/test/29/f9507a22-d048-40ee-a6b0-21cbdf6c6a97.JPG,tomato early blight,potato early blight,0.07574107497930527
datasets/plantvillage/data_distribution_for_SVM/test/1/5368e1b6-222f-423f-8572-53200b93f345.JPG,apple black rot,apple black rot,0.07624416053295135
datasets/plantvillage/data_distribution_for_SVM/test/26/176e35a2-9c70-48d9-8290-3626421d3867.JPG,strawberry leaf scorch,strawberry leaf scorch,0.12786170840263367
datasets/plantvillage/data_distribution_for_SVM/test/7/8142b26a-6484-4793-bec9-c4e5f38b929a.JPG,corn gray leaf spot,corn gray leaf spot,0.13469286262989044
datasets/plantvillage/data_distribution_for_SVM/test/29/adfe0d7a-c12f-445f-b84c-d11e1b423964.JPG,tomato early blight,tomato late blight,0.08147550374269485
datasets/plantvillage/data_distribution_for_SVM/test/30/838eef74-3db6-4915-94fc-6b6d1dfe363e.JPG,tomato late blight,tomato late blight,0.07651177048683167
datasets/plantvillage/data_distribution_for_SVM/test/2/51ee4cc6-f4dc-4948-ac84-8cd8a88bdded.JPG,apple rust,apple black rot,0.07982219010591507
datasets/plantvillage/data_distribution_for_SVM/test/28/da7c43bd-9a80-489f-af8a-c61450c13164.JPG,tomato bacterial leaf spot,apple black rot,0.07441305369138718
datasets/plantvillage/data_distribution_for_SVM/test/25/c9f67341-ae66-4b4e-b290-1f1b679a27e4.JPG,squash powdery mildew,squash powdery mildew,0.07842531055212021
datasets/plantvillage/data_distribution_for_SVM/test/1/3f71f8fc-176e-432a-af51-812cbc62a8e9.JPG,apple black rot,apple black rot,0.09576915204524994
datasets/plantvillage/data_distribution_for_SVM/test/8/4822195b-2687-4ad6-8937-8f4251fe26c4.JPG,corn rust,corn rust,0.08785677701234818
datasets/plantvillage/data_distribution_for_SVM/test/0/f56b5c7b-c916-4bc9-be69-100fa1d6369c.JPG,apple scab,apple rust,0.0761081874370575
datasets/plantvillage/data_distribution_for_SVM/test/28/73387a28-c09c-4095-bc18-0445f5afd338.JPG,tomato bacterial leaf spot,strawberry leaf scorch,0.07380563020706177
datasets/plantvillage/data_distribution_for_SVM/test/30/339de6b8-662b-4cff-a4ba-5b734d307f1f.JPG,tomato late blight,grape black rot,0.07209859788417816
datasets/plantvillage/data_distribution_for_SVM/test/0/be8c1697-3331-4735-b89f-126bc51710cf.JPG,apple scab,apple black rot,0.08066990971565247
datasets/plantvillage/data_distribution_for_SVM/test/25/db438ee7-fa27-4840-ab7b-9c8093fac067.JPG,squash powdery mildew,corn gray leaf spot,0.07400023192167282
datasets/plantvillage/data_distribution_for_SVM/test/1/0a609142-8278-484f-b67c-92a768945bd1.JPG,apple black rot,apple black rot,0.09394515305757523
datasets/plantvillage/data_distribution_for_SVM/test/25/5f16f3fa-c860-4436-9cf6-bfe663032880.JPG,squash powdery mildew,squash powdery mildew,0.08040133118629456
datasets/plantvillage/data_distribution_for_SVM/test/20/01e6d196-7654-463e-bded-eff8e9fbff95.JPG,potato early blight,strawberry leaf scorch,0.07675662636756897
datasets/plantvillage/data_distribution_for_SVM/test/9/3fbf3175-dfc1-46ae-af11-731db77f83bb.JPG,corn northern leaf blight,corn rust,0.10828067362308502
datasets/plantvillage/data_distribution_for_SVM/test/28/5087b0b8-e104-4bbf-a07c-59ba3db8a23d.JPG,tomato bacterial leaf spot,strawberry leaf scorch,0.0730736255645752
datasets/plantvillage/data_distribution_for_SVM/test/28/ba7643e5-b4cf-4ae7-b39d-0ad43f934fc0.JPG,tomato bacterial leaf spot,potato early blight,0.07337731868028641
datasets/plantvillage/data_distribution_for_SVM/test/28/058b6ba5-fcff-4db1-85cd-f8e075ff3d1c.JPG,tomato bacterial leaf spot,potato early blight,0.07688019424676895
datasets/plantvillage/data_distribution_for_SVM/test/29/1ce6e790-ecbf-4435-8223-eda841c9aa1e.JPG,tomato early blight,tomato late blight,0.07376227527856827
datasets/plantvillage/data_distribution_for_SVM/test/28/f63efc8a-16e5-4bce-940c-ebf836527f26.JPG,tomato bacterial leaf spot,apple black rot,0.07603093236684799
datasets/plantvillage/data_distribution_for_SVM/test/0/d7e2b1c7-1e7c-4dca-a9f5-b2cb9c85766d.JPG,apple scab,apple black rot,0.08147090673446655
datasets/plantvillage/data_distribution_for_SVM/test/28/9b6e4674-05fe-4a92-9fef-4da3d0ee4ca5.JPG,tomato bacterial leaf spot,corn gray leaf spot,0.081809401512146
datasets/plantvillage/data_distribution_for_SVM/test/0/4ec17278-d866-45f7-bcf4-3b60280a03ba.JPG,apple scab,apple rust,0.0721539780497551
datasets/plantvillage/data_distribution_for_SVM/test/26/44a1b9d7-e7c9-4f85-82f3-9bdba115b23b.JPG,strawberry leaf scorch,strawberry leaf scorch,0.10290002077817917
datasets/plantvillage/data_distribution_for_SVM/test/26/bd30086d-bb2b-4c2a-a391-0f6b533b4bf8.JPG,strawberry leaf scorch,strawberry leaf scorch,0.09101897478103638
datasets/plantvillage/data_distribution_for_SVM/test/8/c416d4b4-f25f-44b1-84ea-d6f094b10f13.JPG,corn rust,corn gray leaf spot,0.08587072789669037
datasets/plantvillage/data_distribution_for_SVM/test/9/01f19aec-89ef-45a0-bb70-181cf348e214.JPG,corn northern leaf blight,corn gray leaf spot,0.1078057512640953
datasets/plantvillage/data_distribution_for_SVM/test/28/63f31c38-43f2-4b77-87e0-f4fcc031286e.JPG,tomato bacterial leaf spot,potato early blight,0.07225720584392548
datasets/plantvillage/data_distribution_for_SVM/test/0/9b10cbcf-6df9-468c-aa91-74cade929930.JPG,apple scab,potato late blight,0.07284392416477203
datasets/plantvillage/data_distribution_for_SVM/test/21/de616e81-c5fe-4766-a6c8-c69e565680ae.JPG,potato late blight,potato early blight,0.07825085520744324
datasets/plantvillage/data_distribution_for_SVM/test/25/9fc64d43-51d2-4ca3-a305-400dac56e68a.JPG,squash powdery mildew,squash powdery mildew,0.0743177980184555
datasets/plantvillage/data_distribution_for_SVM/test/7/98209449-5ca6-4451-a785-8b3f099984b3.JPG,corn gray leaf spot,corn gray leaf spot,0.15245166420936584
datasets/plantvillage/data_distribution_for_SVM/test/29/7b6c049d-7257-47c7-8999-7fdb4aefcda2.JPG,tomato early blight,potato late blight,0.07716698199510574
datasets/plantvillage/data_distribution_for_SVM/test/28/bc740a3a-3b53-4fe0-9800-f75601ab3064.JPG,tomato bacterial leaf spot,potato early blight,0.07410039752721786
datasets/plantvillage/data_distribution_for_SVM/test/30/0016ce67-68e5-42c5-b047-bd6e839f9154.JPG,tomato late blight,tomato late blight,0.07748119533061981
datasets/plantvillage/data_distribution_for_SVM/test/2/41475c5a-de13-4814-91b8-4170850a18e1.JPG,apple rust,apple black rot,0.09561051428318024
datasets/plantvillage/data_distribution_for_SVM/test/30/94181597-d02f-447a-a78f-6831cdb881bd.JPG,tomato late blight,potato late blight,0.07923623919487
datasets/plantvillage/data_distribution_for_SVM/test/29/dd28c5b1-49da-4f5f-8131-d862f314b813.JPG,tomato early blight,potato early blight,0.0755215510725975
datasets/plantvillage/data_distribution_for_SVM/test/8/e208c6a7-d09f-45d6-a446-15b895fe765f.JPG,corn rust,corn gray leaf spot,0.07945296913385391
datasets/plantvillage/data_distribution_for_SVM/test/25/a1ba7286-dba8-4a8f-8635-95ed090c1ba0.JPG,squash powdery mildew,squash powdery mildew,0.08673229813575745
datasets/plantvillage/data_distribution_for_SVM/test/28/1bb1639f-e48a-4e38-b71a-ee51ce86409d.JPG,tomato bacterial leaf spot,strawberry leaf scorch,0.07270442694425583
datasets/plantvillage/data_distribution_for_SVM/test/20/fe63713a-1855-4c74-999e-cad82aebdd1e.JPG,potato early blight,potato early blight,0.07586479932069778
datasets/plantvillage/data_distribution_for_SVM/test/9/ae2edfd7-0101-4512-986c-b1361c1f5603.JPG,corn northern leaf blight,corn northern leaf blight,0.12278565764427185
datasets/plantvillage/data_distribution_for_SVM/test/2/120f48bf-7af3-4c03-97f9-7ea30da90b8d.JPG,apple rust,apple black rot,0.07768965512514114
datasets/plantvillage/data_distribution_for_SVM/test/29/25d045c4-7ea4-4cee-98fd-a6346463b87d.JPG,tomato early blight,strawberry leaf scorch,0.07282602787017822
datasets/plantvillage/data_distribution_for_SVM/test/25/93016eca-cd25-4fb5-81de-d5e3d7c3a5ad.JPG,squash powdery mildew,squash powdery mildew,0.07924621552228928
datasets/plantvillage/data_distribution_for_SVM/test/28/2d823ef1-07bd-428b-8521-4650a6c45851.JPG,tomato bacterial leaf spot,apple black rot,0.07331673055887222
datasets/plantvillage/data_distribution_for_SVM/test/30/2852f878-b300-4897-a33a-83ef8ca3f477.JPG,tomato late blight,potato late blight,0.07808414101600647
datasets/plantvillage/data_distribution_for_SVM/test/28/315ee97b-136d-48ec-9b9f-cd452f8d4173.JPG,tomato bacterial leaf spot,corn gray leaf spot,0.0736093819141388
datasets/plantvillage/data_distribution_for_SVM/test/25/c0e14b54-44ba-488d-88da-f805d532e28d.JPG,squash powdery mildew,squash powdery mildew,0.08136600255966187
datasets/plantvillage/data_distribution_for_SVM/test/7/e774b5f4-d58f-49cd-8425-54b04337fb2f.JPG,corn gray leaf spot,corn gray leaf spot,0.11782518029212952
datasets/plantvillage/data_distribution_for_SVM/test/20/12293150-3dfc-4202-816e-93e141ed579c.JPG,potato early blight,potato early blight,0.09029357880353928
datasets/plantvillage/data_distribution_for_SVM/test/30/780197b7-46fe-4d53-b4ac-95dc2d07827d.JPG,tomato late blight,potato late blight,0.07604944705963135
datasets/plantvillage/data_distribution_for_SVM/test/21/301880a2-60c3-4482-bd8f-2250478ce6c0.JPG,potato late blight,apple black rot,0.07471828162670135
datasets/plantvillage/data_distribution_for_SVM/test/1/6f7b850f-0412-4ef9-9a34-2dffc8ef9604.JPG,apple black rot,apple black rot,0.11759445816278458
datasets/plantvillage/data_distribution_for_SVM/test/21/07ac4bb0-dbc7-4776-a43d-056eb071c242.JPG,potato late blight,strawberry leaf scorch,0.07173644006252289
datasets/plantvillage/data_distribution_for_SVM/test/28/cb3cbcb9-32a6-4038-b120-2e09227fbcef.JPG,tomato bacterial leaf spot,strawberry leaf scorch,0.07715359330177307
datasets/plantvillage/data_distribution_for_SVM/test/30/83b50274-d05a-425a-8870-8397e1f21253.JPG,tomato late blight,tomato bacterial leaf spot,0.07245953381061554
datasets/plantvillage/data_distribution_for_SVM/test/20/837692ca-cad5-4b1d-908e-869dec5c41c1.JPG,potato early blight,apple scab,0.07563716173171997
datasets/plantvillage/data_distribution_for_SVM/test/8/efd8f7e1-d169-43cf-8b74-f33fab724263.JPG,corn rust,corn gray leaf spot,0.08222001045942307
datasets/plantvillage/data_distribution_for_SVM/test/25/870187f8-5129-4178-930d-c9b3f0768d67.JPG,squash powdery mildew,squash powdery mildew,0.07457217574119568
datasets/plantvillage/data_distribution_for_SVM/test/29/d227735c-7853-4302-b68a-d350b09e9d2a.JPG,tomato early blight,apple black rot,0.07473427802324295
datasets/plantvillage/data_distribution_for_SVM/test/30/7dbf587f-28c1-4106-ba73-bfa770d1a576.JPG,tomato late blight,apple black rot,0.08945704251527786
datasets/plantvillage/data_distribution_for_SVM/test/30/b1a3b01a-8be8-4bde-b439-c1deaef8a95d.JPG,tomato late blight,tomato late blight,0.07547210901975632
datasets/plantvillage/data_distribution_for_SVM/test/25/658626c6-01f7-4890-9efb-37478f40f0dc.JPG,squash powdery mildew,squash powdery mildew,0.07316232472658157
datasets/plantvillage/data_distribution_for_SVM/test/28/790462bb-71ac-45c8-8302-e53c5faced0e.JPG,tomato bacterial leaf spot,strawberry leaf scorch,0.07429352402687073
datasets/plantvillage/data_distribution_for_SVM/test/7/e3524135-65b7-49cf-8a46-9f672ed8ed68.JPG,corn gray leaf spot,corn gray leaf spot,0.0891592800617218
datasets/plantvillage/data_distribution_for_SVM/test/21/be759c59-8e29-48a3-82ca-103e4e82f228.JPG,potato late blight,apple black rot,0.0885244831442833
datasets/plantvillage/data_distribution_for_SVM/test/26/fdd95515-6c7b-4a4a-8419-c7c5676151ed.JPG,strawberry leaf scorch,strawberry leaf scorch,0.15473587810993195
datasets/plantvillage/data_distribution_for_SVM/test/9/52f2cc95-5ea5-45a6-8897-5cbd7d99efa2.JPG,corn northern leaf blight,corn gray leaf spot,0.11107709258794785
datasets/plantvillage/data_distribution_for_SVM/test/9/7044caa8-6f35-433a-978a-2a9f3a12dfb2.JPG,corn northern leaf blight,corn gray leaf spot,0.1541375070810318
datasets/plantvillage/data_distribution_for_SVM/test/20/2acf2e78-4870-4bc6-ac57-ea0b5e0f9751.JPG,potato early blight,strawberry leaf scorch,0.08170931041240692
datasets/plantvillage/data_distribution_for_SVM/test/30/8182b8f1-175b-4efe-8f85-382539e97ba7.JPG,tomato late blight,apple black rot,0.07962941378355026
datasets/plantvillage/data_distribution_for_SVM/test/26/111c13be-8004-45d8-9fb5-c74042039db6.JPG,strawberry leaf scorch,strawberry leaf scorch,0.1069699376821518
datasets/plantvillage/data_distribution_for_SVM/test/30/1fe8fa30-4e51-4817-841a-02f6ab06b8d0.JPG,tomato late blight,potato late blight,0.07618722319602966
datasets/plantvillage/data_distribution_for_SVM/test/26/4ee1453d-95a1-43c8-881b-6f927dcebb41.JPG,strawberry leaf scorch,strawberry leaf scorch,0.09861483424901962
datasets/plantvillage/data_distribution_for_SVM/test/0/4b4020a0-df14-471c-a3c7-b1132eeeb97f.JPG,apple scab,apple black rot,0.07726611942052841
datasets/plantvillage/data_distribution_for_SVM/test/30/99c59116-3a72-480b-a903-88e0cb0477b4.JPG,tomato late blight,potato late blight,0.07479572296142578
datasets/plantvillage/data_distribution_for_SVM/test/26/0b777bdb-e7a7-4669-8cfb-4de694d79f06.JPG,strawberry leaf scorch,strawberry leaf scorch,0.10446909815073013
datasets/plantvillage/data_distribution_for_SVM/test/8/1469f4f2-1df2-4fa6-8fdd-36c89afd6811.JPG,corn rust,corn gray leaf spot,0.1396576166152954
datasets/plantvillage/data_distribution_for_SVM/test/28/e076caec-164d-4c21-89dd-6489e981c429.JPG,tomato bacterial leaf spot,strawberry leaf scorch,0.08065248280763626
datasets/plantvillage/data_distribution_for_SVM/test/9/15667e9f-0091-44ff-9b7a-48c7560b5037.JPG,corn northern leaf blight,corn gray leaf spot,0.08971263468265533
datasets/plantvillage/data_distribution_for_SVM/test/25/4c2b088d-fb3d-4773-bafe-dd4385ed0cc4.JPG,squash powdery mildew,squash powdery mildew,0.07493855804204941
datasets/plantvillage/data_distribution_for_SVM/test/7/c3b2dc9e-cf51-4833-b706-4022a31dbb78.JPG,corn gray leaf spot,corn gray leaf spot,0.16664209961891174
datasets/plantvillage/data_distribution_for_SVM/test/9/1eca84bc-11e0-48e5-be74-f6f14f8523c2.JPG,corn northern leaf blight,corn gray leaf spot,0.09805788099765778
datasets/plantvillage/data_distribution_for_SVM/test/30/06dcde27-0f0e-4b4c-9174-5a99192e2c4a.JPG,tomato late blight,apple rust,0.07301679998636246
datasets/plantvillage/data_distribution_for_SVM/test/20/27105fb7-a5b1-4469-ab69-9081fde93336.JPG,potato early blight,potato early blight,0.07684913277626038
datasets/plantvillage/data_distribution_for_SVM/test/9/2cf39388-a8a1-4c4b-9c48-ce3817fe3931.JPG,corn northern leaf blight,corn gray leaf spot,0.0856546014547348
datasets/plantvillage/data_distribution_for_SVM/test/28/689bbc8a-00d0-4f63-b144-0ae50d4dcf91.JPG,tomato bacterial leaf spot,strawberry leaf scorch,0.07401134073734283
datasets/plantvillage/data_distribution_for_SVM/test/30/47b3358f-62bf-48b8-a389-ab7b0680ab07.JPG,tomato late blight,potato early blight,0.07811317592859268
datasets/plantvillage/data_distribution_for_SVM/test/9/c7f0f7b5-58b0-48d3-8826-504577805141.JPG,corn northern leaf blight,corn rust,0.1150534525513649
datasets/plantvillage/data_distribution_for_SVM/test/30/f861a09b-4edd-4c9f-a9d5-2de14b6ae627.JPG,tomato late blight,tomato late blight,0.0774959996342659
datasets/plantvillage/data_distribution_for_SVM/test/25/9dff2579-5e14-4fca-88ff-065e489ca908.JPG,squash powdery mildew,squash powdery mildew,0.0837474912405014
datasets/plantvillage/data_distribution_for_SVM/test/30/876e352a-3107-40de-8c57-3b1861ffd1c4.JPG,tomato late blight,tomato late blight,0.072364442050457
datasets/plantvillage/data_distribution_for_SVM/test/30/67d1e261-e06a-4073-98c8-a1559f570d13.JPG,tomato late blight,tomato late blight,0.08259802311658859
datasets/plantvillage/data_distribution_for_SVM/test/25/724d4a57-6648-42e6-af3a-634baf96dd2f.JPG,squash powdery mildew,squash powdery mildew,0.07822871953248978
datasets/plantvillage/data_distribution_for_SVM/test/20/6161314c-17aa-4df0-9b16-83d2607c918d.JPG,potato early blight,potato early blight,0.07543569058179855
datasets/plantvillage/data_distribution_for_SVM/test/28/a345ea7d-bde3-438b-8ce8-e0e8c2a1206b.JPG,tomato bacterial leaf spot,apple black rot,0.07289361953735352
datasets/plantvillage/data_distribution_for_SVM/test/25/2d72b7a2-a654-4c41-b633-76545e3d15d6.JPG,squash powdery mildew,squash powdery mildew,0.08654939383268356
datasets/plantvillage/data_distribution_for_SVM/test/2/634fa380-5ed7-4948-b42d-5bd91f925ae3.JPG,apple rust,strawberry leaf scorch,0.07609640806913376
datasets/plantvillage/data_distribution_for_SVM/test/28/cf05c4da-44d5-4fe6-908c-d9604fdc81ab.JPG,tomato bacterial leaf spot,apple black rot,0.0728280171751976
datasets/plantvillage/data_distribution_for_SVM/test/21/2f131532-38c4-48f4-aaa2-eabf271dd452.JPG,potato late blight,potato early blight,0.07606501877307892
datasets/plantvillage/data_distribution_for_SVM/test/25/28c05bac-6c7c-4c47-a8f5-c03fa03e8b0b.JPG,squash powdery mildew,squash powdery mildew,0.07659299671649933
datasets/plantvillage/data_distribution_for_SVM/test/20/ff9ce788-3ab5-4993-b4f2-259a11e3b08b.JPG,potato early blight,apple scab,0.07310942560434341
datasets/plantvillage/data_distribution_for_SVM/test/29/c4047aa7-3d10-4643-bb52-8af402bdea04.JPG,tomato early blight,potato early blight,0.07427743822336197
datasets/plantvillage/data_distribution_for_SVM/test/25/f23647e7-9a2b-4b42-80fa-092c5e2466c7.JPG,squash powdery mildew,squash powdery mildew,0.07783058285713196
datasets/plantvillage/data_distribution_for_SVM/test/9/c9f83878-cb54-488d-9241-294080c79f22.JPG,corn northern leaf blight,corn gray leaf spot,0.07994493842124939
datasets/plantvillage/data_distribution_for_SVM/test/28/4131ddfb-428e-4c8a-834a-4304e416ca8f.JPG,tomato bacterial leaf spot,strawberry leaf scorch,0.09020812809467316
datasets/plantvillage/data_distribution_for_SVM/test/9/79558a46-1135-48b1-8cfe-d3bb98e31b38.JPG,corn northern leaf blight,corn rust,0.08138388395309448
datasets/plantvillage/data_distribution_for_SVM/test/7/a0afc7d1-1cf7-4950-9896-2d0a0c253807.JPG,corn gray leaf spot,corn gray leaf spot,0.1541302353143692
datasets/plantvillage/data_distribution_for_SVM/test/30/e53ec0c4-531d-4c43-9a67-d71fe4427cea.JPG,tomato late blight,potato early blight,0.09577636420726776
datasets/plantvillage/data_distribution_for_SVM/test/20/e42dd45f-21cc-44f1-ba15-effa51d13854.JPG,potato early blight,strawberry leaf scorch,0.07285302877426147
datasets/plantvillage/data_distribution_for_SVM/test/26/2a7c17e2-8d4e-48aa-bc45-8b72ed2c6eff.JPG,strawberry leaf scorch,strawberry leaf scorch,0.09485196322202682
datasets/plantvillage/data_distribution_for_SVM/test/28/3cd29d67-5f40-41ab-bece-3ac510b3b431.JPG,tomato bacterial leaf spot,corn gray leaf spot,0.07416285574436188
datasets/plantvillage/data_distribution_for_SVM/test/28/89eb2696-f194-4fc2-9d63-7bac1d4e0e09.JPG,tomato bacterial leaf spot,strawberry leaf scorch,0.07411118596792221
datasets/plantvillage/data_distribution_for_SVM/test/11/7376d67f-1b13-421e-b195-65355fcf42f0.JPG,grape black rot,grape black rot,0.08134642243385315
datasets/plantvillage/data_distribution_for_SVM/test/20/07b9a036-9cb1-446f-a16a-22c731045361.JPG,potato early blight,strawberry leaf scorch,0.07791892439126968
datasets/plantvillage/data_distribution_for_SVM/test/8/a2334e70-767c-4944-93fa-517366280764.JPG,corn rust,corn gray leaf spot,0.1328924298286438
datasets/plantvillage/data_distribution_for_SVM/test/20/b5a3b692-cfa9-4fad-ac53-c2b3343b56eb.JPG,potato early blight,potato late blight,0.07335612177848816
datasets/plantvillage/data_distribution_for_SVM/test/21/e727cf02-9bf2-4a4c-b809-812c8491dfde.JPG,potato late blight,potato early blight,0.07453801482915878
datasets/plantvillage/data_distribution_for_SVM/test/7/9c27e8d8-c24a-45d5-bcb8-a410e58740df.JPG,corn gray leaf spot,corn gray leaf spot,0.1400933861732483
datasets/plantvillage/data_distribution_for_SVM/test/21/fcc5ef73-828b-47a8-9fb4-174aa228952c.JPG,potato late blight,apple black rot,0.07807794213294983
datasets/plantvillage/data_distribution_for_SVM/test/8/30d78d93-a1e6-4734-a95b-acd6847eb7cd.JPG,corn rust,corn gray leaf spot,0.09704012423753738
datasets/plantvillage/data_distribution_for_SVM/test/2/819302a7-4ccb-446f-8efc-6e81542c4044.JPG,apple rust,potato early blight,0.07311275601387024
datasets/plantvillage/data_distribution_for_SVM/test/1/4f5a4469-3b9a-4452-bdfe-c0f54beb0725.JPG,apple black rot,apple black rot,0.09456729143857956
datasets/plantvillage/data_distribution_for_SVM/test/9/78dbbf48-ca9a-49d4-bc38-2191a4852d3d.JPG,corn northern leaf blight,corn gray leaf spot,0.09241732954978943
datasets/plantvillage/data_distribution_for_SVM/test/28/f5299f05-e192-4776-838f-40b15c71e72d.JPG,tomato bacterial leaf spot,apple black rot,0.07485529780387878
datasets/plantvillage/data_distribution_for_SVM/test/30/ca9b31a7-cb69-4622-9ab6-8340f2396853.JPG,tomato late blight,potato late blight,0.07451079040765762
datasets/plantvillage/data_distribution_for_SVM/test/25/d63ff535-10d6-4166-853e-6293d7bcab01.JPG,squash powdery mildew,squash powdery mildew,0.08960841596126556
datasets/plantvillage/data_distribution_for_SVM/test/7/a3f52c67-351d-40a7-8784-8c378dae29ce.JPG,corn gray leaf spot,corn gray leaf spot,0.1524742990732193
datasets/plantvillage/data_distribution_for_SVM/test/26/f154db82-c627-4b87-9980-75c673b90ef2.JPG,strawberry leaf scorch,strawberry leaf scorch,0.09794024378061295
datasets/plantvillage/data_distribution_for_SVM/test/21/ad89f02c-341a-4310-8b21-a5fe5b2c2a7b.JPG,potato late blight,apple black rot,0.10535775125026703
datasets/plantvillage/data_distribution_for_SVM/test/29/9a135e74-8f90-4616-98ce-87db28a1e4c7.JPG,tomato early blight,potato early blight,0.07277922332286835
datasets/plantvillage/data_distribution_for_SVM/test/25/f3d10a9e-2795-44c8-8f47-895076c84186.JPG,squash powdery mildew,squash powdery mildew,0.0754246786236763
datasets/plantvillage/data_distribution_for_SVM/test/30/a44d978c-532e-4f9a-94b4-0ba805a80d5a.JPG,tomato late blight,potato late blight,0.07981482148170471
datasets/plantvillage/data_distribution_for_SVM/test/30/d1e55b4c-f497-46e6-8071-82c0c348c859.JPG,tomato late blight,potato early blight,0.07271064817905426
datasets/plantvillage/data_distribution_for_SVM/test/25/bc13c4d2-2e70-4680-af62-26542126b640.JPG,squash powdery mildew,squash powdery mildew,0.07945317775011063
datasets/plantvillage/data_distribution_for_SVM/test/29/c8958304-f7c8-4767-bc21-1b0ad6ec0a70.JPG,tomato early blight,potato early blight,0.07438893616199493
datasets/plantvillage/data_distribution_for_SVM/test/8/a8d23dc3-68c8-4dba-8233-d86973e37198.JPG,corn rust,corn gray leaf spot,0.11937247216701508
datasets/plantvillage/data_distribution_for_SVM/test/28/316ff0f1-a2bb-4ba9-a89f-5c348b456630.JPG,tomato bacterial leaf spot,apple black rot,0.0743134468793869
datasets/plantvillage/data_distribution_for_SVM/test/8/ffbc6f15-9b94-4f02-9a5a-864fdeb4f9fc.JPG,corn rust,corn northern leaf blight,0.07421751320362091
datasets/plantvillage/data_distribution_for_SVM/test/30/110c3467-c124-430f-bdae-20bfe4860ee9.JPG,tomato late blight,tomato late blight,0.07628867030143738
datasets/plantvillage/data_distribution_for_SVM/test/21/5357c067-90e6-42b7-93d2-61e2a95d4ac0.JPG,potato late blight,potato early blight,0.07455578446388245
datasets/plantvillage/data_distribution_for_SVM/test/21/4271d8dc-6ba5-40d6-b022-43f862a290c4.JPG,potato late blight,potato late blight,0.07505910098552704
datasets/plantvillage/data_distribution_for_SVM/test/28/e1695dbc-35ce-456c-800c-f6f45a75832b.JPG,tomato bacterial leaf spot,apple black rot,0.0729287788271904
datasets/plantvillage/data_distribution_for_SVM/test/26/952da40a-d4aa-4c31-b6db-97e9a55404d9.JPG,strawberry leaf scorch,strawberry leaf scorch,0.1389637291431427
datasets/plantvillage/data_distribution_for_SVM/test/30/18688dc4-251d-4c80-bb54-3602a8965296.JPG,tomato late blight,tomato late blight,0.07798369228839874
datasets/plantvillage/data_distribution_for_SVM/test/28/1c201b28-839c-40ac-85e9-7d09ead454c8.JPG,tomato bacterial leaf spot,potato early blight,0.07687393575906754
datasets/plantvillage/data_distribution_for_SVM/test/28/5f3e5e49-abd3-4ffd-b762-5a5febbd92da.JPG,tomato bacterial leaf spot,potato early blight,0.07926488667726517
datasets/plantvillage/data_distribution_for_SVM/test/20/a006fc3b-3d63-4f71-b652-0252b75effc9.JPG,potato early blight,potato early blight,0.09277819097042084
datasets/plantvillage/data_distribution_for_SVM/test/28/30250516-a5d4-4b1e-a8ea-8bb75ff8474f.JPG,tomato bacterial leaf spot,apple black rot,0.07573169469833374
datasets/plantvillage/data_distribution_for_SVM/test/28/29212c02-7555-4257-965a-56802b710672.JPG,tomato bacterial leaf spot,strawberry leaf scorch,0.07504214346408844
datasets/plantvillage/data_distribution_for_SVM/test/30/7f68479e-6061-4886-ac7b-7d488beecfe4.JPG,tomato late blight,potato late blight,0.07767767459154129
datasets/plantvillage/data_distribution_for_SVM/test/28/01d58c31-76ce-4e54-9985-f0baee7deb6e.JPG,tomato bacterial leaf spot,potato early blight,0.07492922991514206
datasets/plantvillage/data_distribution_for_SVM/test/0/05bf461d-b333-4a47-a57f-10e7f1e5cee2.JPG,apple scab,apple rust,0.07982738316059113
datasets/plantvillage/data_distribution_for_SVM/test/29/2f02ea6a-5ef4-411c-9038-ab8a29b2a423.JPG,tomato early blight,tomato late blight,0.07508523762226105
datasets/plantvillage/data_distribution_for_SVM/test/28/65e8f29f-53e3-4e2d-b49c-fb9fe14866ea.JPG,tomato bacterial leaf spot,potato early blight,0.07265634089708328
datasets/plantvillage/data_distribution_for_SVM/test/25/5fc3ae84-61e7-4c38-86b6-11b8d62225b1.JPG,squash powdery mildew,squash powdery mildew,0.07445170730352402
datasets/plantvillage/data_distribution_for_SVM/test/25/999a76c9-888e-443b-9bf9-dd1aefb6a500.JPG,squash powdery mildew,apple black rot,0.08209289610385895
datasets/plantvillage/data_distribution_for_SVM/test/11/db129abe-e479-4914-b525-65d090c8fe19.JPG,grape black rot,strawberry leaf scorch,0.07535424083471298
datasets/plantvillage/data_distribution_for_SVM/test/9/60d0ce4d-5ced-4b7b-ab08-44b3a5c363b2.JPG,corn northern leaf blight,corn gray leaf spot,0.1186290830373764
datasets/plantvillage/data_distribution_for_SVM/test/7/e33fff87-5a23-4d6d-9ba3-2d56e70799d2.JPG,corn gray leaf spot,corn rust,0.0810680165886879
datasets/plantvillage/data_distribution_for_SVM/test/28/04f7a4ad-4c34-45a9-bc7e-e0385cb89823.JPG,tomato bacterial leaf spot,potato early blight,0.07357737421989441
datasets/plantvillage/data_distribution_for_SVM/test/26/314ed1b3-db18-4374-8537-717e7c215465.JPG,strawberry leaf scorch,strawberry leaf scorch,0.0834200456738472
datasets/plantvillage/data_distribution_for_SVM/test/30/10c8c8e0-ec9f-43c3-8ac4-daa7c656b409.JPG,tomato late blight,potato early blight,0.07565799355506897
datasets/plantvillage/data_distribution_for_SVM/test/30/d994252f-186a-4c05-afa2-46f9c5ae3cc5.JPG,tomato late blight,potato late blight,0.07665827125310898
datasets/plantvillage/data_distribution_for_SVM/test/25/9096a4dc-0cd5-4814-a515-7f478ad1cb47.JPG,squash powdery mildew,squash powdery mildew,0.07526958733797073
datasets/plantvillage/data_distribution_for_SVM/test/30/d6c16133-8acb-43e9-a911-e6b9b214a383.JPG,tomato late blight,potato late blight,0.07447680085897446
datasets/plantvillage/data_distribution_for_SVM/test/20/f648b7b9-cdb4-47d2-8d9f-ab57052eb21e.JPG,potato early blight,potato early blight,0.07684758305549622
datasets/plantvillage/data_distribution_for_SVM/test/20/bf9fadda-3616-4ae6-acc6-e359b2b7dc4c.JPG,potato early blight,strawberry leaf scorch,0.07929206639528275
datasets/plantvillage/data_distribution_for_SVM/test/25/0fadf158-937f-443d-b972-0a003bd7f693.JPG,squash powdery mildew,squash powdery mildew,0.07514927536249161
datasets/plantvillage/data_distribution_for_SVM/test/2/1e2d9fa6-886a-4d54-8b50-6f3eb9d446d0.JPG,apple rust,grape black rot,0.07207024097442627
datasets/plantvillage/data_distribution_for_SVM/test/21/d26e9857-6122-4a40-9513-cb98b3638a94.JPG,potato late blight,apple black rot,0.076181560754776
datasets/plantvillage/data_distribution_for_SVM/test/7/065e32e6-53e1-4400-aeff-88fdac9d95f0.JPG,corn gray leaf spot,corn gray leaf spot,0.11609702557325363
datasets/plantvillage/data_distribution_for_SVM/test/0/fb8e919c-72a2-4f74-adc8-c74055822aba.JPG,apple scab,apple rust,0.07813375443220139
datasets/plantvillage/data_distribution_for_SVM/test/25/1e7a5b4a-da3b-4d63-96ee-7777ab36ebc2.JPG,squash powdery mildew,squash powdery mildew,0.07743124663829803
datasets/plantvillage/data_distribution_for_SVM/test/26/f8dfa9c8-33c1-427c-8435-1df8556fe7c8.JPG,strawberry leaf scorch,strawberry leaf scorch,0.08313073962926865
datasets/plantvillage/data_distribution_for_SVM/test/29/4f615872-c63d-4f2b-9de1-f6997c665a18.JPG,tomato early blight,potato late blight,0.07230164855718613
datasets/plantvillage/data_distribution_for_SVM/test/30/a39e33c5-6063-4c93-9294-a65968fc2788.JPG,tomato late blight,potato early blight,0.07517620921134949
datasets/plantvillage/data_distribution_for_SVM/test/30/5441beec-9753-497f-ac0a-61cd9d0df7a0.JPG,tomato late blight,potato early blight,0.07457148283720016
datasets/plantvillage/data_distribution_for_SVM/test/29/a80906f4-6edc-4133-95c5-558b9cdd6311.JPG,tomato early blight,potato early blight,0.07267461717128754
datasets/plantvillage/data_distribution_for_SVM/test/8/a1ca62c2-6ac6-42df-8c7e-c201ea0e5afd.JPG,corn rust,corn northern leaf blight,0.08191230893135071
datasets/plantvillage/data_distribution_for_SVM/test/28/31b3e721-3f93-4bee-ada8-783b44c672da.JPG,tomato bacterial leaf spot,strawberry leaf scorch,0.08757832646369934
datasets/plantvillage/data_distribution_for_SVM/test/7/676b4a29-b513-4b5c-acc1-d77f20373c5c.JPG,corn gray leaf spot,corn gray leaf spot,0.1598130762577057
datasets/plantvillage/data_distribution_for_SVM/test/25/28b859af-ce01-4f68-9792-6005b0007b76.JPG,squash powdery mildew,squash powdery mildew,0.0821799635887146
datasets/plantvillage/data_distribution_for_SVM/test/1/e4a4307a-f216-4249-9ca4-7aff5c7effd0.JPG,apple black rot,apple black rot,0.09403109550476074
datasets/plantvillage/data_distribution_for_SVM/test/25/1e989e60-9747-4308-8f42-01f0b39da8b6.JPG,squash powdery mildew,squash powdery mildew,0.08606206625699997
datasets/plantvillage/data_distribution_for_SVM/test/25/9c1f612d-29ad-447f-a9e0-1d27e751c43e.JPG,squash powdery mildew,squash powdery mildew,0.0773802325129509
datasets/plantvillage/data_distribution_for_SVM/test/2/a9702edc-db7f-420f-8650-d77dfb26991e.JPG,apple rust,apple rust,0.07834278792142868
datasets/plantvillage/data_distribution_for_SVM/test/28/55fb12f9-38ff-44b3-809d-a0a13adbb3cd.JPG,tomato bacterial leaf spot,strawberry leaf scorch,0.09370473772287369
datasets/plantvillage/data_distribution_for_SVM/test/28/ecaf8971-8181-4dc5-ae20-42064117106b.JPG,tomato bacterial leaf spot,potato early blight,0.07439810037612915
datasets/plantvillage/data_distribution_for_SVM/test/1/f59fd565-22ec-43d7-a2b7-55fd6e5c81c5.JPG,apple black rot,apple black rot,0.0969054251909256
datasets/plantvillage/data_distribution_for_SVM/test/20/cec8d744-1aa0-442d-b00d-beb2069eacfa.JPG,potato early blight,potato early blight,0.07509350031614304
datasets/plantvillage/data_distribution_for_SVM/test/20/27e22253-03b8-480f-a5c7-a6ed4fd0d6a3.JPG,potato early blight,strawberry leaf scorch,0.0731673464179039
datasets/plantvillage/data_distribution_for_SVM/test/8/a10faf9f-9007-4e7a-8b4b-24c601c59ecc.JPG,corn rust,corn rust,0.11211208254098892
datasets/plantvillage/data_distribution_for_SVM/test/30/a568a428-e09a-4085-904b-0e56170c8f1c.JPG,tomato late blight,potato early blight,0.07419677078723907
datasets/plantvillage/data_distribution_for_SVM/test/28/2b4cbff7-50c8-4503-8770-c1520e34729b.JPG,tomato bacterial leaf spot,potato early blight,0.07529545575380325
datasets/plantvillage/data_distribution_for_SVM/test/11/cfa11484-f6b3-49f2-8dbf-d2378909852c.JPG,grape black rot,grape black rot,0.07386230677366257
datasets/plantvillage/data_distribution_for_SVM/test/20/3cb1405a-529c-45a6-8958-a0124c311c7e.JPG,potato early blight,apple black rot,0.07519524544477463
datasets/plantvillage/data_distribution_for_SVM/test/11/bcfc2ba2-8bb1-43ed-9135-8fde15383311.JPG,grape black rot,grape black rot,0.07245976477861404
datasets/plantvillage/data_distribution_for_SVM/test/0/8afc7a68-abde-476b-aa7a-0997f4cf23da.JPG,apple scab,apple rust,0.08367151021957397
datasets/plantvillage/data_distribution_for_SVM/test/30/df4e68be-fa26-4da2-bdcf-1cdc600fdca4.JPG,tomato late blight,potato late blight,0.0758451372385025
datasets/plantvillage/data_distribution_for_SVM/test/8/93d997fa-8af4-488d-b20e-6dfc4ea73dbc.JPG,corn rust,corn gray leaf spot,0.1334005743265152
datasets/plantvillage/data_distribution_for_SVM/test/9/dbfb7149-c6a3-4fa0-8246-eb5dea86a130.JPG,corn northern leaf blight,corn gray leaf spot,0.1042986661195755
datasets/plantvillage/data_distribution_for_SVM/test/20/a23c4014-1671-4669-afdc-c1cfe5af7750.JPG,potato early blight,apple rust,0.07332201302051544
datasets/plantvillage/data_distribution_for_SVM/test/26/d929ce94-3a86-4d64-b116-67386d63784d.JPG,strawberry leaf scorch,strawberry leaf scorch,0.14955325424671173
datasets/plantvillage/data_distribution_for_SVM/test/30/af10d86a-7d65-4b12-b050-9cac70c068b3.JPG,tomato late blight,potato late blight,0.07386352121829987
datasets/plantvillage/data_distribution_for_SVM/test/30/31cc600e-3a94-49d0-8720-3edfb6ade994.JPG,tomato late blight,apple black rot,0.075429268181324
datasets/plantvillage/data_distribution_for_SVM/test/7/3d318486-0d31-4a35-9eb3-42817907f43d.JPG,corn gray leaf spot,corn northern leaf blight,0.09610016644001007
datasets/plantvillage/data_distribution_for_SVM/test/29/5b748c25-9cad-4b14-875e-733bb2461d8e.JPG,tomato early blight,potato early blight,0.0807257890701294
datasets/plantvillage/data_distribution_for_SVM/test/25/9a986bff-9a39-4f10-9b97-c315a5a924c4.JPG,squash powdery mildew,squash powdery mildew,0.07457354664802551
datasets/plantvillage/data_distribution_for_SVM/test/28/7c6dfb85-b1ef-4095-86b9-7abcfbc67f0f.JPG,tomato bacterial leaf spot,corn gray leaf spot,0.07442887127399445
datasets/plantvillage/data_distribution_for_SVM/test/30/3561203e-1333-4b50-90d2-6318bc488b43.JPG,tomato late blight,potato late blight,0.073774054646492
datasets/plantvillage/data_distribution_for_SVM/test/30/b4bfa9f7-9f3a-4aec-913a-55a3baf2edda.JPG,tomato late blight,tomato late blight,0.08384260535240173
datasets/plantvillage/data_distribution_for_SVM/test/30/6471652e-628d-4821-81ce-4857dea0739a.JPG,tomato late blight,strawberry leaf scorch,0.07368148863315582
datasets/plantvillage/data_distribution_for_SVM/test/11/05e7fd25-d017-41ab-9dd2-cc6fa67555ee.JPG,grape black rot,grape black rot,0.08969967812299728
datasets/plantvillage/data_distribution_for_SVM/test/2/edbf22ee-23b6-468d-b2ef-0f850b0d4061.JPG,apple rust,apple rust,0.0750306248664856
datasets/plantvillage/data_distribution_for_SVM/test/2/15ab411b-a767-4414-98db-c549427a98e3.JPG,apple rust,apple rust,0.07302038371562958
datasets/plantvillage/data_distribution_for_SVM/test/20/d8a92459-22f4-40d2-bc47-bba031936f28.JPG,potato early blight,potato early blight,0.07942323386669159
datasets/plantvillage/data_distribution_for_SVM/test/29/2ceb8b72-0ce9-4e65-b901-e14c93ba2c90.JPG,tomato early blight,potato late blight,0.09301114082336426
datasets/plantvillage/data_distribution_for_SVM/test/9/f4c6a8b3-0391-4b25-a998-ee7573240e4b.JPG,corn northern leaf blight,corn gray leaf spot,0.1269184648990631
datasets/plantvillage/data_distribution_for_SVM/test/29/1b9206d3-18da-4506-9e1c-b5b47e853e37.JPG,tomato early blight,potato late blight,0.07777620106935501
datasets/plantvillage/data_distribution_for_SVM/test/8/0fb422cb-b899-4079-8178-2b294729f072.JPG,corn rust,corn gray leaf spot,0.1336231529712677
datasets/plantvillage/data_distribution_for_SVM/test/20/03ade93e-dad1-4e81-b600-4ae418bdd785.JPG,potato early blight,potato early blight,0.07454480975866318
datasets/plantvillage/data_distribution_for_SVM/test/26/83d77d97-12b2-49bd-910f-669f9ab8542b.JPG,strawberry leaf scorch,strawberry leaf scorch,0.12516853213310242
datasets/plantvillage/data_distribution_for_SVM/test/8/52c8bcbf-7137-49c3-86b1-c9ca79a4806f.JPG,corn rust,corn gray leaf spot,0.1625252664089203
datasets/plantvillage/data_distribution_for_SVM/test/25/7b71f274-a502-4fdc-b750-8d7858327511.JPG,squash powdery mildew,squash powdery mildew,0.07438264787197113
datasets/plantvillage/data_distribution_for_SVM/test/9/b7102d1b-cd66-4303-9544-0ddeefc7ed12.JPG,corn northern leaf blight,corn gray leaf spot,0.12711985409259796
datasets/plantvillage/data_distribution_for_SVM/test/25/0cbaa514-3a0b-4c41-9c27-d6d05d76303f.JPG,squash powdery mildew,squash powdery mildew,0.09113192558288574
datasets/plantvillage/data_distribution_for_SVM/test/26/9c0c9a9a-362a-4a50-bf5d-7c86d3e25d9f.JPG,strawberry leaf scorch,strawberry leaf scorch,0.11510147154331207
datasets/plantvillage/data_distribution_for_SVM/test/28/942a07c7-1970-443c-a3a2-0de67390233a.JPG,tomato bacterial leaf spot,corn gray leaf spot,0.07591277360916138
datasets/plantvillage/data_distribution_for_SVM/test/28/05ec6990-cc7d-4d54-a2bd-3b6261a9511b.JPG,tomato bacterial leaf spot,strawberry leaf scorch,0.07472813129425049
datasets/plantvillage/data_distribution_for_SVM/test/11/2de2a430-e287-43bb-bff8-fc44a038274f.JPG,grape black rot,grape black rot,0.07659067213535309
datasets/plantvillage/data_distribution_for_SVM/test/26/c0a2ec2e-e987-4649-a0e7-5ad72763cd06.JPG,strawberry leaf scorch,strawberry leaf scorch,0.10006046295166016
datasets/plantvillage/data_distribution_for_SVM/test/20/2c7ad1f8-0cdc-4441-911d-de15fbae6c2e.JPG,potato early blight,potato early blight,0.07974168658256531
datasets/plantvillage/data_distribution_for_SVM/test/28/4822a61b-d4f1-4816-aafc-5e382fda1373.JPG,tomato bacterial leaf spot,strawberry leaf scorch,0.0735296756029129
datasets/plantvillage/data_distribution_for_SVM/test/30/1f71ca12-d432-4c70-b95f-d86200b8b8d8.JPG,tomato late blight,potato early blight,0.07253221422433853
datasets/plantvillage/data_distribution_for_SVM/test/28/23e3a867-006c-4c71-a7ba-36d1c0fa306a.JPG,tomato bacterial leaf spot,strawberry leaf scorch,0.0730188637971878
datasets/plantvillage/data_distribution_for_SVM/test/25/cd3da241-d7b3-49a7-bc0a-afb8c37557ca.JPG,squash powdery mildew,squash powdery mildew,0.07298827171325684
datasets/plantvillage/data_distribution_for_SVM/test/25/3adecf78-2c99-436b-94f5-43cc9bf874cd.JPG,squash powdery mildew,squash powdery mildew,0.07370123267173767
datasets/plantvillage/data_distribution_for_SVM/test/30/41f5383f-68db-4468-a26b-9fda6b3059ca.JPG,tomato late blight,potato late blight,0.07329642027616501
datasets/plantvillage/data_distribution_for_SVM/test/21/26f6fadd-f704-4192-bee4-398a4326683f.JPG,potato late blight,potato late blight,0.08467134833335876
datasets/plantvillage/data_distribution_for_SVM/test/1/af7be31e-dae5-4def-8bb6-b080abe87ef7.JPG,apple black rot,apple black rot,0.1065928041934967
datasets/plantvillage/data_distribution_for_SVM/test/9/3ae47eb2-7413-4545-bd2c-432eed1dd8be.JPG,corn northern leaf blight,corn gray leaf spot,0.0945129245519638
datasets/plantvillage/data_distribution_for_SVM/test/8/9291d25f-f5fc-4afb-b193-72c22b082b8f.JPG,corn rust,corn gray leaf spot,0.13282716274261475
datasets/plantvillage/data_distribution_for_SVM/test/11/8b71df6c-a4f8-4f7b-bf00-1f5b98aec954.JPG,grape black rot,apple black rot,0.09456634521484375
datasets/plantvillage/data_distribution_for_SVM/test/11/d92cdf84-ad39-4c0d-a185-9dbbe52a4792.JPG,grape black rot,grape black rot,0.0734400525689125
datasets/plantvillage/data_distribution_for_SVM/test/28/a8f70fe6-ee62-4990-9d22-2e7bb2a0de3b.JPG,tomato bacterial leaf spot,potato early blight,0.0745537281036377
datasets/plantvillage/data_distribution_for_SVM/test/9/f4ba8980-58ed-4c6b-aaf0-89a5a1eefd95.JPG,corn northern leaf blight,corn gray leaf spot,0.13783003389835358
datasets/plantvillage/data_distribution_for_SVM/test/8/87c9c65a-326c-454b-ac9c-f4283b64f23d.JPG,corn rust,corn gray leaf spot,0.14793509244918823
datasets/plantvillage/data_distribution_for_SVM/test/11/91cb7c46-7786-4268-9c8b-2e40e9608c78.JPG,grape black rot,grape black rot,0.07600139081478119
datasets/plantvillage/data_distribution_for_SVM/test/29/8dad7840-b851-4433-ba91-b8715a3b22d1.JPG,tomato early blight,apple black rot,0.07242988795042038
datasets/plantvillage/data_distribution_for_SVM/test/25/633b5a86-6e81-4baf-b0bd-2a35ea0fc4b4.JPG,squash powdery mildew,squash powdery mildew,0.08364199846982956
datasets/plantvillage/data_distribution_for_SVM/test/29/43c8e3f6-6f1e-47ea-b338-99e5edbd110d.JPG,tomato early blight,potato late blight,0.07378821820020676
datasets/plantvillage/data_distribution_for_SVM/test/25/2a36942d-f1d6-4e03-9daf-822276ab8f13.JPG,squash powdery mildew,squash powdery mildew,0.07858435064554214
datasets/plantvillage/data_distribution_for_SVM/test/11/4d21bdc3-0ca4-48c3-8a94-93b2ba7503dc.JPG,grape black rot,grape black rot,0.07360611110925674
datasets/plantvillage/data_distribution_for_SVM/test/30/37723e4b-28b1-4e32-a368-7bee17257284.JPG,tomato late blight,apple black rot,0.07231613993644714
datasets/plantvillage/data_distribution_for_SVM/test/28/87e8a7af-54af-4ef3-b494-07fd2a6dedaa.JPG,tomato bacterial leaf spot,strawberry leaf scorch,0.07313194125890732
datasets/plantvillage/data_distribution_for_SVM/test/9/1cfc4e2d-e74c-41d7-8155-03682337d0cd.JPG,corn northern leaf blight,corn northern leaf blight,0.09565834701061249
datasets/plantvillage/data_distribution_for_SVM/test/28/43dcf9e8-23fa-45a9-ac8f-4383275ec06f.JPG,tomato bacterial leaf spot,strawberry leaf scorch,0.07694681733846664
datasets/plantvillage/data_distribution_for_SVM/test/7/94b3d7cc-710c-4737-8981-08946d30ac62.JPG,corn gray leaf spot,corn gray leaf spot,0.1712905615568161
datasets/plantvillage/data_distribution_for_SVM/test/9/12c0d795-14d0-44a0-8463-6d6fa3edc7d0.JPG,corn northern leaf blight,corn gray leaf spot,0.10037339478731155
datasets/plantvillage/data_distribution_for_SVM/test/26/08c8090d-10f7-4257-bbf7-138d9a85afb7.JPG,strawberry leaf scorch,strawberry leaf scorch,0.13816598057746887
datasets/plantvillage/data_distribution_for_SVM/test/0/681a39b1-9fd9-4734-bf7e-c0398be76824.JPG,apple scab,apple black rot,0.07687190920114517
datasets/plantvillage/data_distribution_for_SVM/test/28/d5062c0c-e706-4605-ab23-32a694fe3aef.JPG,tomato bacterial leaf spot,potato early blight,0.07223287969827652
datasets/plantvillage/data_distribution_for_SVM/test/20/8eccb209-2220-4c13-afa3-24639ffe57e6.JPG,potato early blight,strawberry leaf scorch,0.07208791375160217
datasets/plantvillage/data_distribution_for_SVM/test/29/77805fa2-45fd-47dd-98ce-85737094dd20.JPG,tomato early blight,tomato late blight,0.07230273634195328
datasets/plantvillage/data_distribution_for_SVM/test/30/3368dba1-5572-433e-9e71-5b0884aaf6d8.JPG,tomato late blight,potato late blight,0.07297542691230774
datasets/plantvillage/data_distribution_for_SVM/test/7/58461c11-6b58-4771-a35c-0e774115b59f.JPG,corn gray leaf spot,corn gray leaf spot,0.09065882116556168
datasets/plantvillage/data_distribution_for_SVM/test/11/4fa92bb9-720e-455c-be58-9531f43ab6fc.JPG,grape black rot,grape black rot,0.07600107789039612
datasets/plantvillage/data_distribution_for_SVM/test/1/80e5eb89-f81b-49d8-a676-f2378c7a4c31.JPG,apple black rot,apple black rot,0.10535183548927307
datasets/plantvillage/data_distribution_for_SVM/test/0/fb2ee505-d100-4e2d-bd8a-f600ac71e8f2.JPG,apple scab,strawberry leaf scorch,0.07313700765371323
datasets/plantvillage/data_distribution_for_SVM/test/9/68d983bb-d2e0-4011-85c3-d8e267cc311e.JPG,corn northern leaf blight,corn gray leaf spot,0.10579261928796768
datasets/plantvillage/data_distribution_for_SVM/test/8/dda498c3-9930-4cbe-a9fb-120bacfffa8e.JPG,corn rust,corn gray leaf spot,0.11473982036113739
datasets/plantvillage/data_distribution_for_SVM/test/26/15c2b32f-153b-459e-a14c-388a94ae77d3.JPG,strawberry leaf scorch,strawberry leaf scorch,0.08155661821365356
datasets/plantvillage/data_distribution_for_SVM/test/8/516905d3-0164-4467-a904-15720f659a5e.JPG,corn rust,corn rust,0.08027955144643784
datasets/plantvillage/data_distribution_for_SVM/test/9/86f783d9-7964-463a-b958-13154f5c7b82.JPG,corn northern leaf blight,corn gray leaf spot,0.11217854917049408
datasets/plantvillage/data_distribution_for_SVM/test/28/2274db71-bd76-4c97-926b-71fc574ef4db.JPG,tomato bacterial leaf spot,potato late blight,0.07386081665754318
datasets/plantvillage/data_distribution_for_SVM/test/8/5a5b46f3-e275-4d24-8398-c49efc9ef287.JPG,corn rust,corn gray leaf spot,0.15912911295890808
datasets/plantvillage/data_distribution_for_SVM/test/8/1ca2dc28-d943-470a-8433-d5d70b754601.JPG,corn rust,corn rust,0.08231878280639648
datasets/plantvillage/data_distribution_for_SVM/test/28/e014158d-4601-44ac-8d5c-5880a13c2658.JPG,tomato bacterial leaf spot,potato early blight,0.07968182116746902
datasets/plantvillage/data_distribution_for_SVM/test/26/c226aff8-73ee-47ed-812c-5ab7e42c66b8.JPG,strawberry leaf scorch,tomato bacterial leaf spot,0.07387619465589523
datasets/plantvillage/data_distribution_for_SVM/test/8/c743c9d9-412a-43db-92dd-5580daa26ab5.JPG,corn rust,corn gray leaf spot,0.12000902742147446
datasets/plantvillage/data_distribution_for_SVM/test/28/e069746f-a4df-4742-bdc0-998def52d17a.JPG,tomato bacterial leaf spot,potato early blight,0.07342695444822311
datasets/plantvillage/data_distribution_for_SVM/test/7/3b413cdc-998e-4b88-a0f5-466d80742bdc.JPG,corn gray leaf spot,corn gray leaf spot,0.17225347459316254
datasets/plantvillage/data_distribution_for_SVM/test/11/d60e5378-39a2-4837-85b7-e16715a77b71.JPG,grape black rot,grape black rot,0.07555464655160904
datasets/plantvillage/data_distribution_for_SVM/test/25/04c0fcf9-48fa-4ca7-82e0-2ffadf19ca0e.JPG,squash powdery mildew,squash powdery mildew,0.08056622743606567
datasets/plantvillage/data_distribution_for_SVM/test/25/391ad2e5-6621-4182-a840-7df5063a1419.JPG,squash powdery mildew,squash powdery mildew,0.08067013323307037
datasets/plantvillage/data_distribution_for_SVM/test/2/25a1aa42-5aaa-43d8-90a9-44ee7e22b50a.JPG,apple rust,apple black rot,0.08009663224220276
datasets/plantvillage/data_distribution_for_SVM/test/21/bfd63ab3-31f4-485a-af62-78d52a7aaf5f.JPG,potato late blight,potato early blight,0.07763787358999252
datasets/plantvillage/data_distribution_for_SVM/test/9/86257118-c2c1-4b44-89a2-4ab52621588e.JPG,corn northern leaf blight,corn gray leaf spot,0.08082399517297745
datasets/plantvillage/data_distribution_for_SVM/test/9/3a942b5e-369b-43cf-ad83-f1b985e1db14.JPG,corn northern leaf blight,corn gray leaf spot,0.12258132547140121
datasets/plantvillage/data_distribution_for_SVM/test/9/b4f634e7-d650-480d-8c73-80e14a624bea.JPG,corn northern leaf blight,corn rust,0.09820932894945145
datasets/plantvillage/data_distribution_for_SVM/test/20/fb04f152-bde9-4508-8e5a-05fa26237993.JPG,potato early blight,potato early blight,0.07292626798152924
datasets/plantvillage/data_distribution_for_SVM/test/11/eb6caf24-b87d-4b10-a5a4-d6cdbf0af84b.JPG,grape black rot,grape black rot,0.0732434019446373
datasets/plantvillage/data_distribution_for_SVM/test/25/605a4fd8-69df-43e6-b624-586a33651e24.JPG,squash powdery mildew,squash powdery mildew,0.07644572854042053
datasets/plantvillage/data_distribution_for_SVM/test/26/6118d5b9-d938-48dc-aff3-6e95b4e1e8bc.JPG,strawberry leaf scorch,strawberry leaf scorch,0.12122411280870438
datasets/plantvillage/data_distribution_for_SVM/test/28/e344ddf6-1e75-423b-9acc-0602e5c14dbb.JPG,tomato bacterial leaf spot,strawberry leaf scorch,0.0755581259727478
datasets/plantvillage/data_distribution_for_SVM/test/29/3e05a76b-f144-4200-9355-a755cc1a3253.JPG,tomato early blight,potato early blight,0.0734398365020752
datasets/plantvillage/data_distribution_for_SVM/test/8/75644730-e87a-4234-bd19-98f92a897838.JPG,corn rust,corn rust,0.09758865833282471
datasets/plantvillage/data_distribution_for_SVM/test/11/d0a6ca39-ebe1-41da-9a6b-5cc90caba2a5.JPG,grape black rot,squash powdery mildew,0.07586409151554108
datasets/plantvillage/data_distribution_for_SVM/test/25/4aced111-6a48-42d6-8620-4aa97d19bec1.JPG,squash powdery mildew,squash powdery mildew,0.07375506311655045
datasets/plantvillage/data_distribution_for_SVM/test/2/9598f777-a122-4a6e-879b-5d0e9ae0b1e0.JPG,apple rust,corn gray leaf spot,0.07390384376049042
datasets/plantvillage/data_distribution_for_SVM/test/8/b921f224-19da-45a7-8fac-1ca5df5e193c.JPG,corn rust,corn gray leaf spot,0.1303643137216568
datasets/plantvillage/data_distribution_for_SVM/test/25/235fa3f7-c2af-45de-9b49-768123ebd60e.JPG,squash powdery mildew,squash powdery mildew,0.0792451947927475
datasets/plantvillage/data_distribution_for_SVM/test/26/37e093ca-7395-479f-8bb7-c67ffdff3da9.JPG,strawberry leaf scorch,strawberry leaf scorch,0.16303957998752594
datasets/plantvillage/data_distribution_for_SVM/test/20/ddf68364-40df-4561-9a26-55527c879a3b.JPG,potato early blight,potato early blight,0.07957006245851517
datasets/plantvillage/data_distribution_for_SVM/test/21/660c224e-ae12-4e87-ae53-17101b60f73d.JPG,potato late blight,apple black rot,0.07328494638204575
datasets/plantvillage/data_distribution_for_SVM/test/0/9393e43d-8372-4fa5-8ac4-61a3b4936787.JPG,apple scab,potato late blight,0.07767058163881302
datasets/plantvillage/data_distribution_for_SVM/test/8/d1f32024-9bd0-4430-a310-0a722617bcb7.JPG,corn rust,corn gray leaf spot,0.12664039433002472
datasets/plantvillage/data_distribution_for_SVM/test/28/c28a6461-78d0-4fd1-b38e-a262130b155a.JPG,tomato bacterial leaf spot,strawberry leaf scorch,0.0774402767419815
datasets/plantvillage/data_distribution_for_SVM/test/20/4f958c59-3d48-4e46-be90-fe9cb5c7cf9a.JPG,potato early blight,strawberry leaf scorch,0.07552565634250641
datasets/plantvillage/data_distribution_for_SVM/test/30/41b772f9-74c0-4f54-a5af-6bf84c47ce91.JPG,tomato late blight,potato early blight,0.07747096568346024
datasets/plantvillage/data_distribution_for_SVM/test/30/90fc3fa1-94ce-4e02-8c26-0a058f6add57.JPG,tomato late blight,tomato late blight,0.07635481655597687
datasets/plantvillage/data_distribution_for_SVM/test/30/5e0f2c9f-9816-4e63-9e5c-9d0a4667d9b8.JPG,tomato late blight,tomato late blight,0.07311904430389404
datasets/plantvillage/data_distribution_for_SVM/test/21/6a079009-29f9-4f1a-9104-50827c1351ae.JPG,potato late blight,potato early blight,0.07449399679899216
datasets/plantvillage/data_distribution_for_SVM/test/28/82d7cef1-7d78-4255-8eab-17168cfab46c.JPG,tomato bacterial leaf spot,strawberry leaf scorch,0.0750822052359581
datasets/plantvillage/data_distribution_for_SVM/test/9/3ae78e30-c7fb-4b7e-a30f-0ae53a99b746.JPG,corn northern leaf blight,corn gray leaf spot,0.11872239410877228
datasets/plantvillage/data_distribution_for_SVM/test/25/6a9e0787-4921-4fb2-baf1-7ec1f3b13ef8.JPG,squash powdery mildew,corn gray leaf spot,0.07482264935970306
datasets/plantvillage/data_distribution_for_SVM/test/11/c48a9840-d7cc-4e6a-8bed-14de0cd676bb.JPG,grape black rot,grape black rot,0.10458920150995255
datasets/plantvillage/data_distribution_for_SVM/test/28/b68de7cb-6632-4241-b764-25819a1f0198.JPG,tomato bacterial leaf spot,potato late blight,0.07248883694410324
datasets/plantvillage/data_distribution_for_SVM/test/7/e81f004b-7379-42dc-8034-546c4dbdcc33.JPG,corn gray leaf spot,corn gray leaf spot,0.16990859806537628
datasets/plantvillage/data_distribution_for_SVM/test/9/6b12c41b-0e2b-4ddf-8e22-3dd80ed79d81.JPG,corn northern leaf blight,corn gray leaf spot,0.11582314223051071
datasets/plantvillage/data_distribution_for_SVM/test/26/1856f466-70f4-4247-9ba5-24df14892269.JPG,strawberry leaf scorch,strawberry leaf scorch,0.07965635508298874
datasets/plantvillage/data_distribution_for_SVM/test/30/a514128a-829a-4c78-a767-80584a4bd2ca.JPG,tomato late blight,potato late blight,0.08189361542463303
datasets/plantvillage/data_distribution_for_SVM/test/26/b44047af-924d-42e5-8d91-eff624ebafac.JPG,strawberry leaf scorch,strawberry leaf scorch,0.11536423861980438
datasets/plantvillage/data_distribution_for_SVM/test/30/d3c50a7e-161c-4d3d-99ef-4e1fc92851df.JPG,tomato late blight,potato late blight,0.07936560362577438
datasets/plantvillage/data_distribution_for_SVM/test/25/86e4b213-245a-4daf-a245-ed9f0b03d9b9.JPG,squash powdery mildew,squash powdery mildew,0.08054601401090622
datasets/plantvillage/data_distribution_for_SVM/test/21/fef8b22b-299a-4ebd-bfd1-f7ee985195f4.JPG,potato late blight,potato late blight,0.07482635974884033
datasets/plantvillage/data_distribution_for_SVM/test/28/cb8ced70-6a58-4a91-9414-fa56444c61ce.JPG,tomato bacterial leaf spot,strawberry leaf scorch,0.07329064607620239
datasets/plantvillage/data_distribution_for_SVM/test/20/a355045c-52f9-4bec-9c61-d2f814549af8.JPG,potato early blight,apple black rot,0.07205027341842651
datasets/plantvillage/data_distribution_for_SVM/test/11/762b5d9a-ec02-4dfe-a7af-c508544ce557.JPG,grape black rot,grape black rot,0.09901128709316254
datasets/plantvillage/data_distribution_for_SVM/test/28/27e02b01-a58c-4295-b938-a8da1dcb654a.JPG,tomato bacterial leaf spot,potato early blight,0.07657880336046219
datasets/plantvillage/data_distribution_for_SVM/test/11/8c91b9d8-4cfc-491e-8e27-6f3af8360177.JPG,grape black rot,grape black rot,0.08396972715854645
datasets/plantvillage/data_distribution_for_SVM/test/9/6a3b5489-711b-426c-8f8e-5d5dbfe66e3f.JPG,corn northern leaf blight,corn gray leaf spot,0.1270592361688614
datasets/plantvillage/data_distribution_for_SVM/test/9/cf082570-48d9-443f-a102-7e4bd27768a1.JPG,corn northern leaf blight,corn northern leaf blight,0.08976750075817108
datasets/plantvillage/data_distribution_for_SVM/test/9/323e3c74-13ee-42f3-b477-2d5ae870bac5.JPG,corn northern leaf blight,corn northern leaf blight,0.09088174998760223
datasets/plantvillage/data_distribution_for_SVM/test/20/6329efb7-3e0f-436c-acba-a485dad269b0.JPG,potato early blight,potato early blight,0.07393305003643036
datasets/plantvillage/data_distribution_for_SVM/test/1/72adaa7e-9c91-4b4b-b92b-54fe0214ebbf.JPG,apple black rot,apple black rot,0.0957665666937828
datasets/plantvillage/data_distribution_for_SVM/test/20/c5cdfa12-5407-469c-9897-f4d6dae02808.JPG,potato early blight,strawberry leaf scorch,0.07270275801420212
datasets/plantvillage/data_distribution_for_SVM/test/20/fdaa32b8-6ba3-48ba-a15c-158d2137f8fa.JPG,potato early blight,potato early blight,0.08312290906906128
datasets/plantvillage/data_distribution_for_SVM/test/28/ae9dba9e-ccad-46b6-b7f2-adcbc45e09c2.JPG,tomato bacterial leaf spot,apple black rot,0.07498040795326233
datasets/plantvillage/data_distribution_for_SVM/test/30/c7eec4e5-9b0a-4b85-8271-d399ff98409e.JPG,tomato late blight,potato early blight,0.07694794982671738
datasets/plantvillage/data_distribution_for_SVM/test/11/8e0ff594-969d-49c5-b299-268af12e7ff2.JPG,grape black rot,grape black rot,0.08672881871461868
datasets/plantvillage/data_distribution_for_SVM/test/8/ad668ebe-9f14-4bc7-a150-392b66d46010.JPG,corn rust,corn gray leaf spot,0.1017354279756546
datasets/plantvillage/data_distribution_for_SVM/test/9/6e92d481-4ba4-4df9-b5e2-d31eb829bb37.JPG,corn northern leaf blight,corn gray leaf spot,0.12505421042442322
datasets/plantvillage/data_distribution_for_SVM/test/30/aa85efec-c09c-498c-83c4-7d6e82211bf1.JPG,tomato late blight,potato late blight,0.08564075827598572
datasets/plantvillage/data_distribution_for_SVM/test/28/a8450de8-b7cb-4325-8097-f9b2a515bc29.JPG,tomato bacterial leaf spot,tomato bacterial leaf spot,0.07275477051734924
datasets/plantvillage/data_distribution_for_SVM/test/20/62817165-8fe3-42cc-8e9c-631ec0858a9e.JPG,potato early blight,strawberry leaf scorch,0.07808495312929153
datasets/plantvillage/data_distribution_for_SVM/test/21/32ae57a0-c429-4bbc-9c95-bde9821dd91e.JPG,potato late blight,potato late blight,0.07230234146118164
datasets/plantvillage/data_distribution_for_SVM/test/29/b68348bb-dad6-4609-8b64-43ca7031f600.JPG,tomato early blight,potato early blight,0.07444876432418823
datasets/plantvillage/data_distribution_for_SVM/test/11/8bc0960f-d585-457f-b074-aba61b03ff87.JPG,grape black rot,strawberry leaf scorch,0.07761265337467194
datasets/plantvillage/data_distribution_for_SVM/test/11/a90427b1-b7ed-4eaa-b329-3f9322e06aa3.JPG,grape black rot,grape black rot,0.0819336473941803
datasets/plantvillage/data_distribution_for_SVM/test/0/4c6d5630-bdc0-43c6-b873-1d4b0e168727.JPG,apple scab,apple black rot,0.07269786298274994
datasets/plantvillage/data_distribution_for_SVM/test/25/dbe9a69a-5b5b-4c7c-a9c9-765af4e11efc.JPG,squash powdery mildew,squash powdery mildew,0.0775243267416954
datasets/plantvillage/data_distribution_for_SVM/test/9/1e6679e2-3e7a-4782-9ac7-28849e0a29be.JPG,corn northern leaf blight,corn gray leaf spot,0.08654947578907013
datasets/plantvillage/data_distribution_for_SVM/test/9/7ef9bafb-a9c0-4141-936f-573fbb9618a3.JPG,corn northern leaf blight,corn gray leaf spot,0.10669755935668945
datasets/plantvillage/data_distribution_for_SVM/test/29/8e23d9f4-1060-4d37-8093-27941f67e097.JPG,tomato early blight,tomato late blight,0.07500801980495453
datasets/plantvillage/data_distribution_for_SVM/test/9/e2aac34b-a1ed-4675-99d3-3eb68edd93e3.JPG,corn northern leaf blight,corn northern leaf blight,0.11720272898674011
datasets/plantvillage/data_distribution_for_SVM/test/21/12319578-c890-4eae-a292-29725c06f601.JPG,potato late blight,potato late blight,0.0804520919919014
datasets/plantvillage/data_distribution_for_SVM/test/1/864289bf-54c5-4dad-b7a7-73d8a0257970.JPG,apple black rot,apple black rot,0.10369596630334854
datasets/plantvillage/data_distribution_for_SVM/test/20/af5ed67b-9c54-4dbf-94a1-3fb252a09fa5.JPG,potato early blight,potato early blight,0.07415061444044113
datasets/plantvillage/data_distribution_for_SVM/test/0/1aef6002-435e-42c1-ac33-47b5a07e88b3.JPG,apple scab,apple rust,0.07306850701570511
datasets/plantvillage/data_distribution_for_SVM/test/30/e8dbf21f-87a2-4d8b-8a24-72b92c762f46.JPG,tomato late blight,apple black rot,0.07927057892084122
datasets/plantvillage/data_distribution_for_SVM/test/8/ce902532-575c-4ade-890b-71b06f12f1e0.JPG,corn rust,corn gray leaf spot,0.09034258872270584
datasets/plantvillage/data_distribution_for_SVM/test/30/a09c509a-21c3-489a-bae5-7b2630cba46c.JPG,tomato late blight,potato early blight,0.07307665050029755
datasets/plantvillage/data_distribution_for_SVM/test/29/cc8ec236-e354-452f-9009-8ee042424cf6.JPG,tomato early blight,strawberry leaf scorch,0.07270178943872452
datasets/plantvillage/data_distribution_for_SVM/test/11/d2b635ef-f04f-476c-9997-4389d009b9b2.JPG,grape black rot,grape black rot,0.08342721313238144
datasets/plantvillage/data_distribution_for_SVM/test/28/9f5d25ca-b18d-47a0-bde8-96fe81105557.JPG,tomato bacterial leaf spot,corn gray leaf spot,0.07300367951393127
datasets/plantvillage/data_distribution_for_SVM/test/7/5ddb1aae-f8ba-4292-ac3f-b932f2d16e07.JPG,corn gray leaf spot,corn gray leaf spot,0.11253667622804642
datasets/plantvillage/data_distribution_for_SVM/test/29/9c0cdb1e-4a41-47a8-a57c-cd7a9b15e0e8.JPG,tomato early blight,potato early blight,0.07672720402479172
datasets/plantvillage/data_distribution_for_SVM/test/25/6c86659c-0a3d-49e0-83da-d3e60799df07.JPG,squash powdery mildew,squash powdery mildew,0.08302818238735199
datasets/plantvillage/data_distribution_for_SVM/test/28/fd772aaf-d1fb-41d1-999c-f66c834a7e9b.JPG,tomato bacterial leaf spot,strawberry leaf scorch,0.07403736561536789
datasets/plantvillage/data_distribution_for_SVM/test/8/13e280b5-2d4e-49dc-99cc-af462e082422.JPG,corn rust,corn gray leaf spot,0.16035571694374084
datasets/plantvillage/data_distribution_for_SVM/test/20/3ac95bf1-8e43-457b-9818-7a286389e95a.JPG,potato early blight,potato early blight,0.07291794568300247
datasets/plantvillage/data_distribution_for_SVM/test/11/1b56291e-945a-4c28-88eb-e956999b60a5.JPG,grape black rot,grape black rot,0.07859998196363449
datasets/plantvillage/data_distribution_for_SVM/test/0/93381ea3-bfc8-477b-bb8e-a32172e28d96.JPG,apple scab,corn gray leaf spot,0.07306981831789017
datasets/plantvillage/data_distribution_for_SVM/test/29/0f5c9d01-ecc8-4ae0-895a-81973ec192bf.JPG,tomato early blight,potato early blight,0.08529019355773926
datasets/plantvillage/data_distribution_for_SVM/test/28/cf277dcc-9f59-4803-af8b-991915882c71.JPG,tomato bacterial leaf spot,apple black rot,0.07215146720409393
datasets/plantvillage/data_distribution_for_SVM/test/30/0752d09a-6750-48a5-8df3-7a6e1bf98ddc.JPG,tomato late blight,potato early blight,0.0724930614233017
datasets/plantvillage/data_distribution_for_SVM/test/29/a17f9183-13d1-4b84-93fc-be0c830fa80c.JPG,tomato early blight,potato early blight,0.07473142445087433
datasets/plantvillage/data_distribution_for_SVM/test/28/25366301-a9e3-4581-93e2-78a843830410.JPG,tomato bacterial leaf spot,strawberry leaf scorch,0.07455305010080338
datasets/plantvillage/data_distribution_for_SVM/test/2/e1e18826-21f5-48bb-8b23-dc6e3c8b58ca.JPG,apple rust,apple black rot,0.07377939671278
datasets/plantvillage/data_distribution_for_SVM/test/21/b332556f-df6b-4478-9987-39257bfb1420.JPG,potato late blight,apple black rot,0.07485418766736984
datasets/plantvillage/data_distribution_for_SVM/test/26/2bbe3a3b-b477-4eed-a0eb-490951f5af2d.JPG,strawberry leaf scorch,strawberry leaf scorch,0.09544022381305695
datasets/plantvillage/data_distribution_for_SVM/test/26/85098311-1336-4ef8-8764-c011792cd67b.JPG,strawberry leaf scorch,strawberry leaf scorch,0.15542808175086975
datasets/plantvillage/data_distribution_for_SVM/test/21/a6031c41-b5cc-4386-a440-ebc748cc0fbd.JPG,potato late blight,potato late blight,0.07750606536865234
datasets/plantvillage/data_distribution_for_SVM/test/28/9ea33924-8f42-437d-97a3-8f5c3e3b6dca.JPG,tomato bacterial leaf spot,potato early blight,0.07548785954713821
datasets/plantvillage/data_distribution_for_SVM/test/28/e3ef85e4-7582-4fb7-a741-6d5ae214677c.JPG,tomato bacterial leaf spot,apple black rot,0.07287102192640305
datasets/plantvillage/data_distribution_for_SVM/test/25/11fd06e3-4acf-404c-9417-f029103aa13a.JPG,squash powdery mildew,squash powdery mildew,0.07512734085321426
datasets/plantvillage/data_distribution_for_SVM/test/11/1e1cd2c9-de35-4161-9ffb-a130db0a6a21.JPG,grape black rot,grape black rot,0.07359924167394638
datasets/plantvillage/data_distribution_for_SVM/test/8/44392e38-da8b-40b0-b478-9cd3919e6fa0.JPG,corn rust,corn gray leaf spot,0.11491931229829788
datasets/plantvillage/data_distribution_for_SVM/test/26/e806b925-9dad-480d-b006-132854b4d4b6.JPG,strawberry leaf scorch,potato late blight,0.07270915061235428
datasets/plantvillage/data_distribution_for_SVM/test/28/72226da9-3151-4b51-bccd-ca6a7f516268.JPG,tomato bacterial leaf spot,corn gray leaf spot,0.07275000214576721
datasets/plantvillage/data_distribution_for_SVM/test/8/16294c37-6135-4d04-bdb1-7b38dab78db9.JPG,corn rust,corn rust,0.1208760142326355
datasets/plantvillage/data_distribution_for_SVM/test/30/b6babf49-52f2-452e-9e73-7eb8c089d950.JPG,tomato late blight,potato early blight,0.07239638268947601
datasets/plantvillage/data_distribution_for_SVM/test/28/ba6c3559-6cea-4b3b-9c9a-30bb6aa29e54.JPG,tomato bacterial leaf spot,apple black rot,0.07332700490951538
datasets/plantvillage/data_distribution_for_SVM/test/25/3b701c0f-b5b3-4f2e-8fc7-95984195d592.JPG,squash powdery mildew,squash powdery mildew,0.08141664415597916
datasets/plantvillage/data_distribution_for_SVM/test/28/d5c3fdeb-e1fb-463b-95e7-1d25bb7c1ef5.JPG,tomato bacterial leaf spot,strawberry leaf scorch,0.0723739042878151
datasets/plantvillage/data_distribution_for_SVM/test/8/98bd8ffa-d6f4-4071-8dfa-ef26d56f8b03.JPG,corn rust,corn rust,0.10801322758197784
datasets/plantvillage/data_distribution_for_SVM/test/11/18c9bba0-f057-4158-80a0-157f05c6a6d1.JPG,grape black rot,grape black rot,0.08984941244125366
datasets/plantvillage/data_distribution_for_SVM/test/26/3b5bdf52-b9ba-43b3-b38f-a8e0c5fc9c07.JPG,strawberry leaf scorch,strawberry leaf scorch,0.08194026350975037
datasets/plantvillage/data_distribution_for_SVM/test/9/02d87f39-a9dd-4fb1-bdb4-2d835e9aa64f.JPG,corn northern leaf blight,corn rust,0.1156763806939125
datasets/plantvillage/data_distribution_for_SVM/test/1/35a29e33-b1b1-48e3-a5e6-e1108abd808f.JPG,apple black rot,apple black rot,0.08331974595785141
datasets/plantvillage/data_distribution_for_SVM/test/28/f07fe471-5393-4d08-b7fc-876be942a3b1.JPG,tomato bacterial leaf spot,corn gray leaf spot,0.07281040400266647
datasets/plantvillage/data_distribution_for_SVM/test/21/38bf2f5d-a08b-4975-8a8e-894da96ac228.JPG,potato late blight,apple black rot,0.072917141020298
datasets/plantvillage/data_distribution_for_SVM/test/20/b81190b2-018d-4b4d-8dae-6ba401b33661.JPG,potato early blight,potato early blight,0.07618851214647293
datasets/plantvillage/data_distribution_for_SVM/test/8/7c0385d3-bf7c-480c-bec6-cecd69f1436b.JPG,corn rust,corn gray leaf spot,0.11512593179941177
datasets/plantvillage/data_distribution_for_SVM/test/28/c639c1a6-5584-4d93-881c-6fb86a8fe753.JPG,tomato bacterial leaf spot,strawberry leaf scorch,0.07376374304294586
datasets/plantvillage/data_distribution_for_SVM/test/28/8beb8617-12af-49b6-9768-a491384a803e.JPG,tomato bacterial leaf spot,corn gray leaf spot,0.07249902188777924
datasets/plantvillage/data_distribution_for_SVM/test/28/f4ee4338-0b8c-4d99-be9f-df7276d3d0ee.JPG,tomato bacterial leaf spot,tomato late blight,0.07398389279842377
datasets/plantvillage/data_distribution_for_SVM/test/28/1d9f5359-7dc3-499e-98ba-149fb205ad0c.JPG,tomato bacterial leaf spot,strawberry leaf scorch,0.0803188905119896
datasets/plantvillage/data_distribution_for_SVM/test/9/57169dbb-aece-49fb-a551-b75c295e1462.JPG,corn northern leaf blight,corn gray leaf spot,0.09142323583364487
datasets/plantvillage/data_distribution_for_SVM/test/7/47123b86-1580-4a64-a917-ae4f33e40d86.JPG,corn gray leaf spot,corn gray leaf spot,0.12456425279378891
datasets/plantvillage/data_distribution_for_SVM/test/29/5572d419-6f90-4688-b425-a83cc85790c4.JPG,tomato early blight,potato early blight,0.07540435343980789
datasets/plantvillage/data_distribution_for_SVM/test/28/1a5c673d-472f-4f19-bab9-2c42c0947462.JPG,tomato bacterial leaf spot,potato early blight,0.0795024037361145
datasets/plantvillage/data_distribution_for_SVM/test/29/a8e4bbbc-267f-4ee0-a0ec-6f3199067d82.JPG,tomato early blight,potato early blight,0.07665089517831802
datasets/plantvillage/data_distribution_for_SVM/test/26/6fbbefdc-41df-454e-8e12-025f1eddae87.JPG,strawberry leaf scorch,strawberry leaf scorch,0.08649744838476181
datasets/plantvillage/data_distribution_for_SVM/test/28/ff37ec05-66da-4494-8fc0-af41f424e10f.JPG,tomato bacterial leaf spot,potato early blight,0.07480168342590332
datasets/plantvillage/data_distribution_for_SVM/test/28/6139b453-9af8-4671-a891-6b3abef59b6d.JPG,tomato bacterial leaf spot,strawberry leaf scorch,0.07603271305561066
datasets/plantvillage/data_distribution_for_SVM/test/28/48a73e86-9628-4406-8178-55fcc44eb5e2.JPG,tomato bacterial leaf spot,potato early blight,0.07533971220254898
datasets/plantvillage/data_distribution_for_SVM/test/30/e4ee2275-fa4b-4e58-9741-237be0a7a8cf.JPG,tomato late blight,potato late blight,0.07512752711772919
datasets/plantvillage/data_distribution_for_SVM/test/21/fd9f4046-c3cc-4d2c-817f-0160227c192b.JPG,potato late blight,potato early blight,0.07534529268741608
datasets/plantvillage/data_distribution_for_SVM/test/8/953c0b67-f8e9-4c9b-bb81-1338f9fdfb95.JPG,corn rust,corn gray leaf spot,0.08140766620635986
datasets/plantvillage/data_distribution_for_SVM/test/2/9ddb3dc9-f19c-44ec-bcfb-a520ebcee49f.JPG,apple rust,apple black rot,0.07248429208993912
datasets/plantvillage/data_distribution_for_SVM/test/30/f9a27367-6a8d-4300-b316-a378aa8a425f.JPG,tomato late blight,apple black rot,0.07283797115087509
datasets/plantvillage/data_distribution_for_SVM/test/25/69c4dfbd-3e0b-4f6b-aacc-00fea9f33636.JPG,squash powdery mildew,squash powdery mildew,0.07725721597671509
datasets/plantvillage/data_distribution_for_SVM/test/21/2da4f8ab-e74f-4f39-92eb-1bf5deb1850e.JPG,potato late blight,potato early blight,0.08225318044424057
datasets/plantvillage/data_distribution_for_SVM/test/20/8912c8d4-1853-4634-9720-c53bd220c3b9.JPG,potato early blight,potato early blight,0.07457414269447327
datasets/plantvillage/data_distribution_for_SVM/test/21/c57d9e09-5691-46ea-b63d-e16d97354afe.JPG,potato late blight,potato early blight,0.07236815989017487
datasets/plantvillage/data_distribution_for_SVM/test/28/39c43415-4e5b-469d-a4f2-2ec207d1329b.JPG,tomato bacterial leaf spot,potato early blight,0.07386132329702377
datasets/plantvillage/data_distribution_for_SVM/test/9/e6684b15-85b7-4d0a-9dca-3ea0aa32489b.JPG,corn northern leaf blight,corn gray leaf spot,0.12310661375522614
datasets/plantvillage/data_distribution_for_SVM/test/11/c367d085-8a57-472a-bdcd-cd05c2c90f33.JPG,grape black rot,strawberry leaf scorch,0.07473674416542053
datasets/plantvillage/data_distribution_for_SVM/test/30/b13f089b-df07-4e04-8612-836d64582a63.JPG,tomato late blight,strawberry leaf scorch,0.07194136828184128
datasets/plantvillage/data_distribution_for_SVM/test/30/12838706-87da-4871-9a73-2ab159722a2e.JPG,tomato late blight,apple black rot,0.1039787083864212
datasets/plantvillage/data_distribution_for_SVM/test/11/368b31c4-b8b2-46a3-a339-ae8022d921c9.JPG,grape black rot,potato early blight,0.07978210598230362
datasets/plantvillage/data_distribution_for_SVM/test/25/fb671444-7e0e-4ef0-a64b-ae7ae32c23a9.JPG,squash powdery mildew,squash powdery mildew,0.0735321119427681
datasets/plantvillage/data_distribution_for_SVM/test/8/911bdc2c-c760-4c07-8aea-07c3fff8a0af.JPG,corn rust,corn gray leaf spot,0.11993837356567383
datasets/plantvillage/data_distribution_for_SVM/test/28/8e9f54eb-b67e-46c6-9048-50829bc1c200.JPG,tomato bacterial leaf spot,strawberry leaf scorch,0.07241080701351166
datasets/plantvillage/data_distribution_for_SVM/test/9/c09517cb-bcb8-400d-92de-f852c473abb7.JPG,corn northern leaf blight,corn gray leaf spot,0.09232138097286224
datasets/plantvillage/data_distribution_for_SVM/test/11/d8694a57-4114-4723-9498-b162871e8314.JPG,grape black rot,grape black rot,0.08020090311765671
datasets/plantvillage/data_distribution_for_SVM/test/0/0fe6444d-d776-43cb-a5c7-919501763818.JPG,apple scab,apple black rot,0.07610286772251129
datasets/plantvillage/data_distribution_for_SVM/test/26/894b6950-d121-40ba-8458-1512b8083a23.JPG,strawberry leaf scorch,strawberry leaf scorch,0.07330956310033798
datasets/plantvillage/data_distribution_for_SVM/test/26/c280cba9-58c5-4f36-97d6-b203c57a954d.JPG,strawberry leaf scorch,strawberry leaf scorch,0.07447772473096848
datasets/plantvillage/data_distribution_for_SVM/test/30/8a79ae29-ee9d-4012-842c-50f0969498a8.JPG,tomato late blight,potato early blight,0.07224290817975998
datasets/plantvillage/data_distribution_for_SVM/test/1/d55ed201-0715-4b6b-b485-207fcded12a0.JPG,apple black rot,apple black rot,0.10610560327768326
datasets/plantvillage/data_distribution_for_SVM/test/28/d8685134-4175-47b0-9f5f-fd9d887d7124.JPG,tomato bacterial leaf spot,potato early blight,0.07328371703624725
datasets/plantvillage/data_distribution_for_SVM/test/20/05ce521e-7a17-48a3-b084-d46efde8f168.JPG,potato early blight,potato early blight,0.07464633136987686
datasets/plantvillage/data_distribution_for_SVM/test/1/d935e261-fdd2-4700-b539-649fcb747a8d.JPG,apple black rot,apple black rot,0.08283231407403946
datasets/plantvillage/data_distribution_for_SVM/test/28/54a1fb67-4644-47f4-90a1-049fd646e9b2.JPG,tomato bacterial leaf spot,potato early blight,0.07485783845186234
datasets/plantvillage/data_distribution_for_SVM/test/11/2d205da6-9db3-4562-b500-919147b6c813.JPG,grape black rot,grape black rot,0.0752449482679367
datasets/plantvillage/data_distribution_for_SVM/test/28/20a498ab-a787-4ea8-926c-8a6e33fd1a18.JPG,tomato bacterial leaf spot,strawberry leaf scorch,0.07465014606714249
datasets/plantvillage/data_distribution_for_SVM/test/9/4be8bdb0-b5a4-4f55-b42f-62683c753c3c.JPG,corn northern leaf blight,corn gray leaf spot,0.0942026674747467
datasets/plantvillage/data_distribution_for_SVM/test/25/75976d3c-06bf-4c00-975a-32fcd6d4b78d.JPG,squash powdery mildew,squash powdery mildew,0.0771784707903862
datasets/plantvillage/data_distribution_for_SVM/test/29/858575f4-a3cf-45f0-a165-1ed7f6315aae.JPG,tomato early blight,potato early blight,0.08235332369804382
datasets/plantvillage/data_distribution_for_SVM/test/9/a9a79566-dddb-438b-b09d-dd1559747933.JPG,corn northern leaf blight,corn gray leaf spot,0.15748204290866852
datasets/plantvillage/data_distribution_for_SVM/test/25/8e49889e-ed22-4032-a946-01a054cb4c93.JPG,squash powdery mildew,apple black rot,0.07729782909154892
datasets/plantvillage/data_distribution_for_SVM/test/25/8620e544-0846-4e18-beb4-034255e663ed.JPG,squash powdery mildew,squash powdery mildew,0.0833982601761818
datasets/plantvillage/data_distribution_for_SVM/test/29/996d948a-0828-4ea6-bfb3-ddb63f7bcf20.JPG,tomato early blight,apple black rot,0.07400701940059662
datasets/plantvillage/data_distribution_for_SVM/test/9/20091898-ec61-49a0-a2ff-ea32077363f1.JPG,corn northern leaf blight,corn gray leaf spot,0.11130990087985992
datasets/plantvillage/data_distribution_for_SVM/test/11/92d9446c-b141-4d80-8ceb-7c71bb5a8db4.JPG,grape black rot,apple black rot,0.07647711038589478
datasets/plantvillage/data_distribution_for_SVM/test/28/520178da-be2f-4e7b-87e7-576b7e7a3632.JPG,tomato bacterial leaf spot,apple rust,0.07287947833538055
datasets/plantvillage/data_distribution_for_SVM/test/28/0ffba7e6-070d-4244-86f1-0fc17fc55ef7.JPG,tomato bacterial leaf spot,corn gray leaf spot,0.08602435141801834
datasets/plantvillage/data_distribution_for_SVM/test/25/b0b3228b-d09c-4ccd-a3be-7255ae2af8dd.JPG,squash powdery mildew,squash powdery mildew,0.07690253108739853
datasets/plantvillage/data_distribution_for_SVM/test/0/cc4f40bc-417e-4e85-b6ec-952339769513.JPG,apple scab,apple black rot,0.08057443797588348
datasets/plantvillage/data_distribution_for_SVM/test/28/da390750-63bb-49ac-af85-2376d2422ec2.JPG,tomato bacterial leaf spot,strawberry leaf scorch,0.07254180312156677
datasets/plantvillage/data_distribution_for_SVM/test/20/fd193f3f-a6d1-4a92-b755-ef7588e3e6f0.JPG,potato early blight,apple black rot,0.07598887383937836
datasets/plantvillage/data_distribution_for_SVM/test/8/70cc2fbe-1c09-4627-aece-1cde28163b2d.JPG,corn rust,corn gray leaf spot,0.08854802697896957
datasets/plantvillage/data_distribution_for_SVM/test/26/eae398e9-432a-4ca6-bd11-13c605f63ea6.JPG,strawberry leaf scorch,strawberry leaf scorch,0.07555125653743744
datasets/plantvillage/data_distribution_for_SVM/test/25/c7183993-134a-48fe-9279-da4098b59e69.JPG,squash powdery mildew,squash powdery mildew,0.07531190663576126
datasets/plantvillage/data_distribution_for_SVM/test/9/76159848-c596-480c-b847-767fdf0b88ee.JPG,corn northern leaf blight,corn gray leaf spot,0.12374859303236008
datasets/plantvillage/data_distribution_for_SVM/test/8/344caf65-ace5-4d74-a45c-c836a8d3ed39.JPG,corn rust,corn gray leaf spot,0.16354569792747498
datasets/plantvillage/data_distribution_for_SVM/test/21/197ce67c-6523-4ef8-b339-feecf898f7fc.JPG,potato late blight,apple black rot,0.07994930446147919
datasets/plantvillage/data_distribution_for_SVM/test/11/289a595c-293e-4712-a531-8658450be7df.JPG,grape black rot,grape black rot,0.07360279560089111
datasets/plantvillage/data_distribution_for_SVM/test/2/9a35a83c-b84b-41aa-bbca-24ad3d9f121d.JPG,apple rust,apple black rot,0.07277058809995651
datasets/plantvillage/data_distribution_for_SVM/test/28/b8a271be-fd5d-41e2-85d0-5a8ae36a62b3.JPG,tomato bacterial leaf spot,strawberry leaf scorch,0.08213844895362854
datasets/plantvillage/data_distribution_for_SVM/test/8/75bc8cf5-a437-4d4b-89f0-77cf37ba5b29.JPG,corn rust,corn gray leaf spot,0.11550590395927429
datasets/plantvillage/data_distribution_for_SVM/test/11/40e8b65b-b3ad-4c77-a2d6-31dd73481015.JPG,grape black rot,grape black rot,0.07295037806034088
datasets/plantvillage/data_distribution_for_SVM/test/9/13cce4b4-7cb7-42e9-8dcb-cea8d0b0dcea.JPG,corn northern leaf blight,corn northern leaf blight,0.10683400928974152
datasets/plantvillage/data_distribution_for_SVM/test/1/5f3a3eaf-1f10-4f39-a2d0-f7d4b6e8057d.JPG,apple black rot,apple black rot,0.07764270901679993
datasets/plantvillage/data_distribution_for_SVM/test/25/3fe9ce98-da18-4818-b2b5-6066e91bda70.JPG,squash powdery mildew,squash powdery mildew,0.09329107403755188
datasets/plantvillage/data_distribution_for_SVM/test/21/7827392f-e21a-40cc-9ea9-e86dcee0a428.JPG,potato late blight,potato early blight,0.07445713877677917
datasets/plantvillage/data_distribution_for_SVM/test/28/7d97fb03-f9ef-4594-8710-ab8c54977309.JPG,tomato bacterial leaf spot,corn gray leaf spot,0.07443005591630936
datasets/plantvillage/data_distribution_for_SVM/test/30/ee42ece5-eba9-45d0-a6c5-229292ea1674.JPG,tomato late blight,potato early blight,0.07280038297176361
datasets/plantvillage/data_distribution_for_SVM/test/29/cdd9bc4b-a338-4cb9-8cde-e64b6bf9ba3b.JPG,tomato early blight,potato late blight,0.0924091711640358
datasets/plantvillage/data_distribution_for_SVM/test/26/c090b293-1e03-4111-845e-3ad118bbc028.JPG,strawberry leaf scorch,strawberry leaf scorch,0.1175641417503357
datasets/plantvillage/data_distribution_for_SVM/test/8/e0e78aa5-52e9-4c44-b823-5734654ba286.JPG,corn rust,corn gray leaf spot,0.09602627158164978
datasets/plantvillage/data_distribution_for_SVM/test/20/f6038819-d8aa-4786-8120-8d702ab4a4e6.JPG,potato early blight,potato early blight,0.07551810890436172
datasets/plantvillage/data_distribution_for_SVM/test/30/0bbf1835-225c-440f-862d-86456de606c9.JPG,tomato late blight,tomato bacterial leaf spot,0.07340444624423981
datasets/plantvillage/data_distribution_for_SVM/test/28/28685a22-383d-4559-8d59-79852b51c0a9.JPG,tomato bacterial leaf spot,apple black rot,0.07507287710905075
datasets/plantvillage/data_distribution_for_SVM/test/28/ccb5a350-ad86-44b4-9c3d-721bd904d238.JPG,tomato bacterial leaf spot,apple black rot,0.07540947943925858
datasets/plantvillage/data_distribution_for_SVM/test/30/9ab42f91-5465-4965-aace-291e053cdfbb.JPG,tomato late blight,potato late blight,0.0729578286409378
datasets/plantvillage/data_distribution_for_SVM/test/28/1bca8b4b-592f-4357-930e-5f606761706d.JPG,tomato bacterial leaf spot,potato early blight,0.07795648276805878
datasets/plantvillage/data_distribution_for_SVM/test/11/b434f25a-4459-4474-9939-800dd86a0e5c.JPG,grape black rot,grape black rot,0.09303902089595795
datasets/plantvillage/data_distribution_for_SVM/test/25/c8e3bb10-3924-4b38-843e-1a297fda85c2.JPG,squash powdery mildew,squash powdery mildew,0.09691541641950607
datasets/plantvillage/data_distribution_for_SVM/test/11/11951d8e-048a-46dc-ab22-cacb69097f04.JPG,grape black rot,grape black rot,0.07433398813009262
datasets/plantvillage/data_distribution_for_SVM/test/20/c5f2687e-d657-414f-a7a6-f81160d7cb12.JPG,potato early blight,strawberry leaf scorch,0.07378967851400375
datasets/plantvillage/data_distribution_for_SVM/test/11/6e6b616f-b378-4b86-b989-242df71b7395.JPG,grape black rot,grape black rot,0.079598568379879
datasets/plantvillage/data_distribution_for_SVM/test/29/906d14bc-0d9b-4c91-8553-1aa7b0de52c0.JPG,tomato early blight,tomato late blight,0.07357707619667053
datasets/plantvillage/data_distribution_for_SVM/test/11/6b7151ab-9d19-43b7-8157-91a109846af7.JPG,grape black rot,grape black rot,0.07570072263479233
datasets/plantvillage/data_distribution_for_SVM/test/0/2f75ceb1-f9c1-4439-bdee-9459de9931bf.JPG,apple scab,apple black rot,0.08232229948043823
datasets/plantvillage/data_distribution_for_SVM/test/28/dce71613-91dc-442d-93c7-dfe5e271b80a.JPG,tomato bacterial leaf spot,corn gray leaf spot,0.0800662562251091
datasets/plantvillage/data_distribution_for_SVM/test/11/22ee841f-12bf-49e2-b64a-9c312fe6f2a1.JPG,grape black rot,strawberry leaf scorch,0.07486672699451447
datasets/plantvillage/data_distribution_for_SVM/test/30/eeeced94-f993-4343-a5e1-17af22a561d6.JPG,tomato late blight,potato late blight,0.0813005119562149
datasets/plantvillage/data_distribution_for_SVM/test/0/7cdcdefe-d380-4944-8c06-ab06f50fc605.JPG,apple scab,apple black rot,0.07892638444900513
datasets/plantvillage/data_distribution_for_SVM/test/25/00ac3b44-ddd1-444d-94b8-eb1fde55fd47.JPG,squash powdery mildew,squash powdery mildew,0.08310566842556
datasets/plantvillage/data_distribution_for_SVM/test/28/1ae87718-762f-41f4-9b72-bcde65acd9d8.JPG,tomato bacterial leaf spot,apple black rot,0.0723278671503067
datasets/plantvillage/data_distribution_for_SVM/test/7/1d001c22-8ca5-4d99-88fc-c9f57a8a3523.JPG,corn gray leaf spot,corn gray leaf spot,0.16231600940227509
datasets/plantvillage/data_distribution_for_SVM/test/28/e18e87df-829c-4215-aef3-36f7157b774b.JPG,tomato bacterial leaf spot,potato early blight,0.07289829105138779
datasets/plantvillage/data_distribution_for_SVM/test/21/80378030-5dbe-4239-87da-a17c2eee082a.JPG,potato late blight,potato late blight,0.07756685465574265
datasets/plantvillage/data_distribution_for_SVM/test/30/a3896338-deee-4bf4-b615-bab1c5d5de9b.JPG,tomato late blight,potato late blight,0.07315503060817719
datasets/plantvillage/data_distribution_for_SVM/test/20/cbfb5638-4c4a-45e8-ac6c-0b63225f4080.JPG,potato early blight,potato early blight,0.07352269440889359
datasets/plantvillage/data_distribution_for_SVM/test/2/7a0c59a8-c9c5-4cd8-8db9-35e969d8fbe6.JPG,apple rust,apple rust,0.07522398978471756
datasets/plantvillage/data_distribution_for_SVM/test/21/3ab00c33-c73a-4b0c-8810-7f842f904390.JPG,potato late blight,tomato early blight,0.07327733933925629
datasets/plantvillage/data_distribution_for_SVM/test/7/fecc2770-0bc8-45b0-af87-40f0b0a23069.JPG,corn gray leaf spot,corn gray leaf spot,0.1395091563463211
datasets/plantvillage/data_distribution_for_SVM/test/8/c542e6ab-a9d2-4f20-a871-bb0dfa1505da.JPG,corn rust,corn gray leaf spot,0.136331245303154
datasets/plantvillage/data_distribution_for_SVM/test/25/a0295230-5bf2-4dbd-bc07-9408bf6f6f9b.JPG,squash powdery mildew,tomato bacterial leaf spot,0.07279949635267258
datasets/plantvillage/data_distribution_for_SVM/test/25/a5ef4e20-a153-4a7d-ae38-2fe180732b71.JPG,squash powdery mildew,corn gray leaf spot,0.07275768369436264
datasets/plantvillage/data_distribution_for_SVM/test/28/0c68960c-8501-4cf9-9c62-92d871d7ee46.JPG,tomato bacterial leaf spot,potato early blight,0.07346901297569275
datasets/plantvillage/data_distribution_for_SVM/test/25/9b349770-8007-4af0-9483-9bd010e0bf59.JPG,squash powdery mildew,squash powdery mildew,0.07532178610563278
datasets/plantvillage/data_distribution_for_SVM/test/7/b4085613-53d7-4cb4-904e-bd6947968836.JPG,corn gray leaf spot,corn gray leaf spot,0.16498827934265137
datasets/plantvillage/data_distribution_for_SVM/test/8/84514ece-d1fd-4fc8-93f2-9cb19b7be724.JPG,corn rust,corn gray leaf spot,0.076512411236763
datasets/plantvillage/data_distribution_for_SVM/test/9/d69be237-8724-4d28-a3a9-7863bfea99c1.JPG,corn northern leaf blight,corn gray leaf spot,0.1278800666332245
datasets/plantvillage/data_distribution_for_SVM/test/21/0a1ee5b4-6430-4237-bedb-24574a8b0007.JPG,potato late blight,potato early blight,0.07604140788316727
datasets/plantvillage/data_distribution_for_SVM/test/2/899b8236-e3a3-41f9-b197-fb09a5ecc811.JPG,apple rust,apple black rot,0.08181879669427872
datasets/plantvillage/data_distribution_for_SVM/test/29/0da4cb0b-6281-49c7-87a9-a04edf66c6a1.JPG,tomato early blight,potato early blight,0.07287393510341644
datasets/plantvillage/data_distribution_for_SVM/test/30/b0701a09-02a6-432a-b3e2-cc8038ef6b9e.JPG,tomato late blight,potato early blight,0.08654838055372238
datasets/plantvillage/data_distribution_for_SVM/test/30/88bb530c-f90a-4385-9c0e-445dcc100cb2.JPG,tomato late blight,potato late blight,0.07659696787595749
datasets/plantvillage/data_distribution_for_SVM/test/28/756730e1-ad0a-49ca-8328-3d2ddde4c3ab.JPG,tomato bacterial leaf spot,potato late blight,0.07278773933649063
datasets/plantvillage/data_distribution_for_SVM/test/28/046899a0-c89e-4291-93b2-cdce76633002.JPG,tomato bacterial leaf spot,potato early blight,0.07409798353910446
datasets/plantvillage/data_distribution_for_SVM/test/9/1fb7df47-aedf-4141-85fb-9c34362d6b3f.JPG,corn northern leaf blight,corn northern leaf blight,0.09582619369029999
datasets/plantvillage/data_distribution_for_SVM/test/25/b7b979f0-1905-4b17-b063-fd925f4ca0ba.JPG,squash powdery mildew,corn gray leaf spot,0.0762680321931839
datasets/plantvillage/data_distribution_for_SVM/test/8/d48252bb-f048-4634-a23e-cfa1e334073a.JPG,corn rust,corn gray leaf spot,0.12999849021434784
datasets/plantvillage/data_distribution_for_SVM/test/28/0279c6d8-533a-42ac-80ae-0ce01e7edbf5.JPG,tomato bacterial leaf spot,strawberry leaf scorch,0.0732075646519661
datasets/plantvillage/data_distribution_for_SVM/test/1/a2f252aa-7908-49e5-9669-91d8e8b9c511.JPG,apple black rot,apple black rot,0.08759080618619919
datasets/plantvillage/data_distribution_for_SVM/test/20/14250aa2-886b-42d7-b479-20da34abb8a3.JPG,potato early blight,potato early blight,0.07538942247629166
datasets/plantvillage/data_distribution_for_SVM/test/25/5022eb7e-4ca7-49a6-853b-dd336f2d89c4.JPG,squash powdery mildew,squash powdery mildew,0.086316779255867
datasets/plantvillage/data_distribution_for_SVM/test/8/fa74fe20-3a7e-4972-b686-a63bf1b53cc8.JPG,corn rust,corn gray leaf spot,0.1121959537267685
datasets/plantvillage/data_distribution_for_SVM/test/1/f609b8de-75fd-420f-af75-3ad6d74f1f6f.JPG,apple black rot,apple black rot,0.09348537027835846
datasets/plantvillage/data_distribution_for_SVM/test/26/3943426c-7dea-47da-a17c-f7b17a274abb.JPG,strawberry leaf scorch,strawberry leaf scorch,0.07872118055820465
datasets/plantvillage/data_distribution_for_SVM/test/9/b69a6a13-7ba6-411c-bfae-f86a880fd48d.JPG,corn northern leaf blight,corn gray leaf spot,0.14645765721797943
datasets/plantvillage/data_distribution_for_SVM/test/8/afbc3fad-d41b-43a8-a756-f4e0764dd6f1.JPG,corn rust,corn gray leaf spot,0.10793788731098175
datasets/plantvillage/data_distribution_for_SVM/test/7/362c85f4-c533-4bfc-b2ac-50f5dda2dc87.JPG,corn gray leaf spot,corn gray leaf spot,0.16490787267684937
datasets/plantvillage/data_distribution_for_SVM/test/1/0a83add7-dafd-4194-9090-94c92dc55eed.JPG,apple black rot,apple black rot,0.08506996929645538
datasets/plantvillage/data_distribution_for_SVM/test/25/5279451f-eb6a-4a2d-9b68-fa3384e63f1f.JPG,squash powdery mildew,squash powdery mildew,0.07452763617038727
datasets/plantvillage/data_distribution_for_SVM/test/30/5ebe5b0f-0c9d-4bbf-8d63-cfd5e686294a.JPG,tomato late blight,potato early blight,0.0725727304816246
datasets/plantvillage/data_distribution_for_SVM/test/30/c9f0fd57-ba6f-456d-85aa-b1ceac1dc501.JPG,tomato late blight,potato early blight,0.07261363416910172
datasets/plantvillage/data_distribution_for_SVM/test/30/5e1c35ca-5522-4613-93a7-6512f4ce17a8.JPG,tomato late blight,tomato late blight,0.0763469934463501
datasets/plantvillage/data_distribution_for_SVM/test/30/e78132fe-46a0-4cb9-8ad0-60e6027d0ac2.JPG,tomato late blight,potato early blight,0.0729036033153534
datasets/plantvillage/data_distribution_for_SVM/test/30/7b89a1d5-2bcb-4e37-a9f6-ac3ebb140f2c.JPG,tomato late blight,potato late blight,0.08021023124456406
datasets/plantvillage/data_distribution_for_SVM/test/25/fccb51ef-9c12-47ac-8ba9-bd8894259487.JPG,squash powdery mildew,squash powdery mildew,0.07486557215452194
datasets/plantvillage/data_distribution_for_SVM/test/25/778f5213-3da1-47d2-8e7f-f848f16f5375.JPG,squash powdery mildew,corn gray leaf spot,0.07798338681459427
datasets/plantvillage/data_distribution_for_SVM/test/30/9ea011a5-6e5d-4399-b06b-9517462bb44f.JPG,tomato late blight,potato early blight,0.07505864650011063
datasets/plantvillage/data_distribution_for_SVM/test/29/f1e5d679-bdf6-4c58-82df-7b88a8a9a852.JPG,tomato early blight,potato late blight,0.07187368720769882
datasets/plantvillage/data_distribution_for_SVM/test/29/7a133759-c7cd-4856-9a3d-8d49d388e5e1.JPG,tomato early blight,corn gray leaf spot,0.10399679094552994
datasets/plantvillage/data_distribution_for_SVM/test/20/cf883f6f-72a9-4bc9-ad3a-e9a9d4d453d7.JPG,potato early blight,potato early blight,0.07397377490997314
datasets/plantvillage/data_distribution_for_SVM/test/25/777899d1-6304-4e84-8d50-baaed1485fa5.JPG,squash powdery mildew,squash powdery mildew,0.09506463259458542
datasets/plantvillage/data_distribution_for_SVM/test/7/f54d0e3d-c7f4-4434-84af-81e789e03e11.JPG,corn gray leaf spot,corn gray leaf spot,0.1113133653998375
datasets/plantvillage/data_distribution_for_SVM/test/11/b2b86944-249a-4f50-a444-80010e8835c1.JPG,grape black rot,grape black rot,0.07566189020872116
datasets/plantvillage/data_distribution_for_SVM/test/30/b773bd31-2cf4-4c49-8b0d-415aa3abcfe3.JPG,tomato late blight,apple black rot,0.07297903299331665
datasets/plantvillage/data_distribution_for_SVM/test/29/e5223b08-69a6-4e74-900d-e727083dcb0e.JPG,tomato early blight,apple black rot,0.07287871092557907
datasets/plantvillage/data_distribution_for_SVM/test/30/c5057268-4b5c-4915-aa42-fdebe0f2a4e8.JPG,tomato late blight,potato late blight,0.07442045211791992
datasets/plantvillage/data_distribution_for_SVM/test/11/00f01da5-d7dc-443a-8878-5606c77c9d76.JPG,grape black rot,grape black rot,0.07686293125152588
datasets/plantvillage/data_distribution_for_SVM/test/28/f5fd651d-9f3b-41bd-bde2-a3dea347fc27.JPG,tomato bacterial leaf spot,strawberry leaf scorch,0.08370871096849442
datasets/plantvillage/data_distribution_for_SVM/test/11/83e5b9e6-0e41-4f1a-88f3-fb32186998a3.JPG,grape black rot,grape black rot,0.0802963525056839
datasets/plantvillage/data_distribution_for_SVM/test/9/f2da444a-3da9-4372-817c-42862b00c074.JPG,corn northern leaf blight,corn gray leaf spot,0.13830935955047607
datasets/plantvillage/data_distribution_for_SVM/test/8/86ca9d4c-3f58-4a9b-8acc-0c4ad375658f.JPG,corn rust,corn gray leaf spot,0.15700668096542358
datasets/plantvillage/data_distribution_for_SVM/test/11/0e044139-a9c4-49b2-bbad-ae03d1069570.JPG,grape black rot,grape black rot,0.09031874686479568
datasets/plantvillage/data_distribution_for_SVM/test/28/29f37848-8e32-4167-bff2-88d497d119d4.JPG,tomato bacterial leaf spot,potato early blight,0.07544111460447311
datasets/plantvillage/data_distribution_for_SVM/test/2/79ae57f6-9bd7-4230-bf9a-3352b12500b4.JPG,apple rust,apple black rot,0.08626744151115417
datasets/plantvillage/data_distribution_for_SVM/test/30/c59ad30f-8358-4328-b4f3-7db68558eb41.JPG,tomato late blight,tomato late blight,0.08218223601579666
datasets/plantvillage/data_distribution_for_SVM/test/21/65f159b0-5e61-4bbd-a582-1bf5472d8d44.JPG,potato late blight,potato early blight,0.07705439627170563
datasets/plantvillage/data_distribution_for_SVM/test/28/23a6bee1-7875-40b7-a48e-8ebb8b9c87d1.JPG,tomato bacterial leaf spot,strawberry leaf scorch,0.07343656569719315
datasets/plantvillage/data_distribution_for_SVM/test/26/79872330-e2a4-48fb-9f7b-9a57cc83e37b.JPG,strawberry leaf scorch,strawberry leaf scorch,0.08525342494249344
datasets/plantvillage/data_distribution_for_SVM/test/30/b0e0d529-1e8c-4683-8e32-2c6180651423.JPG,tomato late blight,tomato late blight,0.07384232431650162
datasets/plantvillage/data_distribution_for_SVM/test/30/592b4fcb-f253-4365-8d4a-0c24bd8b3197.JPG,tomato late blight,tomato late blight,0.07555309683084488
datasets/plantvillage/data_distribution_for_SVM/test/1/9da7bc02-7147-41e6-a33b-6fde97467301.JPG,apple black rot,apple black rot,0.09546873718500137
datasets/plantvillage/data_distribution_for_SVM/test/30/d0f2aa30-56e0-4026-a4fe-85092494ca81.JPG,tomato late blight,potato late blight,0.07306862622499466
datasets/plantvillage/data_distribution_for_SVM/test/30/1f7abd63-d03e-4217-a501-6cf5aad3fe99.JPG,tomato late blight,tomato bacterial leaf spot,0.07264593243598938
datasets/plantvillage/data_distribution_for_SVM/test/20/c826e457-ed05-46e3-813f-a59bdc68aecb.JPG,potato early blight,apple black rot,0.07341348379850388
datasets/plantvillage/data_distribution_for_SVM/test/30/18afa4f5-0c1b-4358-877a-58910deea35b.JPG,tomato late blight,apple black rot,0.07483348250389099
datasets/plantvillage/data_distribution_for_SVM/test/30/a8a7f38d-81dc-4a37-99f9-d700927466c6.JPG,tomato late blight,corn northern leaf blight,0.07181943953037262
datasets/plantvillage/data_distribution_for_SVM/test/28/bc0771c8-7d04-4728-b137-ba5143e0daa2.JPG,tomato bacterial leaf spot,apple black rot,0.07290971279144287
datasets/plantvillage/data_distribution_for_SVM/test/11/d5be021e-b535-41ff-ac53-7ff009920194.JPG,grape black rot,grape black rot,0.08040636032819748
datasets/plantvillage/data_distribution_for_SVM/test/28/0486041d-36c2-4263-b600-33974f3a4406.JPG,tomato bacterial leaf spot,potato early blight,0.07431087642908096
datasets/plantvillage/data_distribution_for_SVM/test/26/c7245f0e-dddb-4d5c-8d32-80bc157544e4.JPG,strawberry leaf scorch,strawberry leaf scorch,0.08834277838468552
datasets/plantvillage/data_distribution_for_SVM/test/28/825861fa-d954-426d-b0f6-9cda40cbfa77.JPG,tomato bacterial leaf spot,potato early blight,0.07425839453935623
datasets/plantvillage/data_distribution_for_SVM/test/20/2b667928-a7db-4db2-b5c1-c65e4a9a5ec4.JPG,potato early blight,strawberry leaf scorch,0.0754920169711113
datasets/plantvillage/data_distribution_for_SVM/test/11/dbab98cf-5247-48d5-bdf6-19bbaf1962c4.JPG,grape black rot,grape black rot,0.0756729394197464
datasets/plantvillage/data_distribution_for_SVM/test/11/76539c49-2ff5-4b78-8a2e-fab16c457a7e.JPG,grape black rot,grape black rot,0.07315962761640549
datasets/plantvillage/data_distribution_for_SVM/test/28/83af799d-844f-4e02-a34b-c5d27db050cc.JPG,tomato bacterial leaf spot,corn gray leaf spot,0.07660482078790665
datasets/plantvillage/data_distribution_for_SVM/test/28/c7a2e2f3-1bdb-4941-8e6d-04ef1367a76b.JPG,tomato bacterial leaf spot,strawberry leaf scorch,0.07453286647796631
datasets/plantvillage/data_distribution_for_SVM/test/2/2e9e8a6a-74d4-4331-a6ec-37df8f320198.JPG,apple rust,apple black rot,0.07741168141365051
datasets/plantvillage/data_distribution_for_SVM/test/21/c939d69e-2aa5-408b-a7c8-0720539fbb34.JPG,potato late blight,potato late blight,0.0747583881020546
datasets/plantvillage/data_distribution_for_SVM/test/21/ee1a37b7-2adb-4d49-9541-a62b63a9773f.JPG,potato late blight,potato late blight,0.07988834381103516
datasets/plantvillage/data_distribution_for_SVM/test/29/672eb400-6afb-4cd5-a4c0-ccffa43ff450.JPG,tomato early blight,potato late blight,0.0733782947063446
datasets/plantvillage/data_distribution_for_SVM/test/28/977dd809-8c3b-4be0-a467-7c0d5cef6bb2.JPG,tomato bacterial leaf spot,corn gray leaf spot,0.07225506007671356
datasets/plantvillage/data_distribution_for_SVM/test/21/4477cbef-87b1-4ea4-8546-f802381cf105.JPG,potato late blight,potato early blight,0.07286811619997025
datasets/plantvillage/data_distribution_for_SVM/test/8/4c649013-4cce-4d0e-a29b-7f52b8dd6ddd.JPG,corn rust,corn gray leaf spot,0.13853208720684052
datasets/plantvillage/data_distribution_for_SVM/test/25/58af6cdc-b44a-43a9-8eeb-3267e506db8f.JPG,squash powdery mildew,squash powdery mildew,0.07316605001688004
datasets/plantvillage/data_distribution_for_SVM/test/9/c07ff1f6-2c02-4e22-81d5-c3ed9002489a.JPG,corn northern leaf blight,corn gray leaf spot,0.12864913046360016
datasets/plantvillage/data_distribution_for_SVM/test/30/c780c44f-6c66-4eaa-95df-97f57a384131.JPG,tomato late blight,potato early blight,0.0719776302576065
datasets/plantvillage/data_distribution_for_SVM/test/30/bf4bffe3-8bad-48af-9575-ffa69aaf4571.JPG,tomato late blight,tomato late blight,0.07246297597885132
datasets/plantvillage/data_distribution_for_SVM/test/8/319f3cd1-eb28-4a1d-9e8d-d37b2c73110d.JPG,corn rust,corn rust,0.09479726850986481
datasets/plantvillage/data_distribution_for_SVM/test/21/cba43c39-57c0-4425-8c08-d34e54f6eeb3.JPG,potato late blight,apple black rot,0.0728478655219078
datasets/plantvillage/data_distribution_for_SVM/test/8/f8f511b5-bbba-4f52-a575-47d310e927b1.JPG,corn rust,corn gray leaf spot,0.07547038793563843
datasets/plantvillage/data_distribution_for_SVM/test/8/ae91a77d-7e2b-46df-9544-9e34b8652171.JPG,corn rust,corn gray leaf spot,0.15210217237472534
datasets/plantvillage/data_distribution_for_SVM/test/8/34ce02ab-3cfa-4f1f-bb53-14f1e58d5042.JPG,corn rust,corn gray leaf spot,0.11399129033088684
datasets/plantvillage/data_distribution_for_SVM/test/30/c8c92464-2fda-48de-9a9a-65685fefc9aa.JPG,tomato late blight,tomato late blight,0.07508357614278793
datasets/plantvillage/data_distribution_for_SVM/test/8/d0a32566-92b5-4ef7-bc1f-c88e42f3a5d2.JPG,corn rust,corn rust,0.1267324686050415
datasets/plantvillage/data_distribution_for_SVM/test/8/75c7e3f8-4372-4077-815c-b3c806c81344.JPG,corn rust,corn gray leaf spot,0.10034897178411484
datasets/plantvillage/data_distribution_for_SVM/test/21/d9e89bb8-bb7e-4788-b84d-5bef419b5d57.JPG,potato late blight,apple black rot,0.07732896506786346
datasets/plantvillage/data_distribution_for_SVM/test/30/04db8aad-b8fe-431e-863e-a7c66d74670f.JPG,tomato late blight,tomato late blight,0.0747450739145279
datasets/plantvillage/data_distribution_for_SVM/test/25/9d9260db-5fd7-4ff3-8089-8c6dab462e89.JPG,squash powdery mildew,squash powdery mildew,0.07418997585773468
datasets/plantvillage/data_distribution_for_SVM/test/29/93f44175-42a3-451e-8199-895491253bfe.JPG,tomato early blight,potato late blight,0.08308032155036926
datasets/plantvillage/data_distribution_for_SVM/test/21/d8912c6f-4dd1-421b-aca5-1e8fa3865a6f.JPG,potato late blight,potato late blight,0.07390881329774857
datasets/plantvillage/data_distribution_for_SVM/test/8/7fb40754-b2d7-430b-876f-8c3378ec5fc8.JPG,corn rust,corn gray leaf spot,0.13674499094486237
datasets/plantvillage/data_distribution_for_SVM/test/26/703b823a-d763-4c92-ab9d-9bb34c2ca526.JPG,strawberry leaf scorch,strawberry leaf scorch,0.12245368212461472
datasets/plantvillage/data_distribution_for_SVM/test/30/a93369e5-b94c-47b1-945c-0ac3099cffe1.JPG,tomato late blight,tomato late blight,0.07804721593856812
datasets/plantvillage/data_distribution_for_SVM/test/25/9abada17-5bbb-4220-bdeb-e5c0757ebea8.JPG,squash powdery mildew,apple black rot,0.07368811219930649
datasets/plantvillage/data_distribution_for_SVM/test/20/87da9bd2-8000-4305-9b85-af4fcaae7a47.JPG,potato early blight,potato early blight,0.07479710876941681
datasets/plantvillage/data_distribution_for_SVM/test/25/3b8bf585-c204-4c39-b133-7536850d6e39.JPG,squash powdery mildew,squash powdery mildew,0.07392559945583344
datasets/plantvillage/data_distribution_for_SVM/test/7/00213fb2-c94a-4681-8f10-fce58e3348f9.JPG,corn gray leaf spot,corn gray leaf spot,0.13097809255123138
datasets/plantvillage/data_distribution_for_SVM/test/28/e5a34eda-5da8-4e3c-a671-d4583f93f1d3.JPG,tomato bacterial leaf spot,potato late blight,0.07268203049898148
datasets/plantvillage/data_distribution_for_SVM/test/25/e3bc64ca-6980-41b6-bc9c-5edd8f9a212c.JPG,squash powdery mildew,squash powdery mildew,0.08957940340042114
datasets/plantvillage/data_distribution_for_SVM/test/30/651cc3d9-d83b-40f3-b284-373941e3ad82.JPG,tomato late blight,apple black rot,0.07309424877166748
datasets/plantvillage/data_distribution_for_SVM/test/29/54086089-c7c6-45f5-b6f4-43b9bcb4d7ed.JPG,tomato early blight,potato early blight,0.07863397896289825
datasets/plantvillage/data_distribution_for_SVM/test/8/b324f0a4-66e9-4cc2-9d18-8f1583281529.JPG,corn rust,corn gray leaf spot,0.16129787266254425
datasets/plantvillage/data_distribution_for_SVM/test/9/081591d8-6a56-4a4e-834a-b2d48f39f5a3.JPG,corn northern leaf blight,corn gray leaf spot,0.16007757186889648
datasets/plantvillage/data_distribution_for_SVM/test/0/6311d367-52a8-425b-82e3-3f806cf980c8.JPG,apple scab,strawberry leaf scorch,0.07234623283147812
datasets/plantvillage/data_distribution_for_SVM/test/11/f7fe4e75-9dc4-43c8-9114-187a7a66c0cf.JPG,grape black rot,strawberry leaf scorch,0.07432815432548523
datasets/plantvillage/data_distribution_for_SVM/test/7/1c7d9139-da0a-4702-b474-b616b4b009a7.JPG,corn gray leaf spot,corn gray leaf spot,0.16627390682697296
datasets/plantvillage/data_distribution_for_SVM/test/7/db21b6cf-538a-4b23-87db-bb5942e063f3.JPG,corn gray leaf spot,corn gray leaf spot,0.12801991403102875
datasets/plantvillage/data_distribution_for_SVM/test/25/4f36984d-a2f6-4b45-925d-6c68ee86418b.JPG,squash powdery mildew,squash powdery mildew,0.07368207722902298
datasets/plantvillage/data_distribution_for_SVM/test/25/436753a7-a13b-4b97-81d5-9faced691d76.JPG,squash powdery mildew,squash powdery mildew,0.1159183457493782
datasets/plantvillage/data_distribution_for_SVM/test/28/1c062fc8-f86d-4364-a846-c0ce8d15afe1.JPG,tomato bacterial leaf spot,strawberry leaf scorch,0.07316117733716965
datasets/plantvillage/data_distribution_for_SVM/test/0/9aefce75-6519-4d12-8081-e3be5ee77e3d.JPG,apple scab,apple rust,0.07449997961521149
datasets/plantvillage/data_distribution_for_SVM/test/28/a67b301c-f56a-4b25-b690-472d01056457.JPG,tomato bacterial leaf spot,potato early blight,0.07296662032604218
datasets/plantvillage/data_distribution_for_SVM/test/11/44e0af37-1ff2-49f5-9df6-55b364a8e32d.JPG,grape black rot,grape black rot,0.07479921728372574
datasets/plantvillage/data_distribution_for_SVM/test/21/21cf9e68-2d2a-453b-b69e-450dfc0a438d.JPG,potato late blight,potato early blight,0.07405224442481995
datasets/plantvillage/data_distribution_for_SVM/test/30/09d5a511-0e64-43de-acc1-33d593b93628.JPG,tomato late blight,tomato late blight,0.07357098907232285
datasets/plantvillage/data_distribution_for_SVM/test/25/5f32224d-43b4-423d-b54c-f9e1c452152e.JPG,squash powdery mildew,squash powdery mildew,0.07835693657398224
datasets/plantvillage/data_distribution_for_SVM/test/30/37bab682-1181-461b-9c47-ab9cae714cf7.JPG,tomato late blight,potato early blight,0.07408393919467926
datasets/plantvillage/data_distribution_for_SVM/test/28/666e3279-ec48-482f-ae47-7d1f7c70894b.JPG,tomato bacterial leaf spot,strawberry leaf scorch,0.07575572282075882
datasets/plantvillage/data_distribution_for_SVM/test/8/a1e42b00-8671-44a8-b8ec-0e231b74eb2b.JPG,corn rust,corn gray leaf spot,0.11152160912752151
datasets/plantvillage/data_distribution_for_SVM/test/28/572c456c-b6b5-4628-a0ce-56b8860f07c0.JPG,tomato bacterial leaf spot,strawberry leaf scorch,0.07779837399721146
datasets/plantvillage/data_distribution_for_SVM/test/28/83f3662b-5e33-4c1e-8b65-89da04f0dd3f.JPG,tomato bacterial leaf spot,strawberry leaf scorch,0.07382719963788986
datasets/plantvillage/data_distribution_for_SVM/test/20/f19b85aa-2756-4050-9b30-a1d568cfcb02.JPG,potato early blight,potato early blight,0.08273076266050339
datasets/plantvillage/data_distribution_for_SVM/test/9/b6ab73f9-60da-4591-9a22-bb00cf0d9b0b.JPG,corn northern leaf blight,corn gray leaf spot,0.1576385498046875
datasets/plantvillage/data_distribution_for_SVM/test/30/42ad2e40-cabe-4693-87c2-1d245401758f.JPG,tomato late blight,corn gray leaf spot,0.07176197320222855
datasets/plantvillage/data_distribution_for_SVM/test/28/ea590c3e-046c-4c77-9ff2-1bb206a05b97.JPG,tomato bacterial leaf spot,corn gray leaf spot,0.07277081906795502
datasets/plantvillage/data_distribution_for_SVM/test/21/6b1e2b8e-d8ba-4576-87f0-45d8c7c49c9f.JPG,potato late blight,apple black rot,0.07535684108734131
datasets/plantvillage/data_distribution_for_SVM/test/9/67b07c5b-7dd0-4160-aa92-cab8687e4e70.JPG,corn northern leaf blight,corn gray leaf spot,0.09533129632472992
datasets/plantvillage/data_distribution_for_SVM/test/30/f639434a-b69e-46ff-a8c2-453fe7f8ffa4.JPG,tomato late blight,apple black rot,0.10596918314695358
datasets/plantvillage/data_distribution_for_SVM/test/26/134cde04-f70e-4509-af81-2a3409434170.JPG,strawberry leaf scorch,strawberry leaf scorch,0.08006802946329117
datasets/plantvillage/data_distribution_for_SVM/test/26/f3967afe-7cd3-4f0e-9321-6b25ecead902.JPG,strawberry leaf scorch,strawberry leaf scorch,0.11848905682563782
datasets/plantvillage/data_distribution_for_SVM/test/25/8db3151d-7d70-48a7-b9b1-b8f3002006db.JPG,squash powdery mildew,squash powdery mildew,0.08413808047771454
datasets/plantvillage/data_distribution_for_SVM/test/26/a3327dc3-d90b-4ae2-ac61-7475eee8d918.JPG,strawberry leaf scorch,corn rust,0.07269248366355896
datasets/plantvillage/data_distribution_for_SVM/test/2/87123b2b-c0c3-4b8e-bf8c-2fedb6ea4ef0.JPG,apple rust,apple black rot,0.08040434867143631
datasets/plantvillage/data_distribution_for_SVM/test/26/07149acc-b089-45b7-b975-836fa4808ebe.JPG,strawberry leaf scorch,strawberry leaf scorch,0.12525784969329834
datasets/plantvillage/data_distribution_for_SVM/test/28/b9523d2c-8cad-49f1-ba31-65b8ac3f2495.JPG,tomato bacterial leaf spot,apple black rot,0.07687704265117645
datasets/plantvillage/data_distribution_for_SVM/test/26/c4210442-1381-4abf-ad4c-ac853c7d3647.JPG,strawberry leaf scorch,strawberry leaf scorch,0.11774205416440964
datasets/plantvillage/data_distribution_for_SVM/test/8/0d316ece-2e8e-4054-9486-3a6a27cfe027.JPG,corn rust,corn gray leaf spot,0.09514796733856201
datasets/plantvillage/data_distribution_for_SVM/test/28/00d44d01-3bbd-4620-8df6-e1533e873eb1.JPG,tomato bacterial leaf spot,potato early blight,0.07303418964147568
datasets/plantvillage/data_distribution_for_SVM/test/28/9bb63b6c-6d13-4147-91f3-646f4f45cace.JPG,tomato bacterial leaf spot,corn gray leaf spot,0.08037039637565613
datasets/plantvillage/data_distribution_for_SVM/test/25/597a9981-2c93-415f-9192-3b326a838588.JPG,squash powdery mildew,squash powdery mildew,0.08839894086122513
datasets/plantvillage/data_distribution_for_SVM/test/21/0ab13292-3c0a-44f0-b57b-37605e9033e4.JPG,potato late blight,potato early blight,0.07355926930904388
datasets/plantvillage/data_distribution_for_SVM/test/11/e1f1f59a-81e0-49f8-9661-4a2b796173b7.JPG,grape black rot,grape black rot,0.08491243422031403
datasets/plantvillage/data_distribution_for_SVM/test/30/bc12b05a-b9a8-4d46-a158-1393a5a7e71b.JPG,tomato late blight,potato early blight,0.07454049587249756
datasets/plantvillage/data_distribution_for_SVM/test/28/ab8adaec-939d-4bb8-9e2e-e873353cf2d0.JPG,tomato bacterial leaf spot,corn gray leaf spot,0.07293953746557236
datasets/plantvillage/data_distribution_for_SVM/test/0/5f565999-928f-49b5-9c61-d4e1f076e1d9.JPG,apple scab,apple rust,0.08008867502212524
datasets/plantvillage/data_distribution_for_SVM/test/25/8ee081ae-2076-4398-a595-1f091044c349.JPG,squash powdery mildew,squash powdery mildew,0.07690256088972092
datasets/plantvillage/data_distribution_for_SVM/test/9/39281063-8966-4ddc-9f73-123ec737d8f8.JPG,corn northern leaf blight,corn rust,0.08449634164571762
datasets/plantvillage/data_distribution_for_SVM/test/11/8a38db35-d890-45f6-aa42-06b1bb1f1aaa.JPG,grape black rot,apple black rot,0.07488054037094116
datasets/plantvillage/data_distribution_for_SVM/test/1/f1fc32c0-f376-4296-8020-28ef91bd90b9.JPG,apple black rot,apple black rot,0.07478127628564835
datasets/plantvillage/data_distribution_for_SVM/test/28/1b2f41d5-bd6f-4f5c-bddf-52a5243de7c1.JPG,tomato bacterial leaf spot,potato early blight,0.07364387065172195
datasets/plantvillage/data_distribution_for_SVM/test/20/e79efd05-d2c8-462f-b768-5445b5322450.JPG,potato early blight,strawberry leaf scorch,0.07372233271598816
datasets/plantvillage/data_distribution_for_SVM/test/9/b61b74e3-162b-4ab4-ab7c-2c0986f4e2bc.JPG,corn northern leaf blight,corn gray leaf spot,0.12545807659626007
datasets/plantvillage/data_distribution_for_SVM/test/30/9babcef8-1cb1-4b87-80c3-9f0b05077872.JPG,tomato late blight,potato late blight,0.07440192252397537
datasets/plantvillage/data_distribution_for_SVM/test/30/b4a86071-a340-4c3b-bca2-34a7a101cb5c.JPG,tomato late blight,tomato early blight,0.07474546134471893
datasets/plantvillage/data_distribution_for_SVM/test/9/72f88452-46b0-4bd4-9299-756070bb5557.JPG,corn northern leaf blight,corn gray leaf spot,0.10681094974279404
datasets/plantvillage/data_distribution_for_SVM/test/29/03a124b4-a417-49a8-80a9-2ff3cb0a76a2.JPG,tomato early blight,potato early blight,0.07240153104066849
datasets/plantvillage/data_distribution_for_SVM/test/21/3459d105-7154-4b9e-a502-b849fcb59388.JPG,potato late blight,potato late blight,0.07724519819021225
datasets/plantvillage/data_distribution_for_SVM/test/20/3c6f4e91-676b-40fa-9010-33279cf8b33e.JPG,potato early blight,apple scab,0.07594360411167145
datasets/plantvillage/data_distribution_for_SVM/test/7/6ea94690-4907-4d36-8df0-f87c71cd9683.JPG,corn gray leaf spot,corn rust,0.10861451923847198
datasets/plantvillage/data_distribution_for_SVM/test/8/98c60196-c91f-468e-b0e1-894b1e884b1b.JPG,corn rust,corn rust,0.10231979191303253
datasets/plantvillage/data_distribution_for_SVM/test/28/2ca86a9f-c032-40db-be79-68e43c598c57.JPG,tomato bacterial leaf spot,apple black rot,0.07403817772865295
datasets/plantvillage/data_distribution_for_SVM/test/28/0473c6b2-6fab-40f8-8ec9-e05ad1166247.JPG,tomato bacterial leaf spot,potato early blight,0.07725237309932709
datasets/plantvillage/data_distribution_for_SVM/test/9/3ea42c18-e10d-437a-b28c-4bd67b5a4588.JPG,corn northern leaf blight,corn northern leaf blight,0.09202273190021515
datasets/plantvillage/data_distribution_for_SVM/test/8/58561e29-3182-41c5-afa9-70696e88fe79.JPG,corn rust,corn gray leaf spot,0.1022871658205986
datasets/plantvillage/data_distribution_for_SVM/test/29/b7e560c8-de18-41c5-8f39-9ee5915c0eaa.JPG,tomato early blight,potato late blight,0.07192465662956238
datasets/plantvillage/data_distribution_for_SVM/test/26/4d37a162-a6cf-41eb-ba0b-35d73f9808e3.JPG,strawberry leaf scorch,strawberry leaf scorch,0.11315787583589554
datasets/plantvillage/data_distribution_for_SVM/test/26/8618d5fe-ee73-4319-83d5-eb4cbc4026ae.JPG,strawberry leaf scorch,strawberry leaf scorch,0.11661435663700104
datasets/plantvillage/data_distribution_for_SVM/test/20/cfd3803e-0802-448c-b69d-3fd09c56d0ef.JPG,potato early blight,strawberry leaf scorch,0.07705298811197281
datasets/plantvillage/data_distribution_for_SVM/test/0/40749fc1-581b-485c-8f51-90912df73112.JPG,apple scab,strawberry leaf scorch,0.07305476069450378
datasets/plantvillage/data_distribution_for_SVM/test/30/7e2b30ae-ce7e-428c-81cc-67c94aa6e86c.JPG,tomato late blight,tomato bacterial leaf spot,0.07278287410736084
datasets/plantvillage/data_distribution_for_SVM/test/1/d0a33b44-e737-4494-97cf-43ee34547901.JPG,apple black rot,apple black rot,0.09540526568889618
datasets/plantvillage/data_distribution_for_SVM/test/28/8d93fc5a-98ee-4ac3-85ba-561b4ca2d141.JPG,tomato bacterial leaf spot,strawberry leaf scorch,0.07358599454164505
datasets/plantvillage/data_distribution_for_SVM/test/21/317f72a3-0eba-4660-b943-c9555ffebb90.JPG,potato late blight,potato late blight,0.07719800621271133
datasets/plantvillage/data_distribution_for_SVM/test/28/0ed6a64c-e8ce-473c-a446-5b26c478e520.JPG,tomato bacterial leaf spot,strawberry leaf scorch,0.07288438081741333
datasets/plantvillage/data_distribution_for_SVM/test/30/4d149aaf-4b3b-4a12-bf4b-231bc08560f9.JPG,tomato late blight,corn northern leaf blight,0.0731886774301529
datasets/plantvillage/data_distribution_for_SVM/test/25/376fd7e4-6ad1-43d3-a15e-33f34839adb3.JPG,squash powdery mildew,squash powdery mildew,0.08425174653530121
datasets/plantvillage/data_distribution_for_SVM/test/11/4ee73a3e-94eb-431c-8cce-6b94da741c6b.JPG,grape black rot,grape black rot,0.08214924484491348
datasets/plantvillage/data_distribution_for_SVM/test/20/4f40a5cd-56e6-4a1c-ad80-b6b8f42aad4d.JPG,potato early blight,potato early blight,0.07901353389024734
datasets/plantvillage/data_distribution_for_SVM/test/25/2f407096-3ce1-4e17-a135-8454bb843404.JPG,squash powdery mildew,corn gray leaf spot,0.07492449134588242
datasets/plantvillage/data_distribution_for_SVM/test/29/41c6b7e6-a140-45f0-90ba-ee267125a431.JPG,tomato early blight,apple black rot,0.07243802398443222
datasets/plantvillage/data_distribution_for_SVM/test/9/ff9ec399-6960-4deb-a139-15eb33ec8fd6.JPG,corn northern leaf blight,corn gray leaf spot,0.1145603358745575
datasets/plantvillage/data_distribution_for_SVM/test/8/decd06c3-6534-4884-843f-43768e2c7f48.JPG,corn rust,corn gray leaf spot,0.07914697378873825
datasets/plantvillage/data_distribution_for_SVM/test/8/3d56ef50-ec0e-4959-8d6c-75471000d933.JPG,corn rust,corn gray leaf spot,0.07823621481657028
datasets/plantvillage/data_distribution_for_SVM/test/0/b27edf11-ad19-4280-8bf6-c4b3a4ba6e53.JPG,apple scab,apple black rot,0.07380387932062149
datasets/plantvillage/data_distribution_for_SVM/test/29/7719d338-a6c1-4072-bb1f-fd48718752c0.JPG,tomato early blight,strawberry leaf scorch,0.07453049719333649
datasets/plantvillage/data_distribution_for_SVM/test/8/190f2f64-ff37-434b-99f9-c97b4494fb32.JPG,corn rust,corn rust,0.0734819695353508
datasets/plantvillage/data_distribution_for_SVM/test/1/2bf7a931-2380-4824-9c98-82f23c824e15.JPG,apple black rot,apple black rot,0.1267213672399521
datasets/plantvillage/data_distribution_for_SVM/test/30/b18e836c-e102-4b95-9ce0-7f8c0590ebfb.JPG,tomato late blight,potato late blight,0.09266571700572968
datasets/plantvillage/data_distribution_for_SVM/test/7/333fe814-5e76-4477-94ca-914d25c40382.JPG,corn gray leaf spot,corn gray leaf spot,0.15501976013183594
datasets/plantvillage/data_distribution_for_SVM/test/11/ac0dde46-9673-40d5-8a8c-3dd2695f43a7.JPG,grape black rot,grape black rot,0.08771128207445145
datasets/plantvillage/data_distribution_for_SVM/test/21/5f4e5d58-ebf8-4a1a-9a05-ec4f58ed8336.JPG,potato late blight,potato late blight,0.07889054715633392
datasets/plantvillage/data_distribution_for_SVM/test/1/0bbec8a5-0fd3-44d7-8dd6-2b6ce4964789.JPG,apple black rot,apple black rot,0.08746624737977982
datasets/plantvillage/data_distribution_for_SVM/test/30/de3b6ca2-1319-4f98-b536-8e61164cd182.JPG,tomato late blight,potato late blight,0.08856385946273804
datasets/plantvillage/data_distribution_for_SVM/test/20/67c92262-d9b5-42d4-ba0b-0c8967b84495.JPG,potato early blight,potato early blight,0.07474357634782791
datasets/plantvillage/data_distribution_for_SVM/test/11/5610fd30-b46b-4f31-b99c-b3686748026d.JPG,grape black rot,grape black rot,0.10880806297063828
datasets/plantvillage/data_distribution_for_SVM/test/8/724ecaf2-2f42-49df-bf95-bd897cbd35fb.JPG,corn rust,corn gray leaf spot,0.10934698581695557
datasets/plantvillage/data_distribution_for_SVM/test/30/928ff18b-98a9-4694-b6cf-8e78d536486a.JPG,tomato late blight,apple black rot,0.07210643589496613
datasets/plantvillage/data_distribution_for_SVM/test/11/9ae5272f-7be9-4542-bca9-553262ba3b6f.JPG,grape black rot,grape black rot,0.07977069169282913
datasets/plantvillage/data_distribution_for_SVM/test/30/a6b426d7-3c30-4b9b-a929-97cfab3f606c.JPG,tomato late blight,corn gray leaf spot,0.07223491370677948
datasets/plantvillage/data_distribution_for_SVM/test/21/ddb67601-619d-4155-acb6-f0e5543d4eb3.JPG,potato late blight,potato early blight,0.07204373180866241
datasets/plantvillage/data_distribution_for_SVM/test/26/6298e0a9-5658-4d85-97ee-88818bb14505.JPG,strawberry leaf scorch,strawberry leaf scorch,0.09335171431303024
datasets/plantvillage/data_distribution_for_SVM/test/28/72ff93fb-abc9-4762-9204-01ba8945c825.JPG,tomato bacterial leaf spot,potato late blight,0.07287593185901642
datasets/plantvillage/data_distribution_for_SVM/test/28/e26e38ea-a682-451e-9c4f-1aabcea6fa96.JPG,tomato bacterial leaf spot,strawberry leaf scorch,0.10380809754133224
datasets/plantvillage/data_distribution_for_SVM/test/11/df2fed95-7b19-4051-870d-f6fc5ced8873.JPG,grape black rot,grape black rot,0.07746778428554535
datasets/plantvillage/data_distribution_for_SVM/test/28/b618f04b-02dd-49eb-88ef-46216eee8442.JPG,tomato bacterial leaf spot,strawberry leaf scorch,0.07326512038707733
datasets/plantvillage/data_distribution_for_SVM/test/30/ac589dd8-0269-4a10-9f69-72fb7c33aeb0.JPG,tomato late blight,tomato late blight,0.07842569798231125
datasets/plantvillage/data_distribution_for_SVM/test/25/e38c6c2b-232e-4205-b170-449e08dbd839.JPG,squash powdery mildew,squash powdery mildew,0.07897317409515381
datasets/plantvillage/data_distribution_for_SVM/test/25/94b387f5-1184-45cf-aeb9-006bae0cbf3f.JPG,squash powdery mildew,corn gray leaf spot,0.07276332378387451
datasets/plantvillage/data_distribution_for_SVM/test/8/7506ca23-cab2-4c4a-95fc-10fe3eafb8b3.JPG,corn rust,corn rust,0.07321557402610779
datasets/plantvillage/data_distribution_for_SVM/test/11/2b22b18f-23f4-46b5-9042-cf22e2594c71.JPG,grape black rot,grape black rot,0.07431168854236603
datasets/plantvillage/data_distribution_for_SVM/test/20/1e360d37-fe81-43bb-b9b7-4d917fc60b14.JPG,potato early blight,apple scab,0.07471201568841934
datasets/plantvillage/data_distribution_for_SVM/test/1/effb5b5e-e092-4ad5-8889-26dcb206faaf.JPG,apple black rot,apple black rot,0.09534059464931488
datasets/plantvillage/data_distribution_for_SVM/test/25/f768d683-9218-46f8-b8ad-47f7c109b90d.JPG,squash powdery mildew,apple black rot,0.07836964726448059
datasets/plantvillage/data_distribution_for_SVM/test/30/ce7c6df9-8bd9-4dd3-9a39-7288728ffe44.JPG,tomato late blight,corn gray leaf spot,0.07358243316411972
datasets/plantvillage/data_distribution_for_SVM/test/28/3f7abf26-8f07-4687-955e-05c397c2bb64.JPG,tomato bacterial leaf spot,apple black rot,0.07395031303167343
datasets/plantvillage/data_distribution_for_SVM/test/21/a88b9f92-4594-48cd-9221-8489b3d23538.JPG,potato late blight,potato early blight,0.07297433167695999
datasets/plantvillage/data_distribution_for_SVM/test/29/fb98adc5-6457-4666-8c02-a25f8c1a6ca0.JPG,tomato early blight,potato early blight,0.07327350229024887
datasets/plantvillage/data_distribution_for_SVM/test/28/b0a84abe-8f2b-46d8-a812-e0737178d6f4.JPG,tomato bacterial leaf spot,potato early blight,0.07667303085327148
datasets/plantvillage/data_distribution_for_SVM/test/29/27c8b02a-65a4-4501-a5ca-86bb0d07f369.JPG,tomato early blight,apple black rot,0.0725458636879921
datasets/plantvillage/data_distribution_for_SVM/test/30/e8354bcb-7542-43ac-8760-5e0b16714fc8.JPG,tomato late blight,tomato late blight,0.0725993812084198
datasets/plantvillage/data_distribution_for_SVM/test/28/f2d42093-12a8-44b6-818e-79ebda7812a0.JPG,tomato bacterial leaf spot,apple black rot,0.07618702948093414
datasets/plantvillage/data_distribution_for_SVM/test/30/3049abf8-3821-4029-bd98-ea67cc7ff552.JPG,tomato late blight,grape black rot,0.0730561912059784
datasets/plantvillage/data_distribution_for_SVM/test/29/9faa502e-c984-4618-802d-c2c63f7824aa.JPG,tomato early blight,potato late blight,0.07905130088329315
datasets/plantvillage/data_distribution_for_SVM/test/28/a424e38a-50d6-463a-b1b2-67f9bf6b3ac5.JPG,tomato bacterial leaf spot,potato early blight,0.07856862246990204
datasets/plantvillage/data_distribution_for_SVM/test/28/5f292bc9-a4c4-429b-8aad-ab25323d4820.JPG,tomato bacterial leaf spot,corn gray leaf spot,0.0729336142539978
datasets/plantvillage/data_distribution_for_SVM/test/21/4c7e27ff-69e6-448d-91a5-2031d6d01d2b.JPG,potato late blight,potato late blight,0.07805437594652176
datasets/plantvillage/data_distribution_for_SVM/test/8/3ed0db66-74ee-4ddb-a393-e2835ca7d082.JPG,corn rust,corn rust,0.091047503054142
datasets/plantvillage/data_distribution_for_SVM/test/28/c23180c7-d1a4-46d3-a2ac-5cbf95adf535.JPG,tomato bacterial leaf spot,strawberry leaf scorch,0.07249551266431808
datasets/plantvillage/data_distribution_for_SVM/test/11/b37d0dc2-6761-43b7-95da-cff2fe25a939.JPG,grape black rot,grape black rot,0.07836075872182846
datasets/plantvillage/data_distribution_for_SVM/test/26/e3370e3a-001a-4d91-aa2f-8e7a15c5e98c.JPG,strawberry leaf scorch,strawberry leaf scorch,0.08851631730794907
datasets/plantvillage/data_distribution_for_SVM/test/28/ca6b3835-c3e8-46dc-adc2-50823954f4d9.JPG,tomato bacterial leaf spot,apple black rot,0.07220559567213058
datasets/plantvillage/data_distribution_for_SVM/test/28/37640424-9d90-42c8-a2e1-7afebbb19cfe.JPG,tomato bacterial leaf spot,strawberry leaf scorch,0.07795374095439911
datasets/plantvillage/data_distribution_for_SVM/test/8/14ca0a76-9efc-4789-a26a-bd1ee2a9f049.JPG,corn rust,corn gray leaf spot,0.12877078354358673
datasets/plantvillage/data_distribution_for_SVM/test/1/89168c99-154b-4b23-9d5c-f668a078ab85.JPG,apple black rot,apple black rot,0.09780233353376389
datasets/plantvillage/data_distribution_for_SVM/test/25/65c15d42-ddbf-432c-856c-c51dc25a9ce4.JPG,squash powdery mildew,squash powdery mildew,0.0767039880156517
datasets/plantvillage/data_distribution_for_SVM/test/21/7dbd13f3-a363-4cf3-ba11-2de4ddb127d0.JPG,potato late blight,apple black rot,0.09684000164270401
datasets/plantvillage/data_distribution_for_SVM/test/28/f5b66fa1-be8d-4470-a1f5-05e18224b5d6.JPG,tomato bacterial leaf spot,strawberry leaf scorch,0.07226110994815826
datasets/plantvillage/data_distribution_for_SVM/test/21/40aedfaf-1203-484c-af42-2490c257167c.JPG,potato late blight,potato late blight,0.087838314473629
datasets/plantvillage/data_distribution_for_SVM/test/11/f112f041-8fa4-4be7-837f-3ea81125123d.JPG,grape black rot,grape black rot,0.077165886759758
datasets/plantvillage/data_distribution_for_SVM/test/0/0f1197f8-a106-4ebc-ad08-42967be969a8.JPG,apple scab,apple black rot,0.0845523253083229
datasets/plantvillage/data_distribution_for_SVM/test/0/1166a4e2-744d-4f4d-85fb-af90dc849a8c.JPG,apple scab,potato late blight,0.07348223775625229
datasets/plantvillage/data_distribution_for_SVM/test/28/e2fcd0ea-953b-4382-b398-9f74feca6345.JPG,tomato bacterial leaf spot,corn gray leaf spot,0.08020977675914764
datasets/plantvillage/data_distribution_for_SVM/test/26/412df337-2d42-4537-9fbc-151c005b26b3.JPG,strawberry leaf scorch,strawberry leaf scorch,0.10033126175403595
datasets/plantvillage/data_distribution_for_SVM/test/21/2d0f8650-7ef3-4afc-a8a4-8554152e8bd2.JPG,potato late blight,apple black rot,0.07858756929636002
datasets/plantvillage/data_distribution_for_SVM/test/20/868791ed-994e-47a7-acde-169707cc09c0.JPG,potato early blight,apple black rot,0.07451115548610687
datasets/plantvillage/data_distribution_for_SVM/test/11/92245721-2359-4e86-998d-600c458b542c.JPG,grape black rot,grape black rot,0.07925713807344437
datasets/plantvillage/data_distribution_for_SVM/test/11/053fafcd-fbb1-4f89-8f68-22fc50db8860.JPG,grape black rot,grape black rot,0.07570094615221024
datasets/plantvillage/data_distribution_for_SVM/test/28/42248ae1-a83f-4b3f-88d2-259da1979c00.JPG,tomato bacterial leaf spot,apple black rot,0.08034658432006836
datasets/plantvillage/data_distribution_for_SVM/test/25/e4194cbc-4ea8-497c-96fc-3591eb15ef08.JPG,squash powdery mildew,squash powdery mildew,0.07917356491088867
datasets/plantvillage/data_distribution_for_SVM/test/29/49448fcd-3afe-44b3-b932-896a724fdf68.JPG,tomato early blight,potato early blight,0.0840020403265953
datasets/plantvillage/data_distribution_for_SVM/test/29/0efd482d-9aa3-4889-a077-0183dd929110.JPG,tomato early blight,potato late blight,0.0753760114312172
datasets/plantvillage/data_distribution_for_SVM/test/0/1d6133ca-444a-4327-afc6-5713c850fef5.JPG,apple scab,apple black rot,0.07708486914634705
datasets/plantvillage/data_distribution_for_SVM/test/7/1a529379-b62e-4045-8962-ad1e29bcecd5.JPG,corn gray leaf spot,corn gray leaf spot,0.12071482092142105
datasets/plantvillage/data_distribution_for_SVM/test/20/784d28d8-d239-4e90-9fa6-0408a3bb1785.JPG,potato early blight,potato early blight,0.07729129493236542
datasets/plantvillage/data_distribution_for_SVM/test/25/4f6bc0df-d479-4e6a-be2d-be955f97c77a.JPG,squash powdery mildew,tomato bacterial leaf spot,0.07311216741800308
datasets/plantvillage/data_distribution_for_SVM/test/11/21e13ead-850c-4650-b650-1c5f9a53f5f5.JPG,grape black rot,strawberry leaf scorch,0.07333070784807205
datasets/plantvillage/data_distribution_for_SVM/test/21/91e3d261-2c67-45bd-a249-0dc898e272fd.JPG,potato late blight,potato late blight,0.07258792966604233
datasets/plantvillage/data_distribution_for_SVM/test/25/7770bfbb-cc0e-4cae-b842-96d2724701b9.JPG,squash powdery mildew,corn gray leaf spot,0.0753834918141365
datasets/plantvillage/data_distribution_for_SVM/test/30/3feefc7e-43b0-47b2-94e3-92535b12e2bc.JPG,tomato late blight,tomato late blight,0.07443199306726456
datasets/plantvillage/data_distribution_for_SVM/test/8/4bbc9f95-714b-4a13-95e8-768992e77346.JPG,corn rust,corn gray leaf spot,0.15277476608753204
datasets/plantvillage/data_distribution_for_SVM/test/30/c25b7e5f-ab0d-48f3-9160-40cd478d0813.JPG,tomato late blight,tomato late blight,0.07321561127901077
datasets/plantvillage/data_distribution_for_SVM/test/8/6f1a4252-1e94-4e53-8d83-53ec0407ac4d.JPG,corn rust,corn gray leaf spot,0.09985419362783432
datasets/plantvillage/data_distribution_for_SVM/test/0/c30adbbf-dbc2-4172-a14c-0806776c9e29.JPG,apple scab,potato early blight,0.07350324839353561
datasets/plantvillage/data_distribution_for_SVM/test/28/e8d2b9e3-dfdd-4b7d-a0ca-c6fd1e514570.JPG,tomato bacterial leaf spot,corn gray leaf spot,0.07248325645923615
datasets/plantvillage/data_distribution_for_SVM/test/20/d40a957d-fd22-40f7-8ec2-14d8c58a6f68.JPG,potato early blight,strawberry leaf scorch,0.07594307512044907
datasets/plantvillage/data_distribution_for_SVM/test/8/3525b876-799f-4f7a-8f22-a88c2dbb32ed.JPG,corn rust,corn gray leaf spot,0.08650274574756622
datasets/plantvillage/data_distribution_for_SVM/test/21/29abbf9c-6e42-4ad8-95fa-4fb6e5d5e74e.JPG,potato late blight,potato late blight,0.07380452752113342
datasets/plantvillage/data_distribution_for_SVM/test/9/45bf62a5-1909-41c1-8d36-17e3f977c578.JPG,corn northern leaf blight,corn gray leaf spot,0.09452476352453232
datasets/plantvillage/data_distribution_for_SVM/test/25/c9400e4e-a3af-4cf1-8b23-d3eef1b7c0e9.JPG,squash powdery mildew,squash powdery mildew,0.07717406749725342
datasets/plantvillage/data_distribution_for_SVM/test/28/ab2d7160-e23d-4439-99e5-13e8977b3fb7.JPG,tomato bacterial leaf spot,apple black rot,0.07421181350946426
datasets/plantvillage/data_distribution_for_SVM/test/25/9dd4693a-8f6c-46ac-a317-cc8063db5d3c.JPG,squash powdery mildew,potato late blight,0.0737122893333435
datasets/plantvillage/data_distribution_for_SVM/test/25/fc6cdfc2-bf7e-486e-ac92-548a4438dd59.JPG,squash powdery mildew,squash powdery mildew,0.0826072245836258
datasets/plantvillage/data_distribution_for_SVM/test/11/c7ccd30e-fcab-488b-b671-ee84650c4775.JPG,grape black rot,potato early blight,0.07421940565109253
datasets/plantvillage/data_distribution_for_SVM/test/11/7ada7b54-5cc2-4178-9101-52e627353a88.JPG,grape black rot,grape black rot,0.08433274924755096
datasets/plantvillage/data_distribution_for_SVM/test/25/ac715fe5-06e6-4013-b789-09e6f7e6f741.JPG,squash powdery mildew,squash powdery mildew,0.07846536487340927
datasets/plantvillage/data_distribution_for_SVM/test/25/7626c3fd-d321-4cc8-9979-fe9d0522c2a0.JPG,squash powdery mildew,squash powdery mildew,0.07520855218172073
datasets/plantvillage/data_distribution_for_SVM/test/30/5b411bba-a1e1-432e-95d5-3c6124a2ee21.JPG,tomato late blight,apple black rot,0.07301454991102219
datasets/plantvillage/data_distribution_for_SVM/test/28/efcd9522-d562-4d24-ac80-5435ef2d48bd.JPG,tomato bacterial leaf spot,strawberry leaf scorch,0.07572298496961594
datasets/plantvillage/data_distribution_for_SVM/test/9/a5a678a7-ad26-4b91-976c-2bd13cfb5ae6.JPG,corn northern leaf blight,corn gray leaf spot,0.14769704639911652
datasets/plantvillage/data_distribution_for_SVM/test/28/d67ba847-1820-4084-9eb2-8395e7600404.JPG,tomato bacterial leaf spot,apple rust,0.07208283245563507
datasets/plantvillage/data_distribution_for_SVM/test/28/0eda589e-1664-4359-8f53-331c6497039c.JPG,tomato bacterial leaf spot,strawberry leaf scorch,0.07366073876619339
datasets/plantvillage/data_distribution_for_SVM/test/21/7e96484e-49fa-44d3-a5c6-1e9e8026c48c.JPG,potato late blight,apple black rot,0.07310183346271515
datasets/plantvillage/data_distribution_for_SVM/test/29/5b8ce778-e196-4bfc-800f-15c6e1e5ecb2.JPG,tomato early blight,tomato late blight,0.07481545209884644
datasets/plantvillage/data_distribution_for_SVM/test/26/8904bdd9-a3c8-4f29-af66-0db8f1411b17.JPG,strawberry leaf scorch,strawberry leaf scorch,0.11665923148393631
datasets/plantvillage/data_distribution_for_SVM/test/8/2fb94818-4480-4bb2-8af7-a68e3a7a88e8.JPG,corn rust,corn gray leaf spot,0.12719060480594635
datasets/plantvillage/data_distribution_for_SVM/test/2/1ac2fcfb-92ad-4fda-9aa7-7e4450af6647.JPG,apple rust,apple black rot,0.07942404597997665
datasets/plantvillage/data_distribution_for_SVM/test/20/2300785b-6e0b-4f51-af69-dcf54609202a.JPG,potato early blight,potato early blight,0.07265079021453857
datasets/plantvillage/data_distribution_for_SVM/test/7/1f2c878f-ba55-4d1a-ab22-6828dcec3726.JPG,corn gray leaf spot,corn gray leaf spot,0.11022014915943146
datasets/plantvillage/data_distribution_for_SVM/test/2/67ce5624-9d68-470b-9d5f-ccc112300170.JPG,apple rust,apple black rot,0.09668713808059692
datasets/plantvillage/data_distribution_for_SVM/test/28/8c314b88-30d5-47f5-b8bd-1a2f7086fe13.JPG,tomato bacterial leaf spot,apple black rot,0.07295606285333633
datasets/plantvillage/data_distribution_for_SVM/test/29/b722f104-745e-4ab4-a059-f2eca5f72cdb.JPG,tomato early blight,tomato early blight,0.07301251590251923
datasets/plantvillage/data_distribution_for_SVM/test/28/1ac48aeb-61e0-4263-81ac-89553af3244f.JPG,tomato bacterial leaf spot,corn rust,0.07452673465013504
datasets/plantvillage/data_distribution_for_SVM/test/30/d83776e1-30de-4aef-b307-9b80dad23cc0.JPG,tomato late blight,potato late blight,0.07947452366352081
datasets/plantvillage/data_distribution_for_SVM/test/29/1e75d553-15d6-47bc-a174-08cedd579a99.JPG,tomato early blight,tomato late blight,0.07698071002960205
datasets/plantvillage/data_distribution_for_SVM/test/30/24fa4640-10b6-49e8-9b82-f9d307611eec.JPG,tomato late blight,potato early blight,0.0720454677939415
datasets/plantvillage/data_distribution_for_SVM/test/25/a1bcc97f-592c-43d1-9915-01ecead34f40.JPG,squash powdery mildew,squash powdery mildew,0.08632750064134598
datasets/plantvillage/data_distribution_for_SVM/test/9/8ac3dff0-737e-42a1-81c6-1990ba982163.JPG,corn northern leaf blight,corn gray leaf spot,0.1592668890953064
datasets/plantvillage/data_distribution_for_SVM/test/25/806159c8-f81d-4125-aaf1-4e79c57693e7.JPG,squash powdery mildew,squash powdery mildew,0.07575245946645737
datasets/plantvillage/data_distribution_for_SVM/test/20/9f675261-2354-476a-94db-5f95361b93b8.JPG,potato early blight,strawberry leaf scorch,0.07954388111829758
datasets/plantvillage/data_distribution_for_SVM/test/28/6db1df1f-5679-4bea-95aa-264dd5c3ae3e.JPG,tomato bacterial leaf spot,grape black rot,0.07335860282182693
datasets/plantvillage/data_distribution_for_SVM/test/1/56201390-b220-4b2a-9b1f-a725661e96a2.JPG,apple black rot,apple black rot,0.08988850563764572
datasets/plantvillage/data_distribution_for_SVM/test/25/186baafe-930b-44e9-a2d5-40e557cff86e.JPG,squash powdery mildew,squash powdery mildew,0.08395656198263168
datasets/plantvillage/data_distribution_for_SVM/test/0/3061643f-6f5b-49a4-882d-68dac4c36120.JPG,apple scab,apple black rot,0.07349812984466553
datasets/plantvillage/data_distribution_for_SVM/test/28/41301264-b987-476b-ae10-cb3007dfe86a.JPG,tomato bacterial leaf spot,strawberry leaf scorch,0.07297241687774658
datasets/plantvillage/data_distribution_for_SVM/test/9/66298819-119c-4c95-a065-169042d31414.JPG,corn northern leaf blight,corn gray leaf spot,0.11141780018806458
datasets/plantvillage/data_distribution_for_SVM/test/30/431e70d8-27ee-43e7-a675-0d56652ec20f.JPG,tomato late blight,tomato bacterial leaf spot,0.07371480017900467
datasets/plantvillage/data_distribution_for_SVM/test/2/f04ff2ae-9662-4d4d-9498-5d14c12d9233.JPG,apple rust,apple rust,0.0789695605635643
datasets/plantvillage/data_distribution_for_SVM/test/28/ecdfbe4f-6541-4a8f-8def-b068802f5543.JPG,tomato bacterial leaf spot,potato late blight,0.07253549993038177
datasets/plantvillage/data_distribution_for_SVM/test/20/2223bbf0-4673-4d5d-9956-d719c8d53936.JPG,potato early blight,potato early blight,0.07577446848154068
datasets/plantvillage/data_distribution_for_SVM/test/28/fb62b322-b67e-4ad5-ab58-45b71b31e9f7.JPG,tomato bacterial leaf spot,strawberry leaf scorch,0.07366535067558289
datasets/plantvillage/data_distribution_for_SVM/test/20/7feda78e-b0ef-4890-b260-d670ac45903a.JPG,potato early blight,potato early blight,0.07280148565769196
datasets/plantvillage/data_distribution_for_SVM/test/8/0b72d3b6-798e-4824-89e0-e75aec9313a3.JPG,corn rust,corn rust,0.10096083581447601
datasets/plantvillage/data_distribution_for_SVM/test/25/1d864bd6-bade-4f0d-88b9-252d1588b64a.JPG,squash powdery mildew,squash powdery mildew,0.07892873138189316
datasets/plantvillage/data_distribution_for_SVM/test/21/1652ffdb-ede7-4f21-865b-0c9bad1ae62f.JPG,potato late blight,apple black rot,0.07226800173521042
datasets/plantvillage/data_distribution_for_SVM/test/7/6e86ee41-14af-4824-ada7-c93c3427387c.JPG,corn gray leaf spot,corn gray leaf spot,0.0954502746462822
datasets/plantvillage/data_distribution_for_SVM/test/26/159bd876-02a5-4c92-b30c-873c1e19bf7b.JPG,strawberry leaf scorch,strawberry leaf scorch,0.12828178703784943
datasets/plantvillage/data_distribution_for_SVM/test/21/d1274a14-0226-4e8d-ada0-5e2310775e42.JPG,potato late blight,potato early blight,0.07881540805101395
datasets/plantvillage/data_distribution_for_SVM/test/28/b5478203-e30d-4c33-bffb-f362c1b5d4b8.JPG,tomato bacterial leaf spot,apple black rot,0.0737818107008934
datasets/plantvillage/data_distribution_for_SVM/test/28/9fed923b-205d-4be2-8df8-d4a5bc08a4fb.JPG,tomato bacterial leaf spot,corn gray leaf spot,0.07456610351800919
datasets/plantvillage/data_distribution_for_SVM/test/11/357534a6-5c23-49c2-ab39-bd3437a69122.JPG,grape black rot,grape black rot,0.07444576919078827
datasets/plantvillage/data_distribution_for_SVM/test/20/6e1f4a12-a508-4c52-bb06-81696f436985.JPG,potato early blight,apple black rot,0.07306710630655289
datasets/plantvillage/data_distribution_for_SVM/test/21/9932921e-b4a4-40d2-aedc-153c1a790bd6.JPG,potato late blight,potato early blight,0.07647625356912613
datasets/plantvillage/data_distribution_for_SVM/test/30/9cccae2e-f31e-4fbc-97b5-41a21e2d301e.JPG,tomato late blight,tomato bacterial leaf spot,0.07457325607538223
datasets/plantvillage/data_distribution_for_SVM/test/25/d6f0de21-b93e-4ad6-a15f-26d16f8abc04.JPG,squash powdery mildew,grape black rot,0.07432276010513306
datasets/plantvillage/data_distribution_for_SVM/test/29/e0fba446-3fc0-4265-9503-b06c3592a461.JPG,tomato early blight,potato early blight,0.07413426041603088
datasets/plantvillage/data_distribution_for_SVM/test/0/bafe27d1-65c3-4340-9e9e-c64c15297764.JPG,apple scab,potato late blight,0.07484356313943863
datasets/plantvillage/data_distribution_for_SVM/test/26/7e8fa6e3-ef9b-4182-a0fa-d7d8ec661ee5.JPG,strawberry leaf scorch,strawberry leaf scorch,0.07671541720628738
datasets/plantvillage/data_distribution_for_SVM/test/26/06ff3bca-1bbb-4f95-a4e5-122955c2b8ef.JPG,strawberry leaf scorch,strawberry leaf scorch,0.10651285201311111
datasets/plantvillage/data_distribution_for_SVM/test/0/e3c52d90-4f17-4777-bfec-d2ef6e71b79d.JPG,apple scab,apple rust,0.07311150431632996
datasets/plantvillage/data_distribution_for_SVM/test/26/cfbc72e2-a625-45f0-9f35-95f8f46f28ae.JPG,strawberry leaf scorch,strawberry leaf scorch,0.08557900041341782
datasets/plantvillage/data_distribution_for_SVM/test/9/61110da2-d65f-4e09-a293-ab57352d4670.JPG,corn northern leaf blight,corn gray leaf spot,0.1581849604845047
datasets/plantvillage/data_distribution_for_SVM/test/30/82e4de18-c99d-4b85-9f75-5685d7ca51c5.JPG,tomato late blight,apple rust,0.07300344854593277
datasets/plantvillage/data_distribution_for_SVM/test/11/b14fec41-f0a9-4456-9e64-f7e71ad4a7bf.JPG,grape black rot,grape black rot,0.07969646155834198
datasets/plantvillage/data_distribution_for_SVM/test/9/69ec6727-3577-4a85-845a-bfb062da67eb.JPG,corn northern leaf blight,corn northern leaf blight,0.0890311449766159
datasets/plantvillage/data_distribution_for_SVM/test/9/c54827a5-d6a5-4ad9-a209-174aea2413fd.JPG,corn northern leaf blight,corn gray leaf spot,0.09366965293884277
datasets/plantvillage/data_distribution_for_SVM/test/28/aeec271c-d1ad-4b20-8489-949064d87b3d.JPG,tomato bacterial leaf spot,strawberry leaf scorch,0.07977426797151566
datasets/plantvillage/data_distribution_for_SVM/test/20/59ce1697-c57b-4580-b748-0436d8fcfc64.JPG,potato early blight,potato early blight,0.07684697210788727
datasets/plantvillage/data_distribution_for_SVM/test/26/bdb2852b-bd25-4248-b8d3-5fc48b3c82eb.JPG,strawberry leaf scorch,strawberry leaf scorch,0.09525103867053986
datasets/plantvillage/data_distribution_for_SVM/test/29/0268e317-0dc3-4dc6-9747-22b3835aa5f7.JPG,tomato early blight,potato early blight,0.07693610340356827
datasets/plantvillage/data_distribution_for_SVM/test/21/0c736c5e-e64b-4a56-aef3-c24a7fba7155.JPG,potato late blight,potato late blight,0.07777946442365646
datasets/plantvillage/data_distribution_for_SVM/test/29/c3019fca-cc8d-47f7-a881-e9f6b99ac46f.JPG,tomato early blight,apple black rot,0.07561959326267242
datasets/plantvillage/data_distribution_for_SVM/test/30/d9e94b47-7e08-4b9d-850a-d1851b7476e0.JPG,tomato late blight,tomato late blight,0.0749235600233078
datasets/plantvillage/data_distribution_for_SVM/test/11/f76b1df9-e0bd-4424-9984-c382d575511c.JPG,grape black rot,grape black rot,0.07969677448272705
datasets/plantvillage/data_distribution_for_SVM/test/20/9a14d62c-207b-4879-8e43-de34cac0d0b1.JPG,potato early blight,potato early blight,0.07541599869728088
datasets/plantvillage/data_distribution_for_SVM/test/8/b2ec5133-e8a0-41fa-b053-1a3d9726b6a0.JPG,corn rust,squash powdery mildew,0.07240088284015656
datasets/plantvillage/data_distribution_for_SVM/test/11/eca8c019-541e-4916-8318-529820536526.JPG,grape black rot,strawberry leaf scorch,0.07780361920595169
datasets/plantvillage/data_distribution_for_SVM/test/25/d513926d-2917-41f0-92b0-ffba85fbe6ea.JPG,squash powdery mildew,squash powdery mildew,0.07281322777271271
datasets/plantvillage/data_distribution_for_SVM/test/28/ff25e706-2671-44ed-ad6c-bfdbfa7e49f4.JPG,tomato bacterial leaf spot,apple rust,0.07250599563121796
datasets/plantvillage/data_distribution_for_SVM/test/30/e21a705c-5956-4bb0-b993-b0f05741be8f.JPG,tomato late blight,tomato late blight,0.07349509745836258
datasets/plantvillage/data_distribution_for_SVM/test/30/b366d3c2-4e46-4962-9fac-d304e98ab656.JPG,tomato late blight,potato early blight,0.0724022388458252
datasets/plantvillage/data_distribution_for_SVM/test/26/57805596-6270-4b2d-9ec9-8438842a54da.JPG,strawberry leaf scorch,strawberry leaf scorch,0.16050104796886444
datasets/plantvillage/data_distribution_for_SVM/test/28/9e4eb7fe-0550-4796-a4c1-9f7d9538c1a0.JPG,tomato bacterial leaf spot,potato late blight,0.07613198459148407
datasets/plantvillage/data_distribution_for_SVM/test/9/1005df6d-08e1-441d-baa7-512f18d86360.JPG,corn northern leaf blight,corn gray leaf spot,0.12641622126102448
datasets/plantvillage/data_distribution_for_SVM/test/8/95f26ff6-df1c-4129-afe0-dc699fed1b06.JPG,corn rust,squash powdery mildew,0.07308422029018402
datasets/plantvillage/data_distribution_for_SVM/test/30/22d73498-6042-40be-8000-896ff6c95cb0.JPG,tomato late blight,tomato late blight,0.07305803894996643
datasets/plantvillage/data_distribution_for_SVM/test/0/8c053479-8ed2-44a6-b751-d46b8018ff9a.JPG,apple scab,potato late blight,0.07250462472438812
datasets/plantvillage/data_distribution_for_SVM/test/25/c6bd328b-c551-402c-9a5c-c4a1bc3a0885.JPG,squash powdery mildew,squash powdery mildew,0.08451904356479645
datasets/plantvillage/data_distribution_for_SVM/test/28/ab62c008-0fab-401f-a431-1488330d3993.JPG,tomato bacterial leaf spot,potato early blight,0.07377392053604126
datasets/plantvillage/data_distribution_for_SVM/test/28/32ede420-66f6-4140-b8eb-739ad55c523d.JPG,tomato bacterial leaf spot,apple black rot,0.07869833707809448
datasets/plantvillage/data_distribution_for_SVM/test/25/e3fa07c9-aaea-477d-984c-fee74109b504.JPG,squash powdery mildew,squash powdery mildew,0.1024332344532013
datasets/plantvillage/data_distribution_for_SVM/test/26/2a0c8ff9-1d26-4633-9f58-ca128440ebb3.JPG,strawberry leaf scorch,strawberry leaf scorch,0.09973806142807007
datasets/plantvillage/data_distribution_for_SVM/test/11/7daea451-ef87-4b43-a512-08f9ea4895f0.JPG,grape black rot,grape black rot,0.07681716978549957
datasets/plantvillage/data_distribution_for_SVM/test/28/1f4d8133-1e50-424f-a366-a8215748e5f4.JPG,tomato bacterial leaf spot,apple rust,0.07160723209381104
datasets/plantvillage/data_distribution_for_SVM/test/30/73101e1e-22bc-455d-ae13-3c7dee64aadc.JPG,tomato late blight,apple scab,0.07222219556570053
datasets/plantvillage/data_distribution_for_SVM/test/21/1bdc6541-ce63-4a48-a79a-078411f17ec5.JPG,potato late blight,apple black rot,0.08042321354150772
datasets/plantvillage/data_distribution_for_SVM/test/0/a1f6c201-353d-4098-aa5b-140d53fe1dc9.JPG,apple scab,apple black rot,0.07374966889619827
datasets/plantvillage/data_distribution_for_SVM/test/20/8461f79e-5ee1-4220-a9be-3bc03df3e12c.JPG,potato early blight,potato early blight,0.07480043917894363
datasets/plantvillage/data_distribution_for_SVM/test/28/6a078999-bf69-48c3-a5e2-e93ec5e49ce0.JPG,tomato bacterial leaf spot,strawberry leaf scorch,0.077207550406456
datasets/plantvillage/data_distribution_for_SVM/test/9/a4179548-b952-419a-bff9-7ecaf5c169c6.JPG,corn northern leaf blight,corn gray leaf spot,0.07715757191181183
datasets/plantvillage/data_distribution_for_SVM/test/30/a447b189-0a57-47e5-8af3-073b81d1681b.JPG,tomato late blight,strawberry leaf scorch,0.07643075287342072
datasets/plantvillage/data_distribution_for_SVM/test/11/bca7bdca-b8d1-4820-9dd0-4f0759db473c.JPG,grape black rot,grape black rot,0.07566328346729279
datasets/plantvillage/data_distribution_for_SVM/test/9/67584996-00e6-4204-9a01-938c5f0203f3.JPG,corn northern leaf blight,corn gray leaf spot,0.12163293361663818
datasets/plantvillage/data_distribution_for_SVM/test/8/ce395f1e-be69-447d-baba-cfaa70f07017.JPG,corn rust,corn gray leaf spot,0.0813654214143753
datasets/plantvillage/data_distribution_for_SVM/test/30/2b14e914-64c5-4a43-a4ce-904ed2cb7ec4.JPG,tomato late blight,potato late blight,0.07317668199539185
datasets/plantvillage/data_distribution_for_SVM/test/20/f6618562-df88-4bd3-a458-e210e5be563b.JPG,potato early blight,potato early blight,0.09607747197151184
datasets/plantvillage/data_distribution_for_SVM/test/8/6a2cf5a4-82fd-4460-8e77-4e3c3a4005c2.JPG,corn rust,corn gray leaf spot,0.15272256731987
datasets/plantvillage/data_distribution_for_SVM/test/9/dd71d819-dabe-49d6-97a4-37762c56375a.JPG,corn northern leaf blight,corn gray leaf spot,0.09739666432142258
datasets/plantvillage/data_distribution_for_SVM/test/20/45785d1a-f01e-4765-a4ef-fcd0dfe51822.JPG,potato early blight,potato early blight,0.07344135642051697
datasets/plantvillage/data_distribution_for_SVM/test/9/5e4aecab-44bc-418b-91bf-6b1c67db6dee.JPG,corn northern leaf blight,corn gray leaf spot,0.1140623614192009
datasets/plantvillage/data_distribution_for_SVM/test/8/336e2a8e-6678-4b50-8cbb-246337352f0e.JPG,corn rust,corn gray leaf spot,0.10082218050956726
datasets/plantvillage/data_distribution_for_SVM/test/8/0c09de51-43e4-4c37-905c-56ef89127e12.JPG,corn rust,corn gray leaf spot,0.10511044412851334
datasets/plantvillage/data_distribution_for_SVM/test/28/def3aed3-d1a4-4b23-82ce-c61ee1947a8f.JPG,tomato bacterial leaf spot,strawberry leaf scorch,0.07299215346574783
datasets/plantvillage/data_distribution_for_SVM/test/0/f4622aa7-2b71-4f40-8720-ea882043cc77.JPG,apple scab,apple black rot,0.07999526709318161
datasets/plantvillage/data_distribution_for_SVM/test/25/4685e7ef-2690-40c2-b713-540137fef1a1.JPG,squash powdery mildew,squash powdery mildew,0.07320354133844376
datasets/plantvillage/data_distribution_for_SVM/test/20/6bf9c706-923a-4f3a-bc33-e59bc459e6f0.JPG,potato early blight,potato early blight,0.07438389211893082
datasets/plantvillage/data_distribution_for_SVM/test/21/569dd031-dc35-49ed-9895-94d076858058.JPG,potato late blight,potato early blight,0.07331958413124084
datasets/plantvillage/data_distribution_for_SVM/test/8/cf51e8a0-14ae-4413-a07e-679f419a6fe8.JPG,corn rust,corn rust,0.07359033077955246
datasets/plantvillage/data_distribution_for_SVM/test/8/880862d9-d2a9-4d8d-ba05-e97ddb845582.JPG,corn rust,corn gray leaf spot,0.09027277678251266
datasets/plantvillage/data_distribution_for_SVM/test/25/aed185b2-9221-4509-a58b-3866d7ef2dc3.JPG,squash powdery mildew,apple black rot,0.07438021898269653
datasets/plantvillage/data_distribution_for_SVM/test/25/0bfb6d21-95bb-4f79-bca1-4808cf2e1682.JPG,squash powdery mildew,squash powdery mildew,0.07384117692708969
datasets/plantvillage/data_distribution_for_SVM/test/25/11f8f537-fa52-4eb1-9806-e14b5673387e.JPG,squash powdery mildew,apple black rot,0.07465612143278122
datasets/plantvillage/data_distribution_for_SVM/test/28/21f2f86f-e52a-47f7-87f0-0217455461b2.JPG,tomato bacterial leaf spot,strawberry leaf scorch,0.07673047482967377
datasets/plantvillage/data_distribution_for_SVM/test/29/2424e807-7123-4336-bc85-9964ace1fef4.JPG,tomato early blight,potato early blight,0.07653824239969254
datasets/plantvillage/data_distribution_for_SVM/test/25/4e6de39f-b166-413b-9234-a0ccadae5d31.JPG,squash powdery mildew,squash powdery mildew,0.07279685139656067
datasets/plantvillage/data_distribution_for_SVM/test/11/21567bcd-213f-486f-b6ae-9bfa3b08e48f.JPG,grape black rot,grape black rot,0.08131943643093109
datasets/plantvillage/data_distribution_for_SVM/test/11/ed0fa4a3-5d9a-429c-b011-c79534ddf293.JPG,grape black rot,grape black rot,0.07381545007228851
datasets/plantvillage/data_distribution_for_SVM/test/26/48c9dc1b-bd9f-4b78-803e-f39bf418cc04.JPG,strawberry leaf scorch,strawberry leaf scorch,0.12958982586860657
datasets/plantvillage/data_distribution_for_SVM/test/30/13a90648-1052-4b9a-92dd-06338d6ae301.JPG,tomato late blight,apple black rot,0.07556084543466568
datasets/plantvillage/data_distribution_for_SVM/test/26/f078c570-0e9a-466b-beab-f05f6ef9a0b4.JPG,strawberry leaf scorch,strawberry leaf scorch,0.08198732137680054
datasets/plantvillage/data_distribution_for_SVM/test/21/c16d550f-cb65-4087-9aeb-b748bd0a5997.JPG,potato late blight,potato early blight,0.07998675853013992
datasets/plantvillage/data_distribution_for_SVM/test/9/79fa04c0-2d4b-467e-8370-a943d1696bfc.JPG,corn northern leaf blight,corn gray leaf spot,0.1410917192697525
datasets/plantvillage/data_distribution_for_SVM/test/28/16cf0f3b-3417-4089-9722-1c9ef4458839.JPG,tomato bacterial leaf spot,strawberry leaf scorch,0.07966271787881851
datasets/plantvillage/data_distribution_for_SVM/test/8/97f4aa58-1940-4c14-92f4-7ccabdb6837d.JPG,corn rust,corn gray leaf spot,0.12074538320302963
datasets/plantvillage/data_distribution_for_SVM/test/28/86453976-076e-43d5-8c8f-fd8552c62598.JPG,tomato bacterial leaf spot,apple black rot,0.07793987542390823
datasets/plantvillage/data_distribution_for_SVM/test/1/70ffb5b5-3fe8-480a-abdb-9de04c9817ec.JPG,apple black rot,apple black rot,0.11881999671459198
datasets/plantvillage/data_distribution_for_SVM/test/20/1a1db220-b7a7-4859-b820-0f1ed747e18b.JPG,potato early blight,potato early blight,0.0780709832906723
datasets/plantvillage/data_distribution_for_SVM/test/9/8d56b4d5-58dd-44f2-a761-3e8aa0e6fb23.JPG,corn northern leaf blight,corn gray leaf spot,0.10481008887290955
datasets/plantvillage/data_distribution_for_SVM/test/28/416857ac-d66a-4b2e-8aa9-6d282988ab87.JPG,tomato bacterial leaf spot,apple black rot,0.07452922314405441
datasets/plantvillage/data_distribution_for_SVM/test/8/643b59be-9920-4cd9-8b71-cc5d46342acc.JPG,corn rust,corn gray leaf spot,0.10046490281820297
datasets/plantvillage/data_distribution_for_SVM/test/28/ddea9d3e-d2d3-47b6-9939-fb25a4813762.JPG,tomato bacterial leaf spot,potato late blight,0.07387230545282364
datasets/plantvillage/data_distribution_for_SVM/test/25/7c31637d-e18b-4f4c-9f27-f65f323f5d55.JPG,squash powdery mildew,squash powdery mildew,0.07869008928537369
datasets/plantvillage/data_distribution_for_SVM/test/2/c9fa2bb7-5fa9-4975-9146-935f583e040f.JPG,apple rust,apple black rot,0.07838193327188492
datasets/plantvillage/data_distribution_for_SVM/test/0/f7b422f4-e479-41ab-85dd-146838cf92d2.JPG,apple scab,apple black rot,0.07847561687231064
datasets/plantvillage/data_distribution_for_SVM/test/21/f7313d3a-d871-4ad2-b6a7-edf3bb2b44a7.JPG,potato late blight,potato early blight,0.08109075576066971
datasets/plantvillage/data_distribution_for_SVM/test/9/2d3be8f5-5e1f-4e9e-8e24-c6af641f14f9.JPG,corn northern leaf blight,corn gray leaf spot,0.16531071066856384
datasets/plantvillage/data_distribution_for_SVM/test/11/48bb8c54-37bd-471d-919d-4fb8e17c8c51.JPG,grape black rot,grape black rot,0.07496520131826401
datasets/plantvillage/data_distribution_for_SVM/test/25/437709d3-4b2c-46b5-b1cd-cd79ae8313cc.JPG,squash powdery mildew,squash powdery mildew,0.07774133235216141
datasets/plantvillage/data_distribution_for_SVM/test/21/7e02a0ea-19d3-4266-9375-fac59bc908bb.JPG,potato late blight,potato late blight,0.08859196305274963
datasets/plantvillage/data_distribution_for_SVM/test/11/e73a92d5-d105-4234-b0ad-8281303c76dd.JPG,grape black rot,grape black rot,0.07829045504331589
datasets/plantvillage/data_distribution_for_SVM/test/25/2845a3a4-fd23-4a27-bbfe-9e8988d89ae2.JPG,squash powdery mildew,squash powdery mildew,0.07581524550914764
datasets/plantvillage/data_distribution_for_SVM/test/20/9dfce728-d761-46b6-812b-002eaf7eedb9.JPG,potato early blight,potato early blight,0.07601024210453033
datasets/plantvillage/data_distribution_for_SVM/test/9/c4eba0c9-aa24-4473-b37d-da3f7470ba73.JPG,corn northern leaf blight,corn gray leaf spot,0.14530546963214874
datasets/plantvillage/data_distribution_for_SVM/test/30/2540f929-350e-4922-841c-7f28a274dd74.JPG,tomato late blight,apple black rot,0.07308506220579147
datasets/plantvillage/data_distribution_for_SVM/test/20/b8b567a3-7101-4bee-9580-f098c81c5dbb.JPG,potato early blight,potato early blight,0.07419921457767487
datasets/plantvillage/data_distribution_for_SVM/test/28/28fd1164-152d-40a8-be20-121fd639d1bf.JPG,tomato bacterial leaf spot,potato early blight,0.07397347688674927
datasets/plantvillage/data_distribution_for_SVM/test/25/88c20743-2be5-4ac1-a268-086137f68c58.JPG,squash powdery mildew,grape black rot,0.07251489907503128
datasets/plantvillage/data_distribution_for_SVM/test/28/faa91ee3-57cb-4ce5-8b84-56ab65c588d6.JPG,tomato bacterial leaf spot,strawberry leaf scorch,0.07905770093202591
datasets/plantvillage/data_distribution_for_SVM/test/29/a7128f33-0903-4710-910e-1222494f2346.JPG,tomato early blight,potato late blight,0.07551263272762299
datasets/plantvillage/data_distribution_for_SVM/test/7/36440f75-fe6e-4f21-b399-63b6e75aca90.JPG,corn gray leaf spot,corn gray leaf spot,0.1479584276676178
datasets/plantvillage/data_distribution_for_SVM/test/25/31f5510d-9ed3-412f-8b21-fa8a5fc1ef3f.JPG,squash powdery mildew,squash powdery mildew,0.0725322961807251
datasets/plantvillage/data_distribution_for_SVM/test/29/3fe154ac-35d5-4657-b337-5464a09dd122.JPG,tomato early blight,apple black rot,0.08040322363376617
datasets/plantvillage/data_distribution_for_SVM/test/2/a914aee9-487d-465f-a502-1d86b2820572.JPG,apple rust,apple black rot,0.07336701452732086
datasets/plantvillage/data_distribution_for_SVM/test/21/6f03cec9-0dfc-4884-8a9f-cbc60f4937c7.JPG,potato late blight,potato late blight,0.07926951348781586
datasets/plantvillage/data_distribution_for_SVM/test/9/398efea5-6cae-4e7c-9e09-123a837eb07a.JPG,corn northern leaf blight,corn gray leaf spot,0.13563455641269684
datasets/plantvillage/data_distribution_for_SVM/test/9/1252c51e-6b0b-4826-acc7-2c4a5169bbf7.JPG,corn northern leaf blight,corn gray leaf spot,0.11950376629829407
datasets/plantvillage/data_distribution_for_SVM/test/9/5ec8294e-194e-4b7f-8a4a-ebb430b23e1f.JPG,corn northern leaf blight,corn gray leaf spot,0.10910136997699738
datasets/plantvillage/data_distribution_for_SVM/test/28/d2a7fe0b-2135-427e-ba5e-236b836f16bf.JPG,tomato bacterial leaf spot,potato late blight,0.07442271709442139
datasets/plantvillage/data_distribution_for_SVM/test/8/71e18b29-3fa8-4363-ba51-fc7fa62873dc.JPG,corn rust,corn gray leaf spot,0.08446720987558365
datasets/plantvillage/data_distribution_for_SVM/test/8/fa786ef3-ebca-494b-9690-1fb506963dfd.JPG,corn rust,corn gray leaf spot,0.13947844505310059
datasets/plantvillage/data_distribution_for_SVM/test/25/2b82f0a5-ee75-4ba1-8857-ec725b759301.JPG,squash powdery mildew,squash powdery mildew,0.07287897914648056
datasets/plantvillage/data_distribution_for_SVM/test/25/c289ae11-f2c2-4f0b-85f6-30bc1cd2379e.JPG,squash powdery mildew,squash powdery mildew,0.07850737869739532
datasets/plantvillage/data_distribution_for_SVM/test/25/035f03a0-05da-4c83-884b-49392bd519de.JPG,squash powdery mildew,corn gray leaf spot,0.07235675305128098
datasets/plantvillage/data_distribution_for_SVM/test/9/4bea6062-abdc-4c41-8bea-2cd3bdde6c24.JPG,corn northern leaf blight,corn gray leaf spot,0.14724431931972504
datasets/plantvillage/data_distribution_for_SVM/test/25/cfaaf9d8-fe44-4766-8f59-5524c259a899.JPG,squash powdery mildew,squash powdery mildew,0.08049820363521576
datasets/plantvillage/data_distribution_for_SVM/test/8/0a9b5a49-8329-4b46-846e-d98c9bf5f8e1.JPG,corn rust,corn rust,0.10719792544841766
datasets/plantvillage/data_distribution_for_SVM/test/28/d239eec3-446b-480c-9457-77ba3eb62e50.JPG,tomato bacterial leaf spot,potato early blight,0.07240141183137894
datasets/plantvillage/data_distribution_for_SVM/test/8/a5959faf-b838-460c-a1f3-933aa988c456.JPG,corn rust,corn gray leaf spot,0.0880545973777771
datasets/plantvillage/data_distribution_for_SVM/test/8/b11b5728-4420-46fd-af67-22013b215899.JPG,corn rust,corn gray leaf spot,0.09563256800174713
datasets/plantvillage/data_distribution_for_SVM/test/7/5ce01af4-2751-43f6-b36d-6768b5cb5eb3.JPG,corn gray leaf spot,corn gray leaf spot,0.1353490948677063
datasets/plantvillage/data_distribution_for_SVM/test/26/f7d55431-528a-40d4-93b4-41b8341b1b2c.JPG,strawberry leaf scorch,strawberry leaf scorch,0.08632850646972656
datasets/plantvillage/data_distribution_for_SVM/test/29/69f848d5-c8d9-4351-8f19-4a0f3417ded6.JPG,tomato early blight,potato late blight,0.07615271210670471
datasets/plantvillage/data_distribution_for_SVM/test/25/0c67812b-cde8-46ad-b2ee-e62b8598fd24.JPG,squash powdery mildew,squash powdery mildew,0.07713537663221359
datasets/plantvillage/data_distribution_for_SVM/test/28/fffff88e-57ae-47a1-bab7-3b7902eefc65.JPG,tomato bacterial leaf spot,apple black rot,0.07687921077013016
datasets/plantvillage/data_distribution_for_SVM/test/30/18e7becd-d9e8-4eb1-a35c-1ab1606efca1.JPG,tomato late blight,apple black rot,0.07281046360731125
datasets/plantvillage/data_distribution_for_SVM/test/21/c6332827-3776-4abe-b06c-30cdf1b84d6e.JPG,potato late blight,apple black rot,0.07677952945232391
datasets/plantvillage/data_distribution_for_SVM/test/28/9231b12f-9cfa-4eea-b6e6-571538607f2b.JPG,tomato bacterial leaf spot,potato early blight,0.08334528654813766
datasets/plantvillage/data_distribution_for_SVM/test/20/9e1a5816-ab3d-4861-a6e3-9593609866b6.JPG,potato early blight,potato early blight,0.0778261050581932
datasets/plantvillage/data_distribution_for_SVM/test/25/23a1074d-c8f2-483f-bfc7-93730465720f.JPG,squash powdery mildew,squash powdery mildew,0.07700280845165253
datasets/plantvillage/data_distribution_for_SVM/test/11/2ca7cc50-6422-4924-8d3c-c1a865f163fa.JPG,grape black rot,potato early blight,0.07747054845094681
datasets/plantvillage/data_distribution_for_SVM/test/28/259ddb1a-f10f-4470-9b1b-8a2b9afdb65a.JPG,tomato bacterial leaf spot,strawberry leaf scorch,0.07779227197170258
datasets/plantvillage/data_distribution_for_SVM/test/25/8b475868-013e-4d19-bd36-f992df891aed.JPG,squash powdery mildew,apple black rot,0.08342064917087555
datasets/plantvillage/data_distribution_for_SVM/test/28/f1327a4c-c819-454d-9a37-2b63056d9146.JPG,tomato bacterial leaf spot,potato early blight,0.073334239423275
datasets/plantvillage/data_distribution_for_SVM/test/9/16e82f65-b9bd-475e-9673-b35ab98819cd.JPG,corn northern leaf blight,corn gray leaf spot,0.11374513059854507
datasets/plantvillage/data_distribution_for_SVM/test/25/8cba3662-cae6-4e1c-aa12-9c41f4ac82e3.JPG,squash powdery mildew,squash powdery mildew,0.07321315258741379
datasets/plantvillage/data_distribution_for_SVM/test/28/754c6e8b-5af2-4c0a-a809-4bb412237c29.JPG,tomato bacterial leaf spot,apple rust,0.07348351180553436
datasets/plantvillage/data_distribution_for_SVM/test/29/9badc95a-10b8-44fd-9ac4-e32894459700.JPG,tomato early blight,potato late blight,0.08388795703649521
datasets/plantvillage/data_distribution_for_SVM/test/30/d516fd9e-c321-4182-9d25-3056f610747e.JPG,tomato late blight,strawberry leaf scorch,0.07440026104450226
datasets/plantvillage/data_distribution_for_SVM/test/29/e1625cb7-b528-4b4c-bb79-f553d238862a.JPG,tomato early blight,tomato late blight,0.07676193863153458
datasets/plantvillage/data_distribution_for_SVM/test/2/8ca45437-9ac4-4f52-bc27-6f85d6011356.JPG,apple rust,apple rust,0.07322435081005096
datasets/plantvillage/data_distribution_for_SVM/test/11/209bf514-5541-48b5-8c9a-11bc2d1c2c35.JPG,grape black rot,grape black rot,0.07460620999336243
datasets/plantvillage/data_distribution_for_SVM/test/26/f4e234c8-f4e0-473e-b967-194ca265974d.JPG,strawberry leaf scorch,strawberry leaf scorch,0.08167392015457153
datasets/plantvillage/data_distribution_for_SVM/test/20/1144fbad-1198-4b85-a1c6-0ed65ddbb4f9.JPG,potato early blight,apple rust,0.07273439317941666
datasets/plantvillage/data_distribution_for_SVM/test/11/5314ddd4-a255-48ce-aab6-84b8383ff1bf.JPG,grape black rot,grape black rot,0.07679957151412964
datasets/plantvillage/data_distribution_for_SVM/test/25/4010abfd-0404-41fa-9188-3f332989b191.JPG,squash powdery mildew,squash powdery mildew,0.07212210446596146
datasets/plantvillage/data_distribution_for_SVM/test/20/08b95e62-606b-4059-8401-6864406b05bb.JPG,potato early blight,strawberry leaf scorch,0.07397183775901794
datasets/plantvillage/data_distribution_for_SVM/test/25/91f925f9-05f3-4f9d-84a0-7b4589ebf9b6.JPG,squash powdery mildew,squash powdery mildew,0.07528424263000488
datasets/plantvillage/data_distribution_for_SVM/test/30/b199b9ba-4926-4608-9fc8-f603616f6a61.JPG,tomato late blight,potato late blight,0.07252993434667587
datasets/plantvillage/data_distribution_for_SVM/test/0/b0491fd8-ff32-4df0-ac08-94ecae0444ef.JPG,apple scab,potato late blight,0.0762554332613945
datasets/plantvillage/data_distribution_for_SVM/test/30/8a63df9c-9036-4beb-ad62-7e474acc1867.JPG,tomato late blight,grape black rot,0.07258319109678268
datasets/plantvillage/data_distribution_for_SVM/test/28/24670cea-6973-46fa-b5f3-ea91c91eb769.JPG,tomato bacterial leaf spot,apple black rot,0.07242950797080994
datasets/plantvillage/data_distribution_for_SVM/test/28/d9263555-e149-478b-b54e-77295921c45e.JPG,tomato bacterial leaf spot,strawberry leaf scorch,0.07631316781044006
datasets/plantvillage/data_distribution_for_SVM/test/25/2dab6468-36c2-4298-91a5-6bd804a96e94.JPG,squash powdery mildew,squash powdery mildew,0.108466237783432
datasets/plantvillage/data_distribution_for_SVM/test/30/1592061f-4753-4453-a08d-ef3efbddcd57.JPG,tomato late blight,potato late blight,0.0723956972360611
datasets/plantvillage/data_distribution_for_SVM/test/11/f5abd4f0-c452-4086-9cf1-3cfff784cba8.JPG,grape black rot,grape black rot,0.08180065453052521
datasets/plantvillage/data_distribution_for_SVM/test/25/c4444d64-352d-421a-b8f4-7455ed986213.JPG,squash powdery mildew,squash powdery mildew,0.0849585011601448
datasets/plantvillage/data_distribution_for_SVM/test/20/27090797-db54-47dd-8502-c344abd5a761.JPG,potato early blight,potato early blight,0.07236050814390182
datasets/plantvillage/data_distribution_for_SVM/test/25/4b310a1a-9b23-48c0-aab3-391b90518972.JPG,squash powdery mildew,squash powdery mildew,0.09026040881872177
datasets/plantvillage/data_distribution_for_SVM/test/28/96ded096-85e0-4adc-99f1-baa09e48ea05.JPG,tomato bacterial leaf spot,potato late blight,0.07339546084403992
datasets/plantvillage/data_distribution_for_SVM/test/20/58e0d85c-5bff-4194-ac32-c6cf5b3b7102.JPG,potato early blight,strawberry leaf scorch,0.07911103218793869
datasets/plantvillage/data_distribution_for_SVM/test/30/d928e4e0-16cf-4d6b-97b5-5556461c5bff.JPG,tomato late blight,potato early blight,0.07532861083745956
datasets/plantvillage/data_distribution_for_SVM/test/30/660ee0c2-6f6e-4c15-ae88-a515cd15c828.JPG,tomato late blight,potato early blight,0.07611269503831863
datasets/plantvillage/data_distribution_for_SVM/test/30/d9f2f469-087e-481d-ba3d-0469f1f8dce5.JPG,tomato late blight,potato late blight,0.07413463294506073
datasets/plantvillage/data_distribution_for_SVM/test/11/9eea8340-352b-4aa1-b132-589a8e752e5e.JPG,grape black rot,grape black rot,0.07646499574184418
datasets/plantvillage/data_distribution_for_SVM/test/9/11491393-0a3b-4791-9c79-b7a11d120f38.JPG,corn northern leaf blight,corn gray leaf spot,0.1106867641210556
datasets/plantvillage/data_distribution_for_SVM/test/9/090389ee-29c6-4d7a-bf92-5df21134b179.JPG,corn northern leaf blight,corn gray leaf spot,0.16626732051372528
datasets/plantvillage/data_distribution_for_SVM/test/21/0af062d0-c6ce-4d88-a0b1-39d7aaa6c2fb.JPG,potato late blight,potato late blight,0.08417227119207382
datasets/plantvillage/data_distribution_for_SVM/test/25/b4d84537-e925-49a9-8fcb-dd180ed6c356.JPG,squash powdery mildew,corn gray leaf spot,0.07626506686210632
datasets/plantvillage/data_distribution_for_SVM/test/25/0c325400-0724-493f-88cf-02438fa08156.JPG,squash powdery mildew,tomato late blight,0.07210864126682281
datasets/plantvillage/data_distribution_for_SVM/test/28/7543f8cd-0485-416e-9fd3-54e3a6ed0328.JPG,tomato bacterial leaf spot,strawberry leaf scorch,0.07248487323522568
datasets/plantvillage/data_distribution_for_SVM/test/20/5b7a3e41-0d0d-4c87-8353-aca913f6463f.JPG,potato early blight,potato early blight,0.09220342338085175
datasets/plantvillage/data_distribution_for_SVM/test/30/71245bcd-7631-4836-a0f9-c4ffafb88c83.JPG,tomato late blight,tomato late blight,0.08431334793567657
datasets/plantvillage/data_distribution_for_SVM/test/11/b71ee19e-8c81-45b4-9ddb-aa6a6e3c26c7.JPG,grape black rot,grape black rot,0.07458002865314484
datasets/plantvillage/data_distribution_for_SVM/test/21/80b8b14f-d7d6-4943-89f4-3cb1165f1b6d.JPG,potato late blight,potato early blight,0.07559146732091904
datasets/plantvillage/data_distribution_for_SVM/test/8/174c0ab7-ea5e-4b7f-91e8-7c85d154483a.JPG,corn rust,corn gray leaf spot,0.12701095640659332
datasets/plantvillage/data_distribution_for_SVM/test/28/686a1090-2f45-431c-a154-70c1b983ab51.JPG,tomato bacterial leaf spot,strawberry leaf scorch,0.07202903926372528
datasets/plantvillage/data_distribution_for_SVM/test/30/90efd016-d5c4-4237-aa04-f3bd4de26d91.JPG,tomato late blight,tomato late blight,0.07384432852268219
datasets/plantvillage/data_distribution_for_SVM/test/20/693aef2d-8abb-4961-bc13-e0d53442f1c9.JPG,potato early blight,apple scab,0.07338150590658188
datasets/plantvillage/data_distribution_for_SVM/test/7/07ae6f44-4de9-4505-a77d-e8cbb6fb071a.JPG,corn gray leaf spot,corn gray leaf spot,0.10679002106189728
datasets/plantvillage/data_distribution_for_SVM/test/30/5d51304d-2e4c-44f5-904d-b8473d1d58f1.JPG,tomato late blight,grape black rot,0.07223623245954514
datasets/plantvillage/data_distribution_for_SVM/test/25/bb21d06d-3ac4-4e93-a2b3-fab321c75962.JPG,squash powdery mildew,squash powdery mildew,0.0750960111618042
datasets/plantvillage/data_distribution_for_SVM/test/20/dabe6041-e383-4dac-b271-4d6c52ddec9c.JPG,potato early blight,apple black rot,0.07877741754055023
datasets/plantvillage/data_distribution_for_SVM/test/28/efbb714c-a368-4d4b-a663-5d382731829b.JPG,tomato bacterial leaf spot,strawberry leaf scorch,0.07594410330057144
datasets/plantvillage/data_distribution_for_SVM/test/11/81afb69b-6b77-459d-93e0-5fb854914eff.JPG,grape black rot,apple black rot,0.07365994900465012
datasets/plantvillage/data_distribution_for_SVM/test/7/ac1fe390-3527-4c18-8b5e-89d01565b113.JPG,corn gray leaf spot,corn gray leaf spot,0.1552785187959671
datasets/plantvillage/data_distribution_for_SVM/test/25/fe2d4cc3-f851-4f74-b1e4-65b4e75dda35.JPG,squash powdery mildew,tomato late blight,0.07288268208503723
datasets/plantvillage/data_distribution_for_SVM/test/7/44a9f5a2-940e-4fb1-84f1-5cc68c7efc34.JPG,corn gray leaf spot,corn gray leaf spot,0.11403656005859375
datasets/plantvillage/data_distribution_for_SVM/test/8/4fae4bca-bab8-4828-bbab-50abddfd95c6.JPG,corn rust,corn gray leaf spot,0.13320815563201904
datasets/plantvillage/data_distribution_for_SVM/test/26/22fa7b9f-8c30-4484-a1bd-e0ae719d125f.JPG,strawberry leaf scorch,tomato late blight,0.07340551167726517
datasets/plantvillage/data_distribution_for_SVM/test/26/5bf41d62-ef5b-4024-b2fd-2c39f4309c8e.JPG,strawberry leaf scorch,strawberry leaf scorch,0.09170527011156082
datasets/plantvillage/data_distribution_for_SVM/test/8/fe3368d3-b6ba-4c49-9fa2-47eab2fcbe98.JPG,corn rust,corn gray leaf spot,0.0895836278796196
datasets/plantvillage/data_distribution_for_SVM/test/28/fe909263-a9dc-4aa8-a13c-1298f57c9748.JPG,tomato bacterial leaf spot,corn gray leaf spot,0.07376506179571152
datasets/plantvillage/data_distribution_for_SVM/test/26/26015f6e-d180-4f18-a6ea-8d503faa28b3.JPG,strawberry leaf scorch,strawberry leaf scorch,0.14719118177890778
datasets/plantvillage/data_distribution_for_SVM/test/20/d296c96d-8e9c-47a8-a448-cac50c66a59c.JPG,potato early blight,strawberry leaf scorch,0.07476393133401871
datasets/plantvillage/data_distribution_for_SVM/test/30/cc29db65-7089-4045-807c-d0322b9021ea.JPG,tomato late blight,tomato late blight,0.07300416380167007
datasets/plantvillage/data_distribution_for_SVM/test/8/858f5c77-8fd9-4630-927a-c6096f0bd02c.JPG,corn rust,corn gray leaf spot,0.11612529307603836
datasets/plantvillage/data_distribution_for_SVM/test/28/7f0459fd-3174-4508-b3ec-8fc5ff008131.JPG,tomato bacterial leaf spot,apple black rot,0.0730360746383667
datasets/plantvillage/data_distribution_for_SVM/test/11/e50b5c74-baf6-42e7-bf34-b6caa901ced9.JPG,grape black rot,grape black rot,0.07535742223262787
datasets/plantvillage/data_distribution_for_SVM/test/20/c5250d15-3c2b-4b7f-bbe0-0f651e300b9a.JPG,potato early blight,potato early blight,0.07632995396852493
datasets/plantvillage/data_distribution_for_SVM/test/7/ace59c54-e8a0-4cf6-a9e6-a30948e1c068.JPG,corn gray leaf spot,corn gray leaf spot,0.11302562057971954
datasets/plantvillage/data_distribution_for_SVM/test/30/c6fa4e19-4c7e-45a4-9e73-d4423c119b79.JPG,tomato late blight,potato late blight,0.08384138345718384
datasets/plantvillage/data_distribution_for_SVM/test/7/2149aa61-1f39-4144-87b1-b625d6edb461.JPG,corn gray leaf spot,corn gray leaf spot,0.16326063871383667
datasets/plantvillage/data_distribution_for_SVM/test/30/c9e13480-0101-4529-80f6-3844aad5c381.JPG,tomato late blight,potato late blight,0.0737697035074234
datasets/plantvillage/data_distribution_for_SVM/test/11/1ebd581c-c599-49b5-979c-3d906ed808ef.JPG,grape black rot,grape black rot,0.07879790663719177
datasets/plantvillage/data_distribution_for_SVM/test/30/985a7910-7bc3-4f7a-a591-eb38c85bf53e.JPG,tomato late blight,potato late blight,0.07353414595127106
datasets/plantvillage/data_distribution_for_SVM/test/29/9d3df2a2-216f-407b-b1b4-7feea3660da6.JPG,tomato early blight,apple black rot,0.07312609255313873
datasets/plantvillage/data_distribution_for_SVM/test/21/0acd8638-fab7-4070-acca-ed2ab6fad093.JPG,potato late blight,potato late blight,0.08101674914360046
datasets/plantvillage/data_distribution_for_SVM/test/8/e174e7fb-b11b-4974-b1eb-43c19227c2ce.JPG,corn rust,corn rust,0.08975283801555634
datasets/plantvillage/data_distribution_for_SVM/test/0/b6a22159-6954-4b59-9719-28c7e0998f09.JPG,apple scab,tomato late blight,0.08519244194030762
datasets/plantvillage/data_distribution_for_SVM/test/8/916980b8-b58a-4c8b-a38f-72222c04a8ce.JPG,corn rust,corn gray leaf spot,0.10474595427513123
datasets/plantvillage/data_distribution_for_SVM/test/21/564e0953-0b43-459f-99d6-407661fbd479.JPG,potato late blight,potato late blight,0.08020783960819244
datasets/plantvillage/data_distribution_for_SVM/test/25/624e081b-ba8b-4f73-9227-b3b63ed713af.JPG,squash powdery mildew,squash powdery mildew,0.08681625872850418
datasets/plantvillage/data_distribution_for_SVM/test/25/157164ce-f5eb-4de5-b95c-d06405902cea.JPG,squash powdery mildew,squash powdery mildew,0.07233721017837524
datasets/plantvillage/data_distribution_for_SVM/test/9/0347750b-a9e5-4662-956e-7f13241ed93a.JPG,corn northern leaf blight,corn gray leaf spot,0.13215193152427673
datasets/plantvillage/data_distribution_for_SVM/test/21/8d72f45d-d081-4637-b96c-8c06b52d85b8.JPG,potato late blight,potato early blight,0.08019640296697617
datasets/plantvillage/data_distribution_for_SVM/test/30/9c3ba921-f491-4835-ae32-7e6c0ade6c66.JPG,tomato late blight,potato late blight,0.07682129740715027
datasets/plantvillage/data_distribution_for_SVM/test/30/515e37ae-7f5a-4bc8-b521-9bb8ddbba037.JPG,tomato late blight,tomato late blight,0.07353222370147705
datasets/plantvillage/data_distribution_for_SVM/test/25/cc62fd94-f049-4052-8990-f60e52605cb4.JPG,squash powdery mildew,squash powdery mildew,0.07386432588100433
datasets/plantvillage/data_distribution_for_SVM/test/9/3a5247d7-db9f-456d-ba89-2f2bddc6c583.JPG,corn northern leaf blight,corn gray leaf spot,0.08994882553815842
datasets/plantvillage/data_distribution_for_SVM/test/25/feaf9bbf-bb76-4439-ae14-a5d33f2513cb.JPG,squash powdery mildew,squash powdery mildew,0.07378502935171127
datasets/plantvillage/data_distribution_for_SVM/test/7/0f79ac6f-1fd7-4b4a-80cf-540f57adff40.JPG,corn gray leaf spot,corn rust,0.09911300241947174
datasets/plantvillage/data_distribution_for_SVM/test/28/3552527a-6ee9-4b04-a758-9776a4bc565a.JPG,tomato bacterial leaf spot,apple black rot,0.07401363551616669
datasets/plantvillage/data_distribution_for_SVM/test/7/ddc71488-da26-4117-939a-359458e63ac0.JPG,corn gray leaf spot,corn gray leaf spot,0.16684260964393616
datasets/plantvillage/data_distribution_for_SVM/test/30/4f8428fc-ee94-4d70-8d54-47eb1bb6b177.JPG,tomato late blight,potato late blight,0.07600247859954834
datasets/plantvillage/data_distribution_for_SVM/test/11/c07473c1-1336-4344-9dcc-65bd953a1e9c.JPG,grape black rot,grape black rot,0.07941979914903641
datasets/plantvillage/data_distribution_for_SVM/test/28/7c65a4e0-02cb-4adb-b56d-3940d847d6e2.JPG,tomato bacterial leaf spot,potato early blight,0.0786060020327568
datasets/plantvillage/data_distribution_for_SVM/test/0/5dfbc637-8e8a-4051-9751-203882fdde7b.JPG,apple scab,apple rust,0.08761902898550034
datasets/plantvillage/data_distribution_for_SVM/test/28/cfc6f2da-f435-489c-ac33-405a87930069.JPG,tomato bacterial leaf spot,potato early blight,0.07349125295877457
datasets/plantvillage/data_distribution_for_SVM/test/20/e640ff62-c417-4585-9da9-bc89808414ff.JPG,potato early blight,apple scab,0.07552850991487503
datasets/plantvillage/data_distribution_for_SVM/test/25/641c2fa4-dc1c-4c44-a77e-007686c9e3fe.JPG,squash powdery mildew,apple black rot,0.07723128795623779
datasets/plantvillage/data_distribution_for_SVM/test/0/51bd48a0-08fe-4f14-ac56-e4aad3b879ca.JPG,apple scab,apple black rot,0.07660649716854095
datasets/plantvillage/data_distribution_for_SVM/test/21/9efbab68-0069-4c3d-9816-97daf4250d5e.JPG,potato late blight,apple black rot,0.07380250096321106
datasets/plantvillage/data_distribution_for_SVM/test/26/69000dca-3cd3-4aac-9827-e0c89b5cc227.JPG,strawberry leaf scorch,strawberry leaf scorch,0.09507594257593155
datasets/plantvillage/data_distribution_for_SVM/test/11/2229064a-9b62-461c-9164-a3fcbab9503f.JPG,grape black rot,grape black rot,0.07657374441623688
datasets/plantvillage/data_distribution_for_SVM/test/20/1829da6e-9841-4f7e-87fc-5c95ed93860f.JPG,potato early blight,strawberry leaf scorch,0.07761877030134201
datasets/plantvillage/data_distribution_for_SVM/test/26/42c5b6fb-d0ad-4c88-b870-af714e1ed277.JPG,strawberry leaf scorch,strawberry leaf scorch,0.08219239115715027
datasets/plantvillage/data_distribution_for_SVM/test/20/5d45b32e-12e4-4f0b-a10d-022a50d69d9b.JPG,potato early blight,potato late blight,0.07293300330638885
datasets/plantvillage/data_distribution_for_SVM/test/21/a7ac7051-3ec1-4b83-a364-6ee52f881d1e.JPG,potato late blight,potato late blight,0.08908107131719589
datasets/plantvillage/data_distribution_for_SVM/test/30/fc314454-52ed-4b92-b80d-57e982944947.JPG,tomato late blight,tomato late blight,0.08082744479179382
datasets/plantvillage/data_distribution_for_SVM/test/7/3ccdebaa-fcde-418c-ba24-8db2da61d5c5.JPG,corn gray leaf spot,corn northern leaf blight,0.08435160666704178
datasets/plantvillage/data_distribution_for_SVM/test/9/371396d9-4cbe-48b8-ab86-ffa3398ac173.JPG,corn northern leaf blight,corn gray leaf spot,0.14296546578407288
datasets/plantvillage/data_distribution_for_SVM/test/28/c3b9d1ed-80ca-4422-aa4e-1fbde96dd3d6.JPG,tomato bacterial leaf spot,strawberry leaf scorch,0.07333263754844666
datasets/plantvillage/data_distribution_for_SVM/test/26/10bddcd2-f744-447e-91cc-ad471c385903.JPG,strawberry leaf scorch,strawberry leaf scorch,0.0938832014799118
datasets/plantvillage/data_distribution_for_SVM/test/30/be57c15e-819f-4f23-83e2-60b4d6014f8d.JPG,tomato late blight,potato late blight,0.07702084630727768
datasets/plantvillage/data_distribution_for_SVM/test/29/ae110b2e-7e3d-4d2a-bced-1a44a7f225eb.JPG,tomato early blight,apple black rot,0.07235104590654373
datasets/plantvillage/data_distribution_for_SVM/test/8/428db5ef-902f-4e2c-891f-8e5bd7121dce.JPG,corn rust,corn gray leaf spot,0.07639306038618088
datasets/plantvillage/data_distribution_for_SVM/test/29/14688a76-d979-453c-8e67-3bb098e664e2.JPG,tomato early blight,potato early blight,0.07198679447174072
datasets/plantvillage/data_distribution_for_SVM/test/0/9ea83792-7cba-49b2-9914-6cff13f34d5a.JPG,apple scab,apple black rot,0.08085870742797852
datasets/plantvillage/data_distribution_for_SVM/test/9/4314e129-cd62-4a28-aa43-4e1350991fdc.JPG,corn northern leaf blight,corn gray leaf spot,0.17042960226535797
datasets/plantvillage/data_distribution_for_SVM/test/30/7f040ca6-6ca1-4343-a000-883bf57a875a.JPG,tomato late blight,potato early blight,0.07245048880577087
datasets/plantvillage/data_distribution_for_SVM/test/9/2c01a72d-ad9e-498d-bce7-dbd3b6036c94.JPG,corn northern leaf blight,corn gray leaf spot,0.07952377945184708
datasets/plantvillage/data_distribution_for_SVM/test/30/9363e7ea-48fe-479a-aba9-24516a66c8c5.JPG,tomato late blight,apple black rot,0.07257566601037979
datasets/plantvillage/data_distribution_for_SVM/test/29/95ca7ffa-2528-494f-b988-fcafc4fad0af.JPG,tomato early blight,potato early blight,0.0738200768828392
datasets/plantvillage/data_distribution_for_SVM/test/28/5e42afb8-d7e6-4b35-94eb-daf186079f85.JPG,tomato bacterial leaf spot,corn gray leaf spot,0.07408688962459564
datasets/plantvillage/data_distribution_for_SVM/test/20/48b9e10c-8255-4e14-836c-2c991f1fc234.JPG,potato early blight,strawberry leaf scorch,0.07750417292118073
datasets/plantvillage/data_distribution_for_SVM/test/30/11cb5be7-1275-4f28-b580-9719eb4cada1.JPG,tomato late blight,potato late blight,0.0809231773018837
datasets/plantvillage/data_distribution_for_SVM/test/1/30cc1ad3-7c1c-48ad-82a3-8ec752537f5a.JPG,apple black rot,apple black rot,0.09861626476049423
datasets/plantvillage/data_distribution_for_SVM/test/29/80618862-5366-4b9c-80ec-5fcd0fa57911.JPG,tomato early blight,tomato late blight,0.07691336423158646
datasets/plantvillage/data_distribution_for_SVM/test/26/e2443f6b-3995-4ee3-917b-fddceaf1cc16.JPG,strawberry leaf scorch,strawberry leaf scorch,0.13072170317173004
datasets/plantvillage/data_distribution_for_SVM/test/9/0e859cf4-9b58-4df9-b2dc-fa38e4031333.JPG,corn northern leaf blight,corn gray leaf spot,0.12074409425258636
datasets/plantvillage/data_distribution_for_SVM/test/28/1a11e4a0-bcac-4236-bad1-9302e395a34e.JPG,tomato bacterial leaf spot,strawberry leaf scorch,0.0736449807882309
datasets/plantvillage/data_distribution_for_SVM/test/26/8304b990-9477-4679-b9c3-4b4acb2d0182.JPG,strawberry leaf scorch,strawberry leaf scorch,0.16059504449367523
datasets/plantvillage/data_distribution_for_SVM/test/20/13a94bfe-02dd-4b93-af05-a8cfbe47a17b.JPG,potato early blight,potato early blight,0.08860696852207184
datasets/plantvillage/data_distribution_for_SVM/test/9/6b606d4d-ecaa-4f97-8c1e-028b8f4f4608.JPG,corn northern leaf blight,corn gray leaf spot,0.15268653631210327
datasets/plantvillage/data_distribution_for_SVM/test/26/7a898561-ded1-46f2-85bd-1ec9e28d4cfe.JPG,strawberry leaf scorch,strawberry leaf scorch,0.08855713903903961
datasets/plantvillage/data_distribution_for_SVM/test/25/52f5ff7c-9986-4080-9f61-3212c7f7b65b.JPG,squash powdery mildew,squash powdery mildew,0.08691570162773132
datasets/plantvillage/data_distribution_for_SVM/test/28/97acfadd-5b5e-442f-a0e0-a1a3a8c89ad3.JPG,tomato bacterial leaf spot,strawberry leaf scorch,0.07662148028612137
datasets/plantvillage/data_distribution_for_SVM/test/26/b0dc9c81-ce43-455e-88a6-159e835a7431.JPG,strawberry leaf scorch,strawberry leaf scorch,0.10293679684400558
datasets/plantvillage/data_distribution_for_SVM/test/20/8c756121-0a98-4c06-b522-ebe36c4a479b.JPG,potato early blight,strawberry leaf scorch,0.07339198142290115
datasets/plantvillage/data_distribution_for_SVM/test/9/21923ee7-e7b4-440b-ae26-8d7c7223875b.JPG,corn northern leaf blight,corn rust,0.09874451160430908
datasets/plantvillage/data_distribution_for_SVM/test/1/863e610e-b40f-40b7-bac7-4a23f06fe244.JPG,apple black rot,apple black rot,0.09160424023866653
datasets/plantvillage/data_distribution_for_SVM/test/26/d6fc777c-c6bc-4996-a4a5-141175617093.JPG,strawberry leaf scorch,strawberry leaf scorch,0.0972566157579422
datasets/plantvillage/data_distribution_for_SVM/test/28/2fb649b4-b238-41ea-9f0e-0f6b10abf6e5.JPG,tomato bacterial leaf spot,strawberry leaf scorch,0.07299152761697769
datasets/plantvillage/data_distribution_for_SVM/test/28/f665864b-48a1-4144-875a-a3c731773c04.JPG,tomato bacterial leaf spot,strawberry leaf scorch,0.07304654270410538
datasets/plantvillage/data_distribution_for_SVM/test/21/4b947257-0612-4154-8cc0-68b5fd7e88ce.JPG,potato late blight,apple rust,0.07465080916881561
datasets/plantvillage/data_distribution_for_SVM/test/20/1a235357-5dc6-4aba-85aa-18ff2afae586.JPG,potato early blight,potato early blight,0.07335947453975677
datasets/plantvillage/data_distribution_for_SVM/test/28/d79b17ea-081c-43c1-afd8-1fc668f35472.JPG,tomato bacterial leaf spot,strawberry leaf scorch,0.07588618993759155
datasets/plantvillage/data_distribution_for_SVM/test/30/76fddb42-5111-4d7b-9747-b031188b39b3.JPG,tomato late blight,tomato late blight,0.1077498346567154
datasets/plantvillage/data_distribution_for_SVM/test/30/fa4fdae7-900b-4133-864b-90850d6da590.JPG,tomato late blight,potato late blight,0.10044850409030914
datasets/plantvillage/data_distribution_for_SVM/test/9/c747659d-5c2e-49f6-8af2-a8e0e79c550a.JPG,corn northern leaf blight,corn gray leaf spot,0.12443321943283081
datasets/plantvillage/data_distribution_for_SVM/test/9/bc9e92d4-c8bd-4863-8cfb-59f8ae28a8a6.JPG,corn northern leaf blight,corn gray leaf spot,0.17128954827785492
datasets/plantvillage/data_distribution_for_SVM/test/20/9c7197f5-3515-4c41-a1d1-3e6cd3825254.JPG,potato early blight,potato early blight,0.07352101802825928
datasets/plantvillage/data_distribution_for_SVM/test/28/fd1ae804-16cc-4837-ba06-df2bf85db60f.JPG,tomato bacterial leaf spot,potato early blight,0.07254303991794586
datasets/plantvillage/data_distribution_for_SVM/test/20/b60328bf-99d7-440e-962b-588573a4d581.JPG,potato early blight,potato early blight,0.07667424529790878
datasets/plantvillage/data_distribution_for_SVM/test/26/11585446-2303-4f62-a639-27a52d93c5a0.JPG,strawberry leaf scorch,strawberry leaf scorch,0.09006986767053604
datasets/plantvillage/data_distribution_for_SVM/test/28/0c16e9bd-d393-440f-9e08-9daeaf16cc89.JPG,tomato bacterial leaf spot,corn gray leaf spot,0.07820723205804825
datasets/plantvillage/data_distribution_for_SVM/test/11/e010ec3d-3076-45af-9074-bffa48ee4a25.JPG,grape black rot,apple black rot,0.07214624434709549
datasets/plantvillage/data_distribution_for_SVM/test/28/c3bd6a32-fbbf-4c68-a620-23730b8b3a7c.JPG,tomato bacterial leaf spot,corn gray leaf spot,0.07428262382745743
datasets/plantvillage/data_distribution_for_SVM/test/25/e6a63841-5c8b-4102-8b65-a911c9aae9a6.JPG,squash powdery mildew,squash powdery mildew,0.08422122895717621
datasets/plantvillage/data_distribution_for_SVM/test/25/2f34301d-076d-4dfc-93f3-0f3d3f0d1ac3.JPG,squash powdery mildew,apple black rot,0.07479209452867508
datasets/plantvillage/data_distribution_for_SVM/test/30/b61ce7c8-b750-4286-a37e-f58ee70d3077.JPG,tomato late blight,tomato early blight,0.07306075096130371
datasets/plantvillage/data_distribution_for_SVM/test/0/33d69202-cb9e-46fd-b69b-f709b2953029.JPG,apple scab,apple black rot,0.08180128037929535
datasets/plantvillage/data_distribution_for_SVM/test/7/54277b9d-f5c1-40f9-990f-d2356a580f62.JPG,corn gray leaf spot,corn gray leaf spot,0.1704309731721878
datasets/plantvillage/data_distribution_for_SVM/test/25/954d26a2-6e56-4aa6-8f01-adbf8b37aedf.JPG,squash powdery mildew,squash powdery mildew,0.07640047371387482
datasets/plantvillage/data_distribution_for_SVM/test/30/a5971e84-85f1-4078-870e-7a0e5595431f.JPG,tomato late blight,apple black rot,0.075330950319767
datasets/plantvillage/data_distribution_for_SVM/test/25/b44d602a-3649-401e-a378-7b165e80d4ba.JPG,squash powdery mildew,squash powdery mildew,0.10736687481403351
datasets/plantvillage/data_distribution_for_SVM/test/30/d7a44f83-2119-48a0-8020-dbff3c6d6e88.JPG,tomato late blight,tomato late blight,0.07481500506401062
datasets/plantvillage/data_distribution_for_SVM/test/20/dd7c93fa-48d1-43a0-b224-3b22d2014eff.JPG,potato early blight,potato early blight,0.08310209214687347
datasets/plantvillage/data_distribution_for_SVM/test/25/5733956f-60c1-4d05-ad71-6402df493b0c.JPG,squash powdery mildew,squash powdery mildew,0.0789581760764122
datasets/plantvillage/data_distribution_for_SVM/test/8/2caa2bfa-1204-4266-b3c0-c304fc4b0ef7.JPG,corn rust,corn gray leaf spot,0.14178085327148438
datasets/plantvillage/data_distribution_for_SVM/test/8/53f0818e-a419-4f76-a4ef-fd0b69057eb2.JPG,corn rust,corn gray leaf spot,0.1069631576538086
datasets/plantvillage/data_distribution_for_SVM/test/26/f9721e80-8bfa-4a9f-97a2-8fcc94640b50.JPG,strawberry leaf scorch,strawberry leaf scorch,0.08335623890161514
datasets/plantvillage/data_distribution_for_SVM/test/21/24f91276-3818-4880-8bf3-e9419d41f5d7.JPG,potato late blight,potato early blight,0.07418114691972733
datasets/plantvillage/data_distribution_for_SVM/test/25/2859d55c-d1bd-48a4-b381-afcac48ed5b0.JPG,squash powdery mildew,squash powdery mildew,0.08249003440141678
datasets/plantvillage/data_distribution_for_SVM/test/30/bda7bb6e-40a6-4d4b-badb-af454b62c414.JPG,tomato late blight,potato late blight,0.07397540658712387
datasets/plantvillage/data_distribution_for_SVM/test/20/4c0dd596-0afd-4464-898a-55a871660183.JPG,potato early blight,potato early blight,0.07424015551805496
datasets/plantvillage/data_distribution_for_SVM/test/30/d6ca11d9-bec5-4604-bc3d-662eeadd4926.JPG,tomato late blight,potato late blight,0.07353414595127106
datasets/plantvillage/data_distribution_for_SVM/test/25/b395b9ee-f613-4e7f-9ca7-ccc05924efc9.JPG,squash powdery mildew,squash powdery mildew,0.08419714123010635
datasets/plantvillage/data_distribution_for_SVM/test/28/dacfe513-4b7f-41d1-917c-7e6bb92b403a.JPG,tomato bacterial leaf spot,strawberry leaf scorch,0.10610643774271011
datasets/plantvillage/data_distribution_for_SVM/test/28/2d76d959-e77c-430e-b177-5165d464abfc.JPG,tomato bacterial leaf spot,apple black rot,0.0735986977815628
datasets/plantvillage/data_distribution_for_SVM/test/28/1aa0b88e-2a66-4277-892b-ef88c74c6aa2.JPG,tomato bacterial leaf spot,apple black rot,0.07505001872777939
datasets/plantvillage/data_distribution_for_SVM/test/7/98b82cc6-dbd3-439c-b7b3-cbee6c56cc9b.JPG,corn gray leaf spot,corn gray leaf spot,0.16194112598896027
datasets/plantvillage/data_distribution_for_SVM/test/28/f45625ac-39b6-4220-baee-45c7299ebe62.JPG,tomato bacterial leaf spot,potato late blight,0.07232950627803802
datasets/plantvillage/data_distribution_for_SVM/test/30/9f954adb-ed5f-4eaf-820d-a05685c38579.JPG,tomato late blight,tomato bacterial leaf spot,0.07392994314432144
datasets/plantvillage/data_distribution_for_SVM/test/30/2f17d846-197b-4352-ac4b-5a9ceb8ac9fb.JPG,tomato late blight,potato late blight,0.07292670011520386
datasets/plantvillage/data_distribution_for_SVM/test/30/61d6f85d-7ee5-4e47-b365-f77ddaa65c4b.JPG,tomato late blight,corn gray leaf spot,0.0727744922041893
datasets/plantvillage/data_distribution_for_SVM/test/1/038dec47-6ec1-43e8-91d1-8b3d47c6f1e4.JPG,apple black rot,apple black rot,0.09444691985845566
datasets/plantvillage/data_distribution_for_SVM/test/25/d73b2e9d-9727-466b-8679-6369b29ed667.JPG,squash powdery mildew,grape black rot,0.07408714294433594
datasets/plantvillage/data_distribution_for_SVM/test/30/d4479d91-e20e-487c-8520-cc406ad9e195.JPG,tomato late blight,potato late blight,0.09341432899236679
datasets/plantvillage/data_distribution_for_SVM/test/21/f002f339-cf69-4056-be5f-c3b2f59eb6f5.JPG,potato late blight,potato early blight,0.07618734240531921
datasets/plantvillage/data_distribution_for_SVM/test/29/dd02324d-fc79-4e36-9ef0-15938090e99d.JPG,tomato early blight,potato early blight,0.07711929082870483
datasets/plantvillage/data_distribution_for_SVM/test/20/cf3c99f9-bfb8-4a64-8fab-88f0a45e05ef.JPG,potato early blight,potato early blight,0.07480398565530777
datasets/plantvillage/data_distribution_for_SVM/test/25/8b9c0e17-0b7f-49d2-bd59-7b5107efeb4a.JPG,squash powdery mildew,squash powdery mildew,0.08446606993675232
datasets/plantvillage/data_distribution_for_SVM/test/28/39e1fc3c-ab9e-4e6c-bfde-ef6718f442c2.JPG,tomato bacterial leaf spot,strawberry leaf scorch,0.07267366349697113
datasets/plantvillage/data_distribution_for_SVM/test/0/d04e95a2-fb09-4357-9935-796423d1f974.JPG,apple scab,apple black rot,0.07375675439834595
datasets/plantvillage/data_distribution_for_SVM/test/11/2c0f5112-b23f-4e79-8cd7-b8219f47d212.JPG,grape black rot,grape black rot,0.07850262522697449
datasets/plantvillage/data_distribution_for_SVM/test/11/c21d587f-f2e6-45b5-822c-fb6baf115cf5.JPG,grape black rot,grape black rot,0.07402589917182922
datasets/plantvillage/data_distribution_for_SVM/test/26/f65cfeeb-fa02-4eab-9d3b-803a38b2abbd.JPG,strawberry leaf scorch,strawberry leaf scorch,0.07893168181180954
datasets/plantvillage/data_distribution_for_SVM/test/29/2f59d5da-109e-4762-84da-f5a3c89bf70c.JPG,tomato early blight,strawberry leaf scorch,0.07191090285778046
datasets/plantvillage/data_distribution_for_SVM/test/28/2089c5b0-8cea-4e0a-839c-c9e5bb3c27d6.JPG,tomato bacterial leaf spot,potato late blight,0.07263343781232834
datasets/plantvillage/data_distribution_for_SVM/test/26/9d511b79-0770-48c6-ab7c-92eef417728d.JPG,strawberry leaf scorch,strawberry leaf scorch,0.10548043251037598
datasets/plantvillage/data_distribution_for_SVM/test/11/dd1d441d-dd1e-4719-b5f6-b3588150c157.JPG,grape black rot,grape black rot,0.07910893857479095
datasets/plantvillage/data_distribution_for_SVM/test/29/fb49c527-fa8b-48f5-be55-8cfebb3153e9.JPG,tomato early blight,potato early blight,0.0723535493016243
datasets/plantvillage/data_distribution_for_SVM/test/11/cea86aed-dfa3-4871-ac94-e55ccaae6d9b.JPG,grape black rot,grape black rot,0.07586679607629776
datasets/plantvillage/data_distribution_for_SVM/test/25/4c3af62b-bc85-4a39-8e5d-f3c580fa8ba8.JPG,squash powdery mildew,squash powdery mildew,0.07696206122636795
datasets/plantvillage/data_distribution_for_SVM/test/28/29ad6916-f3f5-405d-9184-539e176e86bd.JPG,tomato bacterial leaf spot,apple rust,0.07942156493663788
datasets/plantvillage/data_distribution_for_SVM/test/1/8052d42b-4478-4164-99e3-41d287a18160.JPG,apple black rot,apple black rot,0.10801112651824951
datasets/plantvillage/data_distribution_for_SVM/test/25/85cf129a-ba71-4f7a-95b7-88dbf189ffce.JPG,squash powdery mildew,squash powdery mildew,0.07588822394609451
datasets/plantvillage/data_distribution_for_SVM/test/11/6a47bc10-5b83-452d-b922-c19af4264078.JPG,grape black rot,grape black rot,0.08183944970369339
datasets/plantvillage/data_distribution_for_SVM/test/9/5c3ea865-e0f9-4f20-b8fe-ab13788777af.JPG,corn northern leaf blight,corn gray leaf spot,0.081349678337574
datasets/plantvillage/data_distribution_for_SVM/test/26/382aa0af-6441-4d35-81d5-12f1c10c7996.JPG,strawberry leaf scorch,strawberry leaf scorch,0.07800349593162537
datasets/plantvillage/data_distribution_for_SVM/test/8/a04930ef-d9f5-4bb0-bd95-e7245ac9c9c1.JPG,corn rust,corn gray leaf spot,0.1241534873843193
datasets/plantvillage/data_distribution_for_SVM/test/7/5a21df45-bd34-42ef-9e2b-c8c7af0fedc5.JPG,corn gray leaf spot,corn gray leaf spot,0.13472425937652588
datasets/plantvillage/data_distribution_for_SVM/test/28/c0a88877-b0e2-465a-8693-a7b25cbbd2df.JPG,tomato bacterial leaf spot,potato early blight,0.07293789088726044
datasets/plantvillage/data_distribution_for_SVM/test/20/a8278319-8f88-49c9-a789-358319a3e079.JPG,potato early blight,apple black rot,0.07293971627950668
datasets/plantvillage/data_distribution_for_SVM/test/20/499677cf-bc2f-49e7-b6a4-a0f6370d0341.JPG,potato early blight,potato early blight,0.07737311720848083
datasets/plantvillage/data_distribution_for_SVM/test/26/47ad751e-e4f0-43c2-9853-ec600a1dc71b.JPG,strawberry leaf scorch,apple rust,0.08272458612918854
datasets/plantvillage/data_distribution_for_SVM/test/30/f38036d8-d89d-4b91-ac70-3db7421264f0.JPG,tomato late blight,tomato late blight,0.07476837933063507
datasets/plantvillage/data_distribution_for_SVM/test/21/04d9e0d8-4f7d-4080-8556-480ebfa1fb40.JPG,potato late blight,potato early blight,0.08112227916717529
datasets/plantvillage/data_distribution_for_SVM/test/9/2090819f-9fc2-41b0-83d3-f17d8611dc48.JPG,corn northern leaf blight,corn gray leaf spot,0.12247878313064575
datasets/plantvillage/data_distribution_for_SVM/test/11/08c7b526-fd47-4220-8bf2-3a84ed18c69c.JPG,grape black rot,grape black rot,0.07445893436670303
datasets/plantvillage/data_distribution_for_SVM/test/30/6b3b54ea-edce-40bc-abf4-63b0c5fdd8ad.JPG,tomato late blight,corn gray leaf spot,0.0732603445649147
datasets/plantvillage/data_distribution_for_SVM/test/28/270d4755-270c-49d0-9a20-ad8c4a6c6300.JPG,tomato bacterial leaf spot,apple black rot,0.07745984941720963
datasets/plantvillage/data_distribution_for_SVM/test/7/b06f8600-7c63-45d1-b9dd-b98db9d87fd9.JPG,corn gray leaf spot,corn gray leaf spot,0.16900962591171265
datasets/plantvillage/data_distribution_for_SVM/test/28/ce955fbc-a932-44dd-a04e-30a4d88c8c2c.JPG,tomato bacterial leaf spot,strawberry leaf scorch,0.082532599568367
datasets/plantvillage/data_distribution_for_SVM/test/9/fb0a703f-f9c9-45ab-8aaf-4381f502ab42.JPG,corn northern leaf blight,corn gray leaf spot,0.12138434499502182
datasets/plantvillage/data_distribution_for_SVM/test/28/b8ab03e5-8f6f-426d-a2db-6221774e1c1d.JPG,tomato bacterial leaf spot,strawberry leaf scorch,0.07397938519716263
datasets/plantvillage/data_distribution_for_SVM/test/26/0688ae48-f0ee-4162-a55e-b0c795934349.JPG,strawberry leaf scorch,strawberry leaf scorch,0.09479677677154541
datasets/plantvillage/data_distribution_for_SVM/test/28/53dc60d6-ec06-4abb-95e5-e7d5c44b0417.JPG,tomato bacterial leaf spot,strawberry leaf scorch,0.07924899458885193
datasets/plantvillage/data_distribution_for_SVM/test/2/c1a03515-577c-4ff4-8004-22344f5c3bf4.JPG,apple rust,apple black rot,0.07934021204710007
datasets/plantvillage/data_distribution_for_SVM/test/30/0017c559-18b1-4b9b-bc00-bac64dabb378.JPG,tomato late blight,corn gray leaf spot,0.07546332478523254
datasets/plantvillage/data_distribution_for_SVM/test/11/252eb09a-b9e4-4ecf-992a-6876de176cc7.JPG,grape black rot,strawberry leaf scorch,0.07618244737386703
datasets/plantvillage/data_distribution_for_SVM/test/25/dd82acf4-5c76-40bd-bd68-eb86e8827664.JPG,squash powdery mildew,squash powdery mildew,0.07540140300989151
datasets/plantvillage/data_distribution_for_SVM/test/29/91dba073-8c73-4017-aaab-22425f7036c4.JPG,tomato early blight,potato late blight,0.07201635837554932
datasets/plantvillage/data_distribution_for_SVM/test/8/1f526703-a426-44e2-ad12-19382b90434d.JPG,corn rust,corn gray leaf spot,0.091746486723423
datasets/plantvillage/data_distribution_for_SVM/test/0/44b4dd9e-8d83-490c-b5d4-c0b035dcbf72.JPG,apple scab,apple black rot,0.07633915543556213
datasets/plantvillage/data_distribution_for_SVM/test/2/c7ac0ada-86d1-4994-bce2-8d1742d7112a.JPG,apple rust,apple black rot,0.07700268924236298
datasets/plantvillage/data_distribution_for_SVM/test/26/1a684427-0ce9-4b28-8d5f-eee22695f635.JPG,strawberry leaf scorch,strawberry leaf scorch,0.10611137002706528
datasets/plantvillage/data_distribution_for_SVM/test/25/d79edcfd-2e33-4fff-adc9-e79708a5bdfa.JPG,squash powdery mildew,squash powdery mildew,0.08029763400554657
datasets/plantvillage/data_distribution_for_SVM/test/29/84c99142-3051-4c47-a05f-afcda14ea6b3.JPG,tomato early blight,apple rust,0.07335221767425537
datasets/plantvillage/data_distribution_for_SVM/test/8/10899f74-ad6d-41a2-8c47-3bd1b7e6f347.JPG,corn rust,corn rust,0.09195351600646973
datasets/plantvillage/data_distribution_for_SVM/test/25/340b7816-4c5d-4138-bf0d-b58d3b17ae39.JPG,squash powdery mildew,squash powdery mildew,0.07511182129383087
datasets/plantvillage/data_distribution_for_SVM/test/30/e4f4272b-d291-4073-94c2-d2726e44291d.JPG,tomato late blight,tomato late blight,0.07314752042293549
datasets/plantvillage/data_distribution_for_SVM/test/28/7f81ae92-4d66-48e3-aa75-7f4733d6421c.JPG,tomato bacterial leaf spot,apple rust,0.07561839371919632
datasets/plantvillage/data_distribution_for_SVM/test/25/fdedae8d-41ab-4704-aeab-e258beee0fe7.JPG,squash powdery mildew,squash powdery mildew,0.08684959262609482
datasets/plantvillage/data_distribution_for_SVM/test/8/8931ccb6-e738-4a35-9273-ecd34ad803a3.JPG,corn rust,corn gray leaf spot,0.09353112429380417
datasets/plantvillage/data_distribution_for_SVM/test/1/2ce82838-8a6e-41db-9ca0-5ceb13a23d64.JPG,apple black rot,apple black rot,0.10384871810674667
datasets/plantvillage/data_distribution_for_SVM/test/7/4b378a26-e7c9-445d-9f4a-dacc0d0aa5f3.JPG,corn gray leaf spot,corn gray leaf spot,0.14628107845783234
datasets/plantvillage/data_distribution_for_SVM/test/25/a2a2e0c0-ea3a-44dd-a5bd-b249697399c7.JPG,squash powdery mildew,squash powdery mildew,0.10759219527244568
datasets/plantvillage/data_distribution_for_SVM/test/29/89373eb4-19ff-4d77-9ba0-9340f6cc41a8.JPG,tomato early blight,potato late blight,0.08807509392499924
datasets/plantvillage/data_distribution_for_SVM/test/9/cb3d3bee-24c8-44fc-9cee-7e67bee791f4.JPG,corn northern leaf blight,corn gray leaf spot,0.10563120245933533
datasets/plantvillage/data_distribution_for_SVM/test/28/a8eec0d2-88d7-4f9f-9189-0c0b309edeb1.JPG,tomato bacterial leaf spot,strawberry leaf scorch,0.07312578707933426
datasets/plantvillage/data_distribution_for_SVM/test/0/bbeb439a-9231-4401-946b-5f31fbd2c49b.JPG,apple scab,apple black rot,0.07429996132850647
datasets/plantvillage/data_distribution_for_SVM/test/9/050923f2-7730-41c6-a22c-b0509a645211.JPG,corn northern leaf blight,corn northern leaf blight,0.07590688019990921
datasets/plantvillage/data_distribution_for_SVM/test/30/b0635a59-7965-4e15-a357-1ec8afdb8948.JPG,tomato late blight,tomato late blight,0.07707274705171585
datasets/plantvillage/data_distribution_for_SVM/test/25/8c56e90b-dc9a-4e33-93ae-d11d3216c5dd.JPG,squash powdery mildew,squash powdery mildew,0.07732386887073517
datasets/plantvillage/data_distribution_for_SVM/test/9/0d32621c-5369-48f5-9b94-9705b29c5159.JPG,corn northern leaf blight,corn rust,0.13291586935520172
datasets/plantvillage/data_distribution_for_SVM/test/26/59180751-169d-42cf-8f1c-c480f0286eae.JPG,strawberry leaf scorch,strawberry leaf scorch,0.10370056331157684
datasets/plantvillage/data_distribution_for_SVM/test/25/d00d7d49-e9a6-476b-b75d-0bc503dc7b24.JPG,squash powdery mildew,squash powdery mildew,0.07593867927789688
datasets/plantvillage/data_distribution_for_SVM/test/25/a2ac7815-4387-4728-bfe8-7e45a7db486c.JPG,squash powdery mildew,squash powdery mildew,0.08900690078735352
datasets/plantvillage/data_distribution_for_SVM/test/30/7c71ba9a-0835-45c0-b482-768abc0e9c76.JPG,tomato late blight,tomato late blight,0.07408331334590912
datasets/plantvillage/data_distribution_for_SVM/test/30/3793e447-ceb3-43f1-a498-e07845385897.JPG,tomato late blight,tomato late blight,0.07488293945789337
datasets/plantvillage/data_distribution_for_SVM/test/0/bcd2cf8a-e867-402d-bf58-a6f170d65a2e.JPG,apple scab,apple black rot,0.094987653195858
datasets/plantvillage/data_distribution_for_SVM/test/2/4a231ab9-566b-4bc4-b239-de7e1910facc.JPG,apple rust,apple black rot,0.07500848174095154
datasets/plantvillage/data_distribution_for_SVM/test/25/13a34d9b-bb60-49be-8f31-2108da36a4d8.JPG,squash powdery mildew,squash powdery mildew,0.07846292853355408
datasets/plantvillage/data_distribution_for_SVM/test/26/afaaa754-0a2b-4556-a164-4c1fa6aac98d.JPG,strawberry leaf scorch,strawberry leaf scorch,0.10407091677188873
datasets/plantvillage/data_distribution_for_SVM/test/28/2970196c-a435-43a6-9551-83e38f5887fa.JPG,tomato bacterial leaf spot,strawberry leaf scorch,0.07199393212795258
datasets/plantvillage/data_distribution_for_SVM/test/1/18a319d5-762d-4cc3-a07d-0a2119b24aaf.JPG,apple black rot,apple black rot,0.09465445578098297
datasets/plantvillage/data_distribution_for_SVM/test/21/20da8ad7-647f-458d-9308-ee23bb157fe7.JPG,potato late blight,potato early blight,0.08401426672935486
datasets/plantvillage/data_distribution_for_SVM/test/29/d69768e6-24dd-4c31-96c2-d14f700478ee.JPG,tomato early blight,tomato late blight,0.08639713376760483
datasets/plantvillage/data_distribution_for_SVM/test/30/5acd8b7b-b088-4f4f-9f40-e37510c6474a.JPG,tomato late blight,potato early blight,0.08475171774625778
datasets/plantvillage/data_distribution_for_SVM/test/30/202e808e-6c85-429e-95b9-cb86a76a1a4b.JPG,tomato late blight,tomato late blight,0.07203550636768341
datasets/plantvillage/data_distribution_for_SVM/test/8/22027c25-39a5-432c-9de4-093244112311.JPG,corn rust,corn gray leaf spot,0.09089545160531998
datasets/plantvillage/data_distribution_for_SVM/test/28/cdfcc367-b2bf-4140-b6e3-3e0fa1a67168.JPG,tomato bacterial leaf spot,apple black rot,0.07839138060808182
datasets/plantvillage/data_distribution_for_SVM/test/26/bacdd912-9299-42b9-8976-d9617440a5a6.JPG,strawberry leaf scorch,strawberry leaf scorch,0.10725093632936478
datasets/plantvillage/data_distribution_for_SVM/test/11/566d4c24-a58e-4419-ace9-758613725fca.JPG,grape black rot,grape black rot,0.07851044833660126
datasets/plantvillage/data_distribution_for_SVM/test/20/7261670c-c50f-4435-a201-1d309ded2691.JPG,potato early blight,potato early blight,0.08043717592954636
datasets/plantvillage/data_distribution_for_SVM/test/0/1e2283d0-1718-4a66-a495-52a4cea1f1b3.JPG,apple scab,apple black rot,0.08857259154319763
datasets/plantvillage/data_distribution_for_SVM/test/0/e397f0ca-b663-437e-b981-c1a076e7251f.JPG,apple scab,apple rust,0.07355063408613205
datasets/plantvillage/data_distribution_for_SVM/test/29/27ae4e2d-dbfe-4e36-aa67-252fc3b36c76.JPG,tomato early blight,potato late blight,0.07278019189834595
datasets/plantvillage/data_distribution_for_SVM/test/26/a044f096-fa2f-424e-9aec-f25f08fa8fd4.JPG,strawberry leaf scorch,strawberry leaf scorch,0.0839352086186409
datasets/plantvillage/data_distribution_for_SVM/test/26/6ceb37c5-d589-4b75-ba16-fd5fa8c5c629.JPG,strawberry leaf scorch,strawberry leaf scorch,0.08471972495317459
datasets/plantvillage/data_distribution_for_SVM/test/30/d84a7503-8adf-4fec-a072-b05c342b45c7.JPG,tomato late blight,apple rust,0.07284732908010483
datasets/plantvillage/data_distribution_for_SVM/test/30/36db3791-d82e-4d92-8e6d-ee048e091406.JPG,tomato late blight,potato early blight,0.0722624808549881
datasets/plantvillage/data_distribution_for_SVM/test/30/2705cae2-96d5-4e4c-8635-c827b03a724d.JPG,tomato late blight,potato early blight,0.08160820603370667
datasets/plantvillage/data_distribution_for_SVM/test/20/5d89b4c0-290e-4569-aa8e-39747cc284d0.JPG,potato early blight,potato early blight,0.07487285137176514
datasets/plantvillage/data_distribution_for_SVM/test/20/223296d2-ef8a-47b4-ac68-1b5f3b37ae6c.JPG,potato early blight,potato early blight,0.07406911253929138
datasets/plantvillage/data_distribution_for_SVM/test/8/193a217d-84ba-4ab9-96ea-cabf13313fc9.JPG,corn rust,corn gray leaf spot,0.12499785423278809
datasets/plantvillage/data_distribution_for_SVM/test/28/ad555312-c593-4163-b17b-51699c957ed8.JPG,tomato bacterial leaf spot,potato early blight,0.07254461199045181
datasets/plantvillage/data_distribution_for_SVM/test/26/6505c239-5d02-4b02-a03b-dc6ab5f833ef.JPG,strawberry leaf scorch,strawberry leaf scorch,0.11287099123001099
datasets/plantvillage/data_distribution_for_SVM/test/11/cac66b2b-c47f-41ec-bbd5-35082cddbe40.JPG,grape black rot,grape black rot,0.0792599767446518
datasets/plantvillage/data_distribution_for_SVM/test/11/757ce493-29ca-417a-ae23-4eb450eeebab.JPG,grape black rot,grape black rot,0.0778583511710167
datasets/plantvillage/data_distribution_for_SVM/test/25/3d15fee2-d0b7-4c05-9d1a-86a774837650.JPG,squash powdery mildew,squash powdery mildew,0.08195952326059341
datasets/plantvillage/data_distribution_for_SVM/test/20/85c83386-d4af-4bc0-8c65-fc4856cde169.JPG,potato early blight,potato early blight,0.07766609638929367
datasets/plantvillage/data_distribution_for_SVM/test/26/5c094220-6fa7-488f-bc2d-77c328bce49b.JPG,strawberry leaf scorch,strawberry leaf scorch,0.14730365574359894
datasets/plantvillage/data_distribution_for_SVM/test/29/22902a7a-bd51-42f9-8950-492c08be9098.JPG,tomato early blight,potato early blight,0.08373934030532837
datasets/plantvillage/data_distribution_for_SVM/test/7/97121edd-bdf8-4aca-830b-5904392afe78.JPG,corn gray leaf spot,corn gray leaf spot,0.09542857855558395
datasets/plantvillage/data_distribution_for_SVM/test/26/36b210dc-4b9f-43e8-9320-8d5396fb666c.JPG,strawberry leaf scorch,strawberry leaf scorch,0.09906576573848724
datasets/plantvillage/data_distribution_for_SVM/test/20/dbc9f881-7bdc-4c4d-b15f-87b0ac9cce42.JPG,potato early blight,potato early blight,0.08082082122564316
datasets/plantvillage/data_distribution_for_SVM/test/30/cc9cf432-3c83-45c2-93c4-e6d5859e0c01.JPG,tomato late blight,tomato late blight,0.07286107540130615
datasets/plantvillage/data_distribution_for_SVM/test/25/93d658b4-5072-44b1-855f-18cdf74de943.JPG,squash powdery mildew,squash powdery mildew,0.07469428330659866
datasets/plantvillage/data_distribution_for_SVM/test/20/74d0a8d3-c364-4da4-816c-b5a57478852d.JPG,potato early blight,strawberry leaf scorch,0.07427842915058136
datasets/plantvillage/data_distribution_for_SVM/test/11/800dc545-e959-4f4f-a7d8-d69b24846b38.JPG,grape black rot,grape black rot,0.07839396595954895
datasets/plantvillage/data_distribution_for_SVM/test/9/d70a2ab4-686d-45a0-a164-d720ff127705.JPG,corn northern leaf blight,corn gray leaf spot,0.13347820937633514
datasets/plantvillage/data_distribution_for_SVM/test/26/72b1aa5b-7bca-45ed-be06-83bb33940f32.JPG,strawberry leaf scorch,strawberry leaf scorch,0.1182389110326767
datasets/plantvillage/data_distribution_for_SVM/test/25/d76baa2c-c4bb-4e42-81d5-85f807155d4d.JPG,squash powdery mildew,squash powdery mildew,0.0742051750421524
datasets/plantvillage/data_distribution_for_SVM/test/21/010933ba-8e64-4b67-9ad3-9a1b4b8cc853.JPG,potato late blight,potato early blight,0.07279118150472641
datasets/plantvillage/data_distribution_for_SVM/test/7/5f20d8a3-68ea-402c-a6b4-871fdf1d5432.JPG,corn gray leaf spot,corn gray leaf spot,0.10390958935022354
datasets/plantvillage/data_distribution_for_SVM/test/21/9f4fe578-1cee-4e1f-9978-ca149fb63abd.JPG,potato late blight,potato early blight,0.07298818230628967
datasets/plantvillage/data_distribution_for_SVM/test/28/880d66dd-abb3-46ce-86b2-4dbda138484f.JPG,tomato bacterial leaf spot,strawberry leaf scorch,0.09256091713905334
datasets/plantvillage/data_distribution_for_SVM/test/28/a66ef9d2-e27d-44b4-ad0c-84c3e5909d35.JPG,tomato bacterial leaf spot,strawberry leaf scorch,0.07358280569314957
datasets/plantvillage/data_distribution_for_SVM/test/30/47714cb5-add1-4fc2-b03f-b6c115152975.JPG,tomato late blight,potato early blight,0.07242384552955627
datasets/plantvillage/data_distribution_for_SVM/test/8/48e610c1-2095-43e0-b831-8b2d714a5118.JPG,corn rust,corn gray leaf spot,0.11861467361450195
datasets/plantvillage/data_distribution_for_SVM/test/21/bcd7201a-1b5e-47a1-8ef9-8a68d90fea33.JPG,potato late blight,potato late blight,0.07337438315153122
datasets/plantvillage/data_distribution_for_SVM/test/11/bcd2898d-1006-4224-a8e9-a3b829365531.JPG,grape black rot,grape black rot,0.07381927222013474
datasets/plantvillage/data_distribution_for_SVM/test/28/aed06659-21ef-4a29-9fa0-14757b81dc17.JPG,tomato bacterial leaf spot,apple black rot,0.07512030750513077
datasets/plantvillage/data_distribution_for_SVM/test/21/aaa2cd3e-a253-4f17-b6b7-bf3248e1a3b8.JPG,potato late blight,potato early blight,0.08669368177652359
datasets/plantvillage/data_distribution_for_SVM/test/7/fd9171fd-95c7-45e0-b343-9e2f448204fb.JPG,corn gray leaf spot,corn rust,0.07979842275381088
datasets/plantvillage/data_distribution_for_SVM/test/21/a94fee88-247d-4f8c-8995-35e8cd4099f5.JPG,potato late blight,potato late blight,0.07454671710729599
datasets/plantvillage/data_distribution_for_SVM/test/9/1e6ffad3-ed7a-4827-97a0-d2715791ff4d.JPG,corn northern leaf blight,corn rust,0.11371127516031265
datasets/plantvillage/data_distribution_for_SVM/test/20/1b8c786a-0adf-4fa1-b871-4f1181c2bc8f.JPG,potato early blight,potato early blight,0.07701198756694794
datasets/plantvillage/data_distribution_for_SVM/test/28/76a59ea0-a613-44f3-bf67-4bce563eae51.JPG,tomato bacterial leaf spot,strawberry leaf scorch,0.07315106689929962
datasets/plantvillage/data_distribution_for_SVM/test/28/b1c2d12a-10c5-406d-b2c7-d90c08699b51.JPG,tomato bacterial leaf spot,strawberry leaf scorch,0.07994329184293747
datasets/plantvillage/data_distribution_for_SVM/test/9/3ce78793-9e4b-4791-87ee-e9d60aa75958.JPG,corn northern leaf blight,corn gray leaf spot,0.1481849104166031
datasets/plantvillage/data_distribution_for_SVM/test/29/33566fc4-6814-440b-9eff-07df1ee543c4.JPG,tomato early blight,potato early blight,0.07348199188709259
datasets/plantvillage/data_distribution_for_SVM/test/28/2e9953b1-6e8d-44a0-ba8a-3bf67470b987.JPG,tomato bacterial leaf spot,potato early blight,0.07739973813295364
datasets/plantvillage/data_distribution_for_SVM/test/25/a4863b14-3442-4823-bc7b-3d8c669674bc.JPG,squash powdery mildew,corn northern leaf blight,0.07376299053430557
datasets/plantvillage/data_distribution_for_SVM/test/28/0303e049-ea11-4043-98c0-f1233b5766fc.JPG,tomato bacterial leaf spot,strawberry leaf scorch,0.07383483648300171
datasets/plantvillage/data_distribution_for_SVM/test/26/cd0dac8b-b7cd-4662-9798-6d1ba486edbe.JPG,strawberry leaf scorch,strawberry leaf scorch,0.1389465034008026
datasets/plantvillage/data_distribution_for_SVM/test/8/3a03130f-9f6c-47a2-bad7-7600395335db.JPG,corn rust,corn gray leaf spot,0.14199776947498322
datasets/plantvillage/data_distribution_for_SVM/test/25/1e4e0e47-6541-48d8-b29c-cc1542f49887.JPG,squash powdery mildew,squash powdery mildew,0.08706804364919662
datasets/plantvillage/data_distribution_for_SVM/test/30/8c4e91e5-e304-4d1d-a4df-7ccd28f676f0.JPG,tomato late blight,tomato late blight,0.07407016307115555
datasets/plantvillage/data_distribution_for_SVM/test/29/d0e859a6-44ab-43b7-ad71-e3eb5e0d2465.JPG,tomato early blight,apple black rot,0.07883797585964203
datasets/plantvillage/data_distribution_for_SVM/test/20/94f053e5-9373-480c-ae08-7dff628408cf.JPG,potato early blight,apple rust,0.07561352103948593
datasets/plantvillage/data_distribution_for_SVM/test/30/75002dd7-1790-49f1-b71f-6fe791abedc1.JPG,tomato late blight,tomato bacterial leaf spot,0.0723089948296547
datasets/plantvillage/data_distribution_for_SVM/test/9/a946b681-6e3c-4faf-be1d-561b29b302a4.JPG,corn northern leaf blight,corn gray leaf spot,0.13735425472259521
datasets/plantvillage/data_distribution_for_SVM/test/21/9ddcd8b3-7001-443f-a669-5449c461d89a.JPG,potato late blight,potato late blight,0.07577807456254959
datasets/plantvillage/data_distribution_for_SVM/test/7/77cbeeb3-5dee-49d3-b8d8-62e6a9a95ffa.JPG,corn gray leaf spot,corn gray leaf spot,0.09083648771047592
datasets/plantvillage/data_distribution_for_SVM/test/2/a5e56f23-990d-40c5-a069-eacff7aa857f.JPG,apple rust,apple black rot,0.08342268317937851
datasets/plantvillage/data_distribution_for_SVM/test/25/8238fef7-7934-4c21-a302-a9b36396b7b1.JPG,squash powdery mildew,squash powdery mildew,0.08195433765649796
datasets/plantvillage/data_distribution_for_SVM/test/25/a598f96c-9acb-49b6-88ff-bf8845633caf.JPG,squash powdery mildew,squash powdery mildew,0.07294631004333496
datasets/plantvillage/data_distribution_for_SVM/test/9/352aaddd-3004-41fa-a750-23fa82d803a2.JPG,corn northern leaf blight,corn rust,0.09029059112071991
datasets/plantvillage/data_distribution_for_SVM/test/25/44d5cc3b-aedf-4f98-a681-48b5d4d97dbb.JPG,squash powdery mildew,squash powdery mildew,0.07654538750648499
datasets/plantvillage/data_distribution_for_SVM/test/29/626b3158-35dc-4bd6-b2d5-5383fc74fbe0.JPG,tomato early blight,tomato late blight,0.073483906686306
datasets/plantvillage/data_distribution_for_SVM/test/28/2035e116-1041-4c04-b12c-bfbd7ce7f962.JPG,tomato bacterial leaf spot,potato early blight,0.07509663701057434
datasets/plantvillage/data_distribution_for_SVM/test/26/6200af62-86d4-4414-861f-3c23dac8cdda.JPG,strawberry leaf scorch,strawberry leaf scorch,0.13207706809043884
datasets/plantvillage/data_distribution_for_SVM/test/25/6bb8233a-f3a6-43a6-808c-ebe2a9d6b6a3.JPG,squash powdery mildew,squash powdery mildew,0.0727703869342804
datasets/plantvillage/data_distribution_for_SVM/test/29/2e1c38fa-d1de-4d32-a156-36c9d7bdbd9e.JPG,tomato early blight,potato late blight,0.07990243285894394
datasets/plantvillage/data_distribution_for_SVM/test/25/54093348-6298-4fed-a788-2c19c219af63.JPG,squash powdery mildew,squash powdery mildew,0.09253308922052383
datasets/plantvillage/data_distribution_for_SVM/test/9/a1dc4e20-25f4-40c5-9d25-b165191f60d4.JPG,corn northern leaf blight,corn gray leaf spot,0.09885284304618835
datasets/plantvillage/data_distribution_for_SVM/test/28/cc0a4d82-2a27-4726-919b-3986d5688ff5.JPG,tomato bacterial leaf spot,potato early blight,0.08126230537891388
datasets/plantvillage/data_distribution_for_SVM/test/8/59520f12-0d50-4a84-8ff5-68ccdb636b38.JPG,corn rust,corn rust,0.10374826192855835
datasets/plantvillage/data_distribution_for_SVM/test/1/9bd223e9-13e1-4e97-9914-6f60d69dc7cb.JPG,apple black rot,apple black rot,0.09376785904169083
datasets/plantvillage/data_distribution_for_SVM/test/20/cc73f64b-7930-4b54-b736-21228effe29b.JPG,potato early blight,potato early blight,0.07814701646566391
datasets/plantvillage/data_distribution_for_SVM/test/8/aa606ba5-a8be-4b0b-9d88-27acdbbaf7ef.JPG,corn rust,corn gray leaf spot,0.08492094278335571
datasets/plantvillage/data_distribution_for_SVM/test/26/5adc0c66-9ad8-4f59-b10d-dc2bd834da6e.JPG,strawberry leaf scorch,strawberry leaf scorch,0.11612442135810852
datasets/plantvillage/data_distribution_for_SVM/test/1/9059417f-9e07-4118-b5d2-c3acddb147ce.JPG,apple black rot,apple black rot,0.10487817972898483
datasets/plantvillage/data_distribution_for_SVM/test/28/d3581f7b-7840-46c1-ae93-51046768aec6.JPG,tomato bacterial leaf spot,strawberry leaf scorch,0.07435140013694763
datasets/plantvillage/data_distribution_for_SVM/test/8/40f0e2e6-0c00-4e41-966c-ff27f114ccd0.JPG,corn rust,corn gray leaf spot,0.09077263623476028
datasets/plantvillage/data_distribution_for_SVM/test/0/ec05de87-057b-49e1-835b-6a69297e6504.JPG,apple scab,apple black rot,0.08587826788425446
datasets/plantvillage/data_distribution_for_SVM/test/29/92310040-b2a9-42f0-b4cb-25b066f2721d.JPG,tomato early blight,strawberry leaf scorch,0.07339327782392502
datasets/plantvillage/data_distribution_for_SVM/test/25/5198200a-6893-4a5d-b682-070ad244c9e4.JPG,squash powdery mildew,squash powdery mildew,0.07312974333763123
datasets/plantvillage/data_distribution_for_SVM/test/8/7b721a13-913f-4025-be2e-81582d35d0ed.JPG,corn rust,corn rust,0.09644810110330582
datasets/plantvillage/data_distribution_for_SVM/test/28/1378f87e-8947-45dc-99fd-ddf46bb2c47c.JPG,tomato bacterial leaf spot,apple black rot,0.07210170477628708
datasets/plantvillage/data_distribution_for_SVM/test/11/8fd3f349-b271-4405-99d7-89d28ed81bb0.JPG,grape black rot,grape black rot,0.08030565828084946
datasets/plantvillage/data_distribution_for_SVM/test/0/1077a302-ade9-40de-be8a-bc2a72a73c37.JPG,apple scab,potato early blight,0.07423587143421173
datasets/plantvillage/data_distribution_for_SVM/test/28/3b88930c-5401-4fd0-b4ea-b02c33f2a107.JPG,tomato bacterial leaf spot,apple black rot,0.07368475198745728
datasets/plantvillage/data_distribution_for_SVM/test/21/b94ea956-5703-4a35-9522-c505e58019a9.JPG,potato late blight,potato early blight,0.07303637266159058
datasets/plantvillage/data_distribution_for_SVM/test/29/2e9f02c6-6c28-448f-87d7-af2279b463c8.JPG,tomato early blight,strawberry leaf scorch,0.0730411633849144
datasets/plantvillage/data_distribution_for_SVM/test/20/62b86ee6-e6e6-4bd2-937f-8dc046203d1e.JPG,potato early blight,potato early blight,0.08022842556238174
datasets/plantvillage/data_distribution_for_SVM/test/20/3f26bb36-5153-4e13-85c8-d00ed66fc7bd.JPG,potato early blight,potato early blight,0.08529319614171982
datasets/plantvillage/data_distribution_for_SVM/test/20/ef699b77-41b6-4f62-a846-fb3a76eb6172.JPG,potato early blight,potato early blight,0.07355638593435287
datasets/plantvillage/data_distribution_for_SVM/test/26/9bb67277-93b5-4ce8-9c0e-f365c8192ef9.JPG,strawberry leaf scorch,strawberry leaf scorch,0.07512994110584259
datasets/plantvillage/data_distribution_for_SVM/test/2/57a94066-c68f-48bb-975b-3e648e81c20a.JPG,apple rust,apple black rot,0.08323875069618225
datasets/plantvillage/data_distribution_for_SVM/test/28/4e58617f-e44a-40c1-9314-f4a85983a3cf.JPG,tomato bacterial leaf spot,strawberry leaf scorch,0.07422195374965668
datasets/plantvillage/data_distribution_for_SVM/test/1/70eaa3bd-2a78-4c06-9f90-f4755e0dc31c.JPG,apple black rot,apple black rot,0.09693027287721634
datasets/plantvillage/data_distribution_for_SVM/test/30/6a72d15b-42ff-47db-81fe-b7dee1952a80.JPG,tomato late blight,potato early blight,0.07478298246860504
datasets/plantvillage/data_distribution_for_SVM/test/25/909923c2-3ce0-4ff6-bbba-ec81f453bfdc.JPG,squash powdery mildew,squash powdery mildew,0.08069465309381485
datasets/plantvillage/data_distribution_for_SVM/test/30/92d1124f-e13f-4a12-a312-6c75c6726c0c.JPG,tomato late blight,squash powdery mildew,0.07295346260070801
datasets/plantvillage/data_distribution_for_SVM/test/11/4c926096-6ad3-4aa9-8243-c6b47d25e929.JPG,grape black rot,grape black rot,0.07986114174127579
datasets/plantvillage/data_distribution_for_SVM/test/1/e231f0f4-4f13-4088-a970-9dae284f531c.JPG,apple black rot,apple black rot,0.07744821161031723
datasets/plantvillage/data_distribution_for_SVM/test/29/d5cec375-b772-437a-94f4-da79970efd8d.JPG,tomato early blight,strawberry leaf scorch,0.07169738411903381
datasets/plantvillage/data_distribution_for_SVM/test/21/9b48e014-5ffe-47fa-8f85-c9c515aae48b.JPG,potato late blight,potato early blight,0.07215779274702072
datasets/plantvillage/data_distribution_for_SVM/test/7/4c1d716e-6631-4b8a-adc4-f351129905f1.JPG,corn gray leaf spot,corn gray leaf spot,0.1392119973897934
datasets/plantvillage/data_distribution_for_SVM/test/30/8ca06943-e9bd-4394-9359-1bf827811f63.JPG,tomato late blight,potato late blight,0.08820702135562897
datasets/plantvillage/data_distribution_for_SVM/test/20/f5a57c51-3a0e-4f45-b755-dffb91dd2530.JPG,potato early blight,strawberry leaf scorch,0.07955942302942276
datasets/plantvillage/data_distribution_for_SVM/test/20/62d2dfca-06d6-4fe5-ad3c-73dfd28a815f.JPG,potato early blight,potato early blight,0.0738428458571434
datasets/plantvillage/data_distribution_for_SVM/test/20/469807a1-3da4-464a-ba6c-da4d59eb85dd.JPG,potato early blight,apple scab,0.07392045855522156
datasets/plantvillage/data_distribution_for_SVM/test/11/701d4140-cebf-4037-9309-1462116bc7ca.JPG,grape black rot,grape black rot,0.07364467531442642
datasets/plantvillage/data_distribution_for_SVM/test/29/05c5583c-63ac-4fff-8365-f415fba9f9e6.JPG,tomato early blight,strawberry leaf scorch,0.07592922449111938
datasets/plantvillage/data_distribution_for_SVM/test/21/7487f9c8-2c0a-4ac5-ab20-637a836b91d6.JPG,potato late blight,potato early blight,0.07478117197751999
datasets/plantvillage/data_distribution_for_SVM/test/25/baedde7b-78b8-4239-b70d-94ccb8e06856.JPG,squash powdery mildew,squash powdery mildew,0.0764005184173584
datasets/plantvillage/data_distribution_for_SVM/test/20/7ce69412-95c2-429f-bdda-9a14531f2580.JPG,potato early blight,potato early blight,0.0754968523979187
datasets/plantvillage/data_distribution_for_SVM/test/26/0a37d81d-5e23-4fe6-9084-03ef3d9174ac.JPG,strawberry leaf scorch,strawberry leaf scorch,0.08324993401765823
datasets/plantvillage/data_distribution_for_SVM/test/20/62b74d24-e38b-42f8-b3de-fa038f04283d.JPG,potato early blight,potato early blight,0.0727614015340805
datasets/plantvillage/data_distribution_for_SVM/test/20/554d5a75-dd4b-47a2-9920-f0311faf0f45.JPG,potato early blight,potato early blight,0.07461100816726685
datasets/plantvillage/data_distribution_for_SVM/test/25/03349d20-39f4-4be2-b069-7927c695c24d.JPG,squash powdery mildew,squash powdery mildew,0.07643669098615646
datasets/plantvillage/data_distribution_for_SVM/test/11/06de95a0-870d-4fbd-abd5-4b0b37e735e0.JPG,grape black rot,grape black rot,0.0837026983499527
datasets/plantvillage/data_distribution_for_SVM/test/25/e31db007-e92c-45d4-ba91-1ef810556277.JPG,squash powdery mildew,corn gray leaf spot,0.07333078980445862
datasets/plantvillage/data_distribution_for_SVM/test/25/fd7fdc83-3020-45af-af9c-2a706474a52a.JPG,squash powdery mildew,squash powdery mildew,0.09710410982370377
datasets/plantvillage/data_distribution_for_SVM/test/28/f147a050-3a58-4308-b7c9-10166a4b351a.JPG,tomato bacterial leaf spot,corn gray leaf spot,0.08741221576929092
datasets/plantvillage/data_distribution_for_SVM/test/11/161edd0a-0f91-416c-baba-e82cbf635a22.JPG,grape black rot,apple black rot,0.07712437212467194
datasets/plantvillage/data_distribution_for_SVM/test/25/9c71ec39-2fa8-4ef9-99e2-1a6578a74f17.JPG,squash powdery mildew,squash powdery mildew,0.07276658713817596
datasets/plantvillage/data_distribution_for_SVM/test/26/967a9493-301e-4c13-a676-d515f4207332.JPG,strawberry leaf scorch,strawberry leaf scorch,0.11410481482744217
datasets/plantvillage/data_distribution_for_SVM/test/28/0b97e882-fa7f-4faa-b170-5e408263532d.JPG,tomato bacterial leaf spot,strawberry leaf scorch,0.0903727263212204
datasets/plantvillage/data_distribution_for_SVM/test/30/19a68a1c-d281-440c-855b-c1b03750e0c2.JPG,tomato late blight,tomato late blight,0.07283542305231094
datasets/plantvillage/data_distribution_for_SVM/test/11/b8a86c6b-bc07-43d9-8d21-3b3338753d34.JPG,grape black rot,grape black rot,0.07435238361358643
datasets/plantvillage/data_distribution_for_SVM/test/26/524e2fa3-0f1f-4627-8339-88237440ffd1.JPG,strawberry leaf scorch,strawberry leaf scorch,0.12698325514793396
datasets/plantvillage/data_distribution_for_SVM/test/20/3125ffcc-5c03-43dc-9bc3-192e5a320bb3.JPG,potato early blight,apple black rot,0.07331190258264542
datasets/plantvillage/data_distribution_for_SVM/test/7/b3c05be6-d9dd-4f6c-8ff1-32485e300fc5.JPG,corn gray leaf spot,corn gray leaf spot,0.10912943631410599
datasets/plantvillage/data_distribution_for_SVM/test/25/16b94c60-d97b-4536-b469-adf4b316c19b.JPG,squash powdery mildew,squash powdery mildew,0.07262370735406876
datasets/plantvillage/data_distribution_for_SVM/test/28/355c7141-8747-4662-9c7d-1726c2e78633.JPG,tomato bacterial leaf spot,strawberry leaf scorch,0.07416175305843353
datasets/plantvillage/data_distribution_for_SVM/test/8/7fc423d2-c18c-4b2e-93a8-02bf07482911.JPG,corn rust,corn gray leaf spot,0.10319821536540985
datasets/plantvillage/data_distribution_for_SVM/test/21/6c8b3f0a-cc71-4a74-8044-c8759c14fdee.JPG,potato late blight,potato early blight,0.07933357357978821
datasets/plantvillage/data_distribution_for_SVM/test/9/7164c446-4a66-4b92-ac64-b6bd19d95df3.JPG,corn northern leaf blight,corn gray leaf spot,0.1479407548904419
datasets/plantvillage/data_distribution_for_SVM/test/28/a2d5d582-09bb-4656-856d-852c42d94a3f.JPG,tomato bacterial leaf spot,corn gray leaf spot,0.07291421294212341
datasets/plantvillage/data_distribution_for_SVM/test/28/09f7c106-c295-461a-9e18-b98a54711e0b.JPG,tomato bacterial leaf spot,potato early blight,0.07414126396179199
datasets/plantvillage/data_distribution_for_SVM/test/1/cd0b55a3-a482-405c-806b-6f48b336174c.JPG,apple black rot,apple black rot,0.1195187196135521
datasets/plantvillage/data_distribution_for_SVM/test/21/3701d3cd-c643-417d-ad8d-eac61726f1bc.JPG,potato late blight,apple black rot,0.07392832636833191
datasets/plantvillage/data_distribution_for_SVM/test/9/85fb8ab0-e044-4dbe-b0ea-75dbc905b6e2.JPG,corn northern leaf blight,corn gray leaf spot,0.1596083641052246
datasets/plantvillage/data_distribution_for_SVM/test/29/530109b6-c5dd-4a14-8cc0-bf46564c2516.JPG,tomato early blight,potato early blight,0.07764776051044464
datasets/plantvillage/data_distribution_for_SVM/test/11/0c620e78-9197-4f5e-b17d-fccf32426e9b.JPG,grape black rot,grape black rot,0.09448173642158508
datasets/plantvillage/data_distribution_for_SVM/test/28/7c47ee76-2f6f-4777-9567-71c5f399df0f.JPG,tomato bacterial leaf spot,corn gray leaf spot,0.07460574805736542
datasets/plantvillage/data_distribution_for_SVM/test/9/4ac52e47-f99a-449f-8f2e-3bd5beecac77.JPG,corn northern leaf blight,corn gray leaf spot,0.10334791243076324
datasets/plantvillage/data_distribution_for_SVM/test/30/b8aee7ad-3422-440a-b5da-75b71aacfe13.JPG,tomato late blight,tomato late blight,0.07318484783172607
datasets/plantvillage/data_distribution_for_SVM/test/11/26569043-bd9d-43fc-9559-c115bf090e14.JPG,grape black rot,strawberry leaf scorch,0.07624227553606033
datasets/plantvillage/data_distribution_for_SVM/test/25/a7ab6521-6ae9-4948-b130-8046118977f5.JPG,squash powdery mildew,squash powdery mildew,0.08964328467845917
datasets/plantvillage/data_distribution_for_SVM/test/11/3a7e07c1-b503-4bc5-b5ee-95157a41443e.JPG,grape black rot,apple black rot,0.08183515071868896
datasets/plantvillage/data_distribution_for_SVM/test/21/d99b6246-6a83-4104-9cdd-113cade2269e.JPG,potato late blight,potato early blight,0.07926524430513382
datasets/plantvillage/data_distribution_for_SVM/test/1/8c79eaea-7ef7-4197-a0a7-b77b5bb3796c.JPG,apple black rot,apple black rot,0.11697451025247574
datasets/plantvillage/data_distribution_for_SVM/test/29/cdc947f7-1d6a-4dfe-869c-f379c47a09e8.JPG,tomato early blight,squash powdery mildew,0.07334834337234497
datasets/plantvillage/data_distribution_for_SVM/test/30/d83385b2-219b-4507-af9f-0d7c801264ce.JPG,tomato late blight,tomato late blight,0.07425159960985184
datasets/plantvillage/data_distribution_for_SVM/test/30/5c72ae3a-b789-4364-94f5-e87e33d42660.JPG,tomato late blight,potato early blight,0.07873187214136124
datasets/plantvillage/data_distribution_for_SVM/test/28/257b6fba-bc20-4f3a-9479-a35761ee79d9.JPG,tomato bacterial leaf spot,potato early blight,0.07366754859685898
datasets/plantvillage/data_distribution_for_SVM/test/9/334d96fb-89fe-4529-9a5d-55738adecc1f.JPG,corn northern leaf blight,corn gray leaf spot,0.09507092088460922
datasets/plantvillage/data_distribution_for_SVM/test/11/24fafad2-4922-47fa-8993-64df9f21b97c.JPG,grape black rot,grape black rot,0.08122842013835907
datasets/plantvillage/data_distribution_for_SVM/test/21/7b402ad5-144f-4df4-9f44-ff7ee8dda2f1.JPG,potato late blight,potato early blight,0.07289265841245651
datasets/plantvillage/data_distribution_for_SVM/test/28/1cbc7662-f05b-4ee0-bfd7-367ea0a60f5d.JPG,tomato bacterial leaf spot,corn gray leaf spot,0.07542145997285843
datasets/plantvillage/data_distribution_for_SVM/test/7/cd8b1f99-42de-4bcd-a1aa-46bcf7ac492f.JPG,corn gray leaf spot,corn northern leaf blight,0.0850427895784378
datasets/plantvillage/data_distribution_for_SVM/test/11/63087075-bb3f-4316-826f-e2e13d8dbe28.JPG,grape black rot,grape black rot,0.07371488958597183
datasets/plantvillage/data_distribution_for_SVM/test/7/10edf211-74be-4c4a-9e6f-44cceb9a10d8.JPG,corn gray leaf spot,corn gray leaf spot,0.16974040865898132
datasets/plantvillage/data_distribution_for_SVM/test/30/ec4bde2e-3aac-4ae3-80a5-e67eea29a57f.JPG,tomato late blight,potato late blight,0.08870572596788406
datasets/plantvillage/data_distribution_for_SVM/test/11/f71d5da6-b818-45bc-9672-941770831da4.JPG,grape black rot,grape black rot,0.07967478781938553
datasets/plantvillage/data_distribution_for_SVM/test/1/5f4ee4c6-b12b-42dd-9f4f-0c060157108d.JPG,apple black rot,apple black rot,0.14237791299819946
datasets/plantvillage/data_distribution_for_SVM/test/26/41a0f215-1f11-4fb6-8041-04cd1e75be92.JPG,strawberry leaf scorch,strawberry leaf scorch,0.10696515440940857
datasets/plantvillage/data_distribution_for_SVM/test/0/32ee9790-f88b-43e8-84d4-80d15554efed.JPG,apple scab,tomato late blight,0.07482179254293442
datasets/plantvillage/data_distribution_for_SVM/test/30/38236085-771c-4470-86a2-666318e9d628.JPG,tomato late blight,corn gray leaf spot,0.07477391511201859
datasets/plantvillage/data_distribution_for_SVM/test/25/cc52af31-c5ae-48b6-9b95-51cb47cbef5f.JPG,squash powdery mildew,squash powdery mildew,0.0910717025399208
datasets/plantvillage/data_distribution_for_SVM/test/21/fff63951-f9fb-4da2-bf38-e5d7adc93881.JPG,potato late blight,potato late blight,0.07393181324005127
datasets/plantvillage/data_distribution_for_SVM/test/28/4aee39c3-e181-4077-80dd-1895cdfebe11.JPG,tomato bacterial leaf spot,strawberry leaf scorch,0.07596670091152191
datasets/plantvillage/data_distribution_for_SVM/test/26/c1691ee4-5c42-43fe-9f10-6f38f9defe6a.JPG,strawberry leaf scorch,strawberry leaf scorch,0.08236436545848846
datasets/plantvillage/data_distribution_for_SVM/test/0/2aea216b-c987-4a65-8113-e31f5f8fd4a4.JPG,apple scab,apple black rot,0.08099686354398727
datasets/plantvillage/data_distribution_for_SVM/test/28/e402ec60-0c2e-44bc-a7b1-541a39747b48.JPG,tomato bacterial leaf spot,potato early blight,0.07358228415250778
datasets/plantvillage/data_distribution_for_SVM/test/0/62756b0e-d337-4f57-ae90-67e2679b2307.JPG,apple scab,apple black rot,0.07456792145967484
datasets/plantvillage/data_distribution_for_SVM/test/1/d3b8e8ce-7f93-4760-b0d5-c5ce7928489a.JPG,apple black rot,apple black rot,0.14691470563411713
datasets/plantvillage/data_distribution_for_SVM/test/28/b14152e2-c769-4a39-acc2-01eff481b113.JPG,tomato bacterial leaf spot,potato early blight,0.07259771227836609
datasets/plantvillage/data_distribution_for_SVM/test/29/2c5c7836-dd9a-461e-a2c9-0c9efb2f9582.JPG,tomato early blight,potato early blight,0.07815191894769669
datasets/plantvillage/data_distribution_for_SVM/test/30/67e49fea-38e2-4e76-8317-1a3451c8acbe.JPG,tomato late blight,potato late blight,0.07470113039016724
datasets/plantvillage/data_distribution_for_SVM/test/25/9190051c-3212-44fc-80ca-3cea2db2012c.JPG,squash powdery mildew,squash powdery mildew,0.07424630224704742
datasets/plantvillage/data_distribution_for_SVM/test/11/ebabe3c4-cf40-4b10-8613-47d20281c86f.JPG,grape black rot,grape black rot,0.09361045062541962
datasets/plantvillage/data_distribution_for_SVM/test/20/2b713dcc-b569-45e6-ba51-ae9723c2a384.JPG,potato early blight,potato early blight,0.07500802725553513
datasets/plantvillage/data_distribution_for_SVM/test/28/d0309ac1-0cd8-49d3-a6a8-00607e848fa4.JPG,tomato bacterial leaf spot,corn gray leaf spot,0.07489968091249466
datasets/plantvillage/data_distribution_for_SVM/test/9/b46484d9-a2aa-4e00-92ed-b42a02696edb.JPG,corn northern leaf blight,corn gray leaf spot,0.12864254415035248
datasets/plantvillage/data_distribution_for_SVM/test/25/fc1db1ee-ca16-4dce-b3c6-2b2732f5a847.JPG,squash powdery mildew,squash powdery mildew,0.08361578732728958
datasets/plantvillage/data_distribution_for_SVM/test/1/b54137ec-6a62-4161-a90c-289756865678.JPG,apple black rot,apple black rot,0.09318339824676514
datasets/plantvillage/data_distribution_for_SVM/test/1/e680b3d2-0d46-4e93-83a4-ef71c739dd68.JPG,apple black rot,apple black rot,0.13512447476387024
datasets/plantvillage/data_distribution_for_SVM/test/28/07358276-5a9a-472d-bc84-433443efdf1e.JPG,tomato bacterial leaf spot,potato early blight,0.07383070886135101
datasets/plantvillage/data_distribution_for_SVM/test/28/5c6d4bb3-6e96-4731-9a40-e327189af2b9.JPG,tomato bacterial leaf spot,potato early blight,0.07255247980356216
datasets/plantvillage/data_distribution_for_SVM/test/7/22d16deb-3cb0-42ee-8eb1-cfc54544603a.JPG,corn gray leaf spot,corn gray leaf spot,0.12599685788154602
datasets/plantvillage/data_distribution_for_SVM/test/25/6206d96a-2b5a-44b0-a5cc-0699a7645b18.JPG,squash powdery mildew,squash powdery mildew,0.0730830729007721
datasets/plantvillage/data_distribution_for_SVM/test/30/1d14d926-c957-47d8-b0ef-0b0ec2dab09a.JPG,tomato late blight,apple black rot,0.07503018528223038
datasets/plantvillage/data_distribution_for_SVM/test/9/1864334b-ef1a-4e72-9b56-4b10dcfdd218.JPG,corn northern leaf blight,corn gray leaf spot,0.16627870500087738
datasets/plantvillage/data_distribution_for_SVM/test/1/c2a61ae3-4389-4c81-89b0-868e5a9d1afd.JPG,apple black rot,apple black rot,0.11452219635248184
datasets/plantvillage/data_distribution_for_SVM/test/8/a220366e-7eb3-4ed1-93e8-d55145829aed.JPG,corn rust,corn gray leaf spot,0.11226785182952881
datasets/plantvillage/data_distribution_for_SVM/test/20/e096ef2c-9603-423e-bd1c-cb53aff333aa.JPG,potato early blight,strawberry leaf scorch,0.07879895716905594
datasets/plantvillage/data_distribution_for_SVM/test/29/1257edb9-5dd4-488f-8a0e-fbe070de7077.JPG,tomato early blight,potato late blight,0.07780508697032928
datasets/plantvillage/data_distribution_for_SVM/test/9/b0049887-29bc-40c7-a846-6db28d7fbe72.JPG,corn northern leaf blight,corn gray leaf spot,0.11623097211122513
datasets/plantvillage/data_distribution_for_SVM/test/2/01de6e24-61b0-4a33-90d8-0b2e7fe93305.JPG,apple rust,apple black rot,0.08061893284320831
datasets/plantvillage/data_distribution_for_SVM/test/0/7abeb500-f828-4eb2-a0ed-c5eb4bda8d35.JPG,apple scab,apple rust,0.07422962784767151
datasets/plantvillage/data_distribution_for_SVM/test/28/fb25f10b-caa3-499c-8b2c-9ba226312c49.JPG,tomato bacterial leaf spot,potato late blight,0.07312782108783722
datasets/plantvillage/data_distribution_for_SVM/test/28/fb16bc0e-e4f1-430e-bcb6-6a875f2d135e.JPG,tomato bacterial leaf spot,strawberry leaf scorch,0.07344754785299301
datasets/plantvillage/data_distribution_for_SVM/test/26/97522f37-ae01-4f80-8f2f-c8ae1d9d8d6d.JPG,strawberry leaf scorch,strawberry leaf scorch,0.09621922671794891
datasets/plantvillage/data_distribution_for_SVM/test/28/fe0d48ab-27a2-415e-8763-15a586d7a71e.JPG,tomato bacterial leaf spot,strawberry leaf scorch,0.07598681002855301
datasets/plantvillage/data_distribution_for_SVM/test/9/c6c97dfc-de80-4128-b2b1-bc5e63ff71cb.JPG,corn northern leaf blight,corn gray leaf spot,0.1109691709280014
datasets/plantvillage/data_distribution_for_SVM/test/26/c8a70815-09cc-445b-9dd1-b892cc566e36.JPG,strawberry leaf scorch,strawberry leaf scorch,0.0784381702542305
datasets/plantvillage/data_distribution_for_SVM/test/25/09846a13-c4bb-42ec-918f-efb61aa80abb.JPG,squash powdery mildew,squash powdery mildew,0.07394813001155853
datasets/plantvillage/data_distribution_for_SVM/test/9/7069f171-d221-4307-a671-299e4189dd88.JPG,corn northern leaf blight,corn northern leaf blight,0.08997128903865814
datasets/plantvillage/data_distribution_for_SVM/test/11/26699021-30fd-4c72-9064-da04060696f9.JPG,grape black rot,grape black rot,0.09261131286621094
datasets/plantvillage/data_distribution_for_SVM/test/20/7f95f5ba-0a75-4dec-8b0d-dccd0f548543.JPG,potato early blight,potato early blight,0.07813382893800735
datasets/plantvillage/data_distribution_for_SVM/test/21/b8c7824c-ddc3-4be0-a155-4ba14556fd64.JPG,potato late blight,potato late blight,0.07210754603147507
datasets/plantvillage/data_distribution_for_SVM/test/25/329398ae-9053-41a6-8580-f287d2d0df4b.JPG,squash powdery mildew,squash powdery mildew,0.07556554675102234
datasets/plantvillage/data_distribution_for_SVM/test/0/33c16641-a8dd-4acf-9abd-73df224c7e0d.JPG,apple scab,apple black rot,0.07289280742406845
datasets/plantvillage/data_distribution_for_SVM/test/11/80808d03-7d15-4bb1-bc00-b5f5c7b19cf4.JPG,grape black rot,grape black rot,0.07737724483013153
datasets/plantvillage/data_distribution_for_SVM/test/30/f7e396a0-b22b-421e-b968-5ee9f38df40a.JPG,tomato late blight,tomato late blight,0.0803130567073822
datasets/plantvillage/data_distribution_for_SVM/test/11/86fb9b26-275c-4f06-96a8-1c24337c8e33.JPG,grape black rot,strawberry leaf scorch,0.07460885494947433
datasets/plantvillage/data_distribution_for_SVM/test/8/ab4a51e5-6799-4909-a20c-e78fcb5004ab.JPG,corn rust,corn gray leaf spot,0.07322212308645248
datasets/plantvillage/data_distribution_for_SVM/test/21/8d1597e7-14ca-40e7-8d15-81a47390287d.JPG,potato late blight,potato late blight,0.07783502340316772
datasets/plantvillage/data_distribution_for_SVM/test/1/927f8d2a-c045-48b1-8fcb-72b80b6cbe08.JPG,apple black rot,apple black rot,0.09529156237840652
datasets/plantvillage/data_distribution_for_SVM/test/25/5aa943d2-4f58-495f-8603-5d694536175e.JPG,squash powdery mildew,squash powdery mildew,0.1088504046201706
datasets/plantvillage/data_distribution_for_SVM/test/11/ebe6f26c-bf1f-4594-b30e-c5bb005b8dd1.JPG,grape black rot,grape black rot,0.07604234665632248
datasets/plantvillage/data_distribution_for_SVM/test/29/31e090ff-ee38-4776-a785-e75b94de091f.JPG,tomato early blight,apple scab,0.07256347686052322
datasets/plantvillage/data_distribution_for_SVM/test/8/07a25d99-40e0-4e0b-a9bc-6cdc2347c615.JPG,corn rust,corn gray leaf spot,0.10656008869409561
datasets/plantvillage/data_distribution_for_SVM/test/0/e64bce21-7f2f-4c06-9d7b-424e3cb279e6.JPG,apple scab,apple black rot,0.07510101795196533
datasets/plantvillage/data_distribution_for_SVM/test/26/37e6bd15-54c9-4bb8-b825-5e5ce505b5dc.JPG,strawberry leaf scorch,strawberry leaf scorch,0.12193450331687927
datasets/plantvillage/data_distribution_for_SVM/test/11/47a7d277-8f8c-49d3-ae2c-b44191188bfa.JPG,grape black rot,grape black rot,0.09841745346784592
datasets/plantvillage/data_distribution_for_SVM/test/1/ea876522-cf17-43da-b572-f0656dc13777.JPG,apple black rot,apple black rot,0.07725746929645538
datasets/plantvillage/data_distribution_for_SVM/test/26/dcce91a0-8914-47d6-a425-3dcd772f877f.JPG,strawberry leaf scorch,tomato late blight,0.07750904560089111
datasets/plantvillage/data_distribution_for_SVM/test/29/6f194765-73d2-4fcb-a640-676f9849f845.JPG,tomato early blight,tomato late blight,0.07801079005002975
datasets/plantvillage/data_distribution_for_SVM/test/7/f23abd5e-8ef6-4ef1-b03c-3f7e6e6d27d6.JPG,corn gray leaf spot,corn gray leaf spot,0.13039210438728333
datasets/plantvillage/data_distribution_for_SVM/test/28/5312028a-8cf8-40f6-8792-a3ed24d8afcd.JPG,tomato bacterial leaf spot,corn gray leaf spot,0.0757536068558693
datasets/plantvillage/data_distribution_for_SVM/test/2/c3936b5f-7a50-4969-86de-dfdf33e57121.JPG,apple rust,apple black rot,0.07999508827924728
datasets/plantvillage/data_distribution_for_SVM/test/28/5c4c0ecf-c161-4272-8b61-688302b718ca.JPG,tomato bacterial leaf spot,potato early blight,0.07392615079879761
datasets/plantvillage/data_distribution_for_SVM/test/25/99573dcb-6467-4a55-9baf-5bfe4d08a21d.JPG,squash powdery mildew,squash powdery mildew,0.07598582655191422
datasets/plantvillage/data_distribution_for_SVM/test/1/e593caf0-19ab-4559-a3d8-88828a8ee878.JPG,apple black rot,apple black rot,0.12256337702274323
datasets/plantvillage/data_distribution_for_SVM/test/28/9e38f3b8-7298-474b-8d9b-cae6272e99a2.JPG,tomato bacterial leaf spot,strawberry leaf scorch,0.07891388237476349
datasets/plantvillage/data_distribution_for_SVM/test/28/cb8736a0-9b7d-42a0-bd5d-b347f5ae5349.JPG,tomato bacterial leaf spot,potato late blight,0.07563707232475281
datasets/plantvillage/data_distribution_for_SVM/test/30/3caa8e46-edd6-4d4a-af7e-af101db6a548.JPG,tomato late blight,corn northern leaf blight,0.07636968791484833
datasets/plantvillage/data_distribution_for_SVM/test/21/9d5ec9e2-318b-4357-af87-0768cf9fa822.JPG,potato late blight,strawberry leaf scorch,0.0762861967086792
datasets/plantvillage/data_distribution_for_SVM/test/25/ad14700c-caea-4c34-937a-afe6cd818d79.JPG,squash powdery mildew,squash powdery mildew,0.0733511671423912
datasets/plantvillage/data_distribution_for_SVM/test/11/389be134-563f-4b2b-82ff-420a74d976bc.JPG,grape black rot,grape black rot,0.07919380068778992
datasets/plantvillage/data_distribution_for_SVM/test/25/bb7c3de2-82b2-45d1-80b6-a84c26ca66ee.JPG,squash powdery mildew,squash powdery mildew,0.07821746915578842
datasets/plantvillage/data_distribution_for_SVM/test/11/50d42a6e-5b1c-4ab2-9ae7-2ee80399527b.JPG,grape black rot,grape black rot,0.07524262368679047
datasets/plantvillage/data_distribution_for_SVM/test/11/6a49c848-eeb0-4564-83f2-43ee46f770c7.JPG,grape black rot,grape black rot,0.07872442901134491
datasets/plantvillage/data_distribution_for_SVM/test/25/3362a729-d376-4817-aee5-d168a90518c8.JPG,squash powdery mildew,squash powdery mildew,0.07261522859334946
datasets/plantvillage/data_distribution_for_SVM/test/20/36018dc9-65f7-4c00-b36d-7a59eceeae1a.JPG,potato early blight,strawberry leaf scorch,0.07631151378154755
datasets/plantvillage/data_distribution_for_SVM/test/26/1a6ee9b0-28c8-4305-923e-2adbcbcdf1f7.JPG,strawberry leaf scorch,strawberry leaf scorch,0.08380799740552902
datasets/plantvillage/data_distribution_for_SVM/test/20/31205051-bdb6-4ffa-879d-5271b7e0c701.JPG,potato early blight,apple rust,0.07352578639984131
datasets/plantvillage/data_distribution_for_SVM/test/1/943ee714-7b04-45aa-8816-ab8ec0c55b31.JPG,apple black rot,apple black rot,0.13144150376319885
datasets/plantvillage/data_distribution_for_SVM/test/28/83fa99c0-f176-4a71-b331-64b591cb423c.JPG,tomato bacterial leaf spot,strawberry leaf scorch,0.0744280144572258
datasets/plantvillage/data_distribution_for_SVM/test/29/bb537946-3b1d-4bf7-aeab-652435ffd86f.JPG,tomato early blight,potato early blight,0.07202895730733871
datasets/plantvillage/data_distribution_for_SVM/test/28/ab99f527-a6d9-4c29-849a-6bf7530d9d1f.JPG,tomato bacterial leaf spot,potato early blight,0.07431040704250336
datasets/plantvillage/data_distribution_for_SVM/test/21/0e64b13f-efbc-4d48-9815-9216151ba43b.JPG,potato late blight,potato early blight,0.07451203465461731
datasets/plantvillage/data_distribution_for_SVM/test/26/d2a69da4-1f83-4e4f-b6c1-8ce39f921a20.JPG,strawberry leaf scorch,strawberry leaf scorch,0.11109666526317596
datasets/plantvillage/data_distribution_for_SVM/test/8/4de22a4f-72ee-4176-bc36-f076d8dc8599.JPG,corn rust,corn gray leaf spot,0.09208662062883377
datasets/plantvillage/data_distribution_for_SVM/test/28/17d81ebb-69af-4a14-a302-e31afbba6d7e.JPG,tomato bacterial leaf spot,apple black rot,0.07747453451156616
datasets/plantvillage/data_distribution_for_SVM/test/21/92a73736-7487-4554-b277-3855205d914e.JPG,potato late blight,apple black rot,0.07587283849716187
datasets/plantvillage/data_distribution_for_SVM/test/25/8235c991-c004-4ca7-9d2f-301495c700e5.JPG,squash powdery mildew,squash powdery mildew,0.07693494856357574
datasets/plantvillage/data_distribution_for_SVM/test/26/445b4a64-5c0e-45ab-b7d5-f93b4473119c.JPG,strawberry leaf scorch,strawberry leaf scorch,0.09287235885858536
datasets/plantvillage/data_distribution_for_SVM/test/25/eba2ed0d-0ca4-4075-ad48-792495780f2e.JPG,squash powdery mildew,squash powdery mildew,0.08195438235998154
datasets/plantvillage/data_distribution_for_SVM/test/29/46fd736f-e5f3-4ebb-b519-459b31e533a7.JPG,tomato early blight,potato early blight,0.08755876868963242
datasets/plantvillage/data_distribution_for_SVM/test/8/8399cd30-b126-494e-94de-f6920e9057aa.JPG,corn rust,corn gray leaf spot,0.12171876430511475
datasets/plantvillage/data_distribution_for_SVM/test/9/ae319266-25f2-496f-a91b-aab69d994fdc.JPG,corn northern leaf blight,corn gray leaf spot,0.11856744438409805
datasets/plantvillage/data_distribution_for_SVM/test/11/58e1dff3-a865-4b12-986e-08ad7bd59ef3.JPG,grape black rot,grape black rot,0.07670223712921143
datasets/plantvillage/data_distribution_for_SVM/test/29/def0783d-7ebf-4b67-90eb-74216c0bc462.JPG,tomato early blight,tomato late blight,0.07291107624769211
datasets/plantvillage/data_distribution_for_SVM/test/11/fb66f5d3-dc59-4ec4-8071-87f0f7bb454e.JPG,grape black rot,strawberry leaf scorch,0.07318369299173355
datasets/plantvillage/data_distribution_for_SVM/test/26/e8c16c08-76eb-45f7-893b-94bdd31bc63c.JPG,strawberry leaf scorch,strawberry leaf scorch,0.08410467207431793
datasets/plantvillage/data_distribution_for_SVM/test/29/66b23741-679f-449b-87dc-7ce62081493c.JPG,tomato early blight,potato early blight,0.0747203454375267
datasets/plantvillage/data_distribution_for_SVM/test/30/06fbbc27-697a-4a4c-bb50-c1309f199f8a.JPG,tomato late blight,tomato bacterial leaf spot,0.07240273058414459
datasets/plantvillage/data_distribution_for_SVM/test/8/c95ce478-6593-4c54-a5bd-a14c507cbfaa.JPG,corn rust,corn gray leaf spot,0.0971689224243164
datasets/plantvillage/data_distribution_for_SVM/test/20/d3194c6f-ed5d-4202-b5de-e977623f3065.JPG,potato early blight,strawberry leaf scorch,0.07610246539115906
datasets/plantvillage/data_distribution_for_SVM/test/8/679b2beb-3c1b-49f8-b6cb-3e3d3e0194cf.JPG,corn rust,corn northern leaf blight,0.09006626904010773
datasets/plantvillage/data_distribution_for_SVM/test/20/12243742-3e09-4dee-8bec-eb88371c5567.JPG,potato early blight,strawberry leaf scorch,0.07902397215366364
datasets/plantvillage/data_distribution_for_SVM/test/8/56f85fff-d703-4478-808a-735d43eb6dbb.JPG,corn rust,corn gray leaf spot,0.11023502796888351
datasets/plantvillage/data_distribution_for_SVM/test/29/1b365de4-c859-40ef-bd55-2af9a982bf22.JPG,tomato early blight,potato early blight,0.07326968014240265
datasets/plantvillage/data_distribution_for_SVM/test/30/a0547337-baff-43bb-9a3a-db7ea013518a.JPG,tomato late blight,tomato late blight,0.07835908979177475
datasets/plantvillage/data_distribution_for_SVM/test/25/0ff5f27f-d4ef-4d8c-ae11-0951e2f7d37f.JPG,squash powdery mildew,squash powdery mildew,0.07613145560026169
datasets/plantvillage/data_distribution_for_SVM/test/9/047e467c-5c5c-4594-ba65-dab88bc214f8.JPG,corn northern leaf blight,corn gray leaf spot,0.10666967183351517
datasets/plantvillage/data_distribution_for_SVM/test/0/013100cc-af7f-47eb-aaef-d46215549bc6.JPG,apple scab,apple black rot,0.0729057714343071
datasets/plantvillage/data_distribution_for_SVM/test/20/9ca04aef-00ae-40c1-9296-80cb910f62a1.JPG,potato early blight,potato early blight,0.07892696559429169
datasets/plantvillage/data_distribution_for_SVM/test/25/f942c82a-2b5f-46b5-b138-6a017c806fc3.JPG,squash powdery mildew,squash powdery mildew,0.08479499071836472
datasets/plantvillage/data_distribution_for_SVM/test/7/15d81e1d-3f3d-4ae5-9940-1ba0aeac2522.JPG,corn gray leaf spot,corn gray leaf spot,0.09137897193431854
datasets/plantvillage/data_distribution_for_SVM/test/25/907176c9-5489-4e14-8060-f97c2f03713c.JPG,squash powdery mildew,squash powdery mildew,0.07418607920408249
datasets/plantvillage/data_distribution_for_SVM/test/29/bd3bdca4-3723-4fd6-98c4-c5a1294e5a91.JPG,tomato early blight,potato early blight,0.09739308804273605
datasets/plantvillage/data_distribution_for_SVM/test/30/75014b57-baaf-433b-8eac-5b7bae620702.JPG,tomato late blight,potato early blight,0.07342546433210373
datasets/plantvillage/data_distribution_for_SVM/test/21/bcb35f7a-7a63-4a1d-b75d-c3cdb647ceaf.JPG,potato late blight,potato early blight,0.07213246077299118
datasets/plantvillage/data_distribution_for_SVM/test/0/f78cce0f-cdc2-4f0c-8711-e4b9b9af8326.JPG,apple scab,apple rust,0.07241271436214447
datasets/plantvillage/data_distribution_for_SVM/test/30/05dd581a-a0b7-4cc5-a989-f60b27df03c4.JPG,tomato late blight,potato late blight,0.07359579205513
datasets/plantvillage/data_distribution_for_SVM/test/30/e613eba0-0e31-47c2-86e7-4df3e438a863.JPG,tomato late blight,corn gray leaf spot,0.07281427085399628
datasets/plantvillage/data_distribution_for_SVM/test/25/cbf0904c-7d5d-4f43-80c6-f5af9357d3d0.JPG,squash powdery mildew,strawberry leaf scorch,0.07171318680047989
datasets/plantvillage/data_distribution_for_SVM/test/8/317d46c6-cb2f-4b4e-bf89-7df63a9c719a.JPG,corn rust,corn gray leaf spot,0.0936666801571846
datasets/plantvillage/data_distribution_for_SVM/test/28/18ce4939-134b-47c7-9f98-0f1466fceb72.JPG,tomato bacterial leaf spot,strawberry leaf scorch,0.07344745844602585
datasets/plantvillage/data_distribution_for_SVM/test/29/b7168f90-0162-43e2-971c-45a5a6a93269.JPG,tomato early blight,potato late blight,0.07882414013147354
datasets/plantvillage/data_distribution_for_SVM/test/29/59d007a8-186c-41d9-b1d9-5a0a92545968.JPG,tomato early blight,potato early blight,0.07369052618741989
datasets/plantvillage/data_distribution_for_SVM/test/28/9bc691bf-fc14-42a6-83c8-61fc9d4f69b1.JPG,tomato bacterial leaf spot,strawberry leaf scorch,0.08088359236717224
datasets/plantvillage/data_distribution_for_SVM/test/28/cbefcd1c-46c5-4e82-8762-dee5c3aa2439.JPG,tomato bacterial leaf spot,corn gray leaf spot,0.08028297871351242
datasets/plantvillage/data_distribution_for_SVM/test/25/5b3eda18-e0bc-4b6a-b4eb-051ee94e05ef.JPG,squash powdery mildew,squash powdery mildew,0.07502834498882294
datasets/plantvillage/data_distribution_for_SVM/test/30/00176e04-a0fb-4110-8c00-63ae227b40fb.JPG,tomato late blight,strawberry leaf scorch,0.07195786386728287
datasets/plantvillage/data_distribution_for_SVM/test/29/5face4c5-7d36-428c-97b9-a7a18d925b99.JPG,tomato early blight,potato late blight,0.07438463717699051
datasets/plantvillage/data_distribution_for_SVM/test/28/de47d9ff-8b6e-4bb0-9cbc-c1dd6ec1cdae.JPG,tomato bacterial leaf spot,potato early blight,0.07501663267612457
datasets/plantvillage/data_distribution_for_SVM/test/25/24c2ed42-2739-4bd6-a530-100e7a4de10b.JPG,squash powdery mildew,squash powdery mildew,0.07374793291091919
datasets/plantvillage/data_distribution_for_SVM/test/25/c475b247-0ad3-4493-83ca-7af3217227da.JPG,squash powdery mildew,squash powdery mildew,0.0791771188378334
datasets/plantvillage/data_distribution_for_SVM/test/8/81ec8303-55af-49f6-971e-7183d2e54571.JPG,corn rust,corn gray leaf spot,0.13786527514457703
datasets/plantvillage/data_distribution_for_SVM/test/30/2fafb952-4901-4f39-8dfa-b8abfe44f2a7.JPG,tomato late blight,potato late blight,0.08034145087003708
datasets/plantvillage/data_distribution_for_SVM/test/28/8504a456-fca4-4ebb-82f9-9a1d6b8a2f1c.JPG,tomato bacterial leaf spot,potato early blight,0.07461842149496078
datasets/plantvillage/data_distribution_for_SVM/test/25/67500f8b-2408-4188-bd54-7394c64c3632.JPG,squash powdery mildew,apple rust,0.07344677299261093
datasets/plantvillage/data_distribution_for_SVM/test/25/27198f6a-c5eb-4574-bb1f-c5d56c96f883.JPG,squash powdery mildew,squash powdery mildew,0.07300598919391632
datasets/plantvillage/data_distribution_for_SVM/test/7/2b8f9952-5f5d-4c68-8c36-7f29e5b63e55.JPG,corn gray leaf spot,corn gray leaf spot,0.09569361805915833
datasets/plantvillage/data_distribution_for_SVM/test/30/53142892-7117-4557-866a-057f4e423023.JPG,tomato late blight,grape black rot,0.07439398020505905
datasets/plantvillage/data_distribution_for_SVM/test/26/69a36542-4608-41fa-81dc-e4f33f11f3b4.JPG,strawberry leaf scorch,strawberry leaf scorch,0.0950624868273735
datasets/plantvillage/data_distribution_for_SVM/test/20/a651df4a-ca88-4073-9258-ff6e332bb6e7.JPG,potato early blight,potato early blight,0.07840921729803085
datasets/plantvillage/data_distribution_for_SVM/test/29/a4917ce5-77a4-495b-bbe0-c0ceffeb27b7.JPG,tomato early blight,potato early blight,0.07782399654388428
datasets/plantvillage/data_distribution_for_SVM/test/2/b544dbbb-8522-45e3-ba38-44e37b971a77.JPG,apple rust,apple black rot,0.07533812522888184
datasets/plantvillage/data_distribution_for_SVM/test/9/ce80ca7c-ff40-4e83-8b0a-326301e89be1.JPG,corn northern leaf blight,corn rust,0.11687212437391281
datasets/plantvillage/data_distribution_for_SVM/test/25/a237b029-0fab-4c27-8b16-e0de3b154635.JPG,squash powdery mildew,squash powdery mildew,0.07937430590391159
datasets/plantvillage/data_distribution_for_SVM/test/11/0ce8e4b8-7a9a-4ab2-b3ee-72842836fce6.JPG,grape black rot,grape black rot,0.08138789981603622
datasets/plantvillage/data_distribution_for_SVM/test/2/3d260242-9465-4977-83eb-0f41c9682aa0.JPG,apple rust,corn gray leaf spot,0.07421719282865524
datasets/plantvillage/data_distribution_for_SVM/test/20/55590b25-e52f-466b-a4e6-e22a6a114386.JPG,potato early blight,strawberry leaf scorch,0.07878101617097855
datasets/plantvillage/data_distribution_for_SVM/test/28/f8c23283-5640-4b43-8985-ac5e651dd6fc.JPG,tomato bacterial leaf spot,apple black rot,0.0734754204750061
datasets/plantvillage/data_distribution_for_SVM/test/25/3f80733c-0557-4d1b-bb97-21b6342b6de1.JPG,squash powdery mildew,squash powdery mildew,0.09533500671386719
datasets/plantvillage/data_distribution_for_SVM/test/28/d66a2a5a-e7c8-4da7-9066-90d0379ec463.JPG,tomato bacterial leaf spot,tomato bacterial leaf spot,0.07412277162075043
datasets/plantvillage/data_distribution_for_SVM/test/21/6cd1378b-d8de-4d6c-a432-781c1f6b34eb.JPG,potato late blight,potato late blight,0.07687616348266602
datasets/plantvillage/data_distribution_for_SVM/test/1/d2a3f180-dcc9-44fe-aad4-175eb8e3ba41.JPG,apple black rot,apple black rot,0.10452436655759811
datasets/plantvillage/data_distribution_for_SVM/test/29/6187972b-3b71-4d2f-999b-3015494cb200.JPG,tomato early blight,strawberry leaf scorch,0.07673685997724533
datasets/plantvillage/data_distribution_for_SVM/test/30/87e15a62-aa92-4167-9479-e1d368eec38a.JPG,tomato late blight,tomato late blight,0.07352430373430252
datasets/plantvillage/data_distribution_for_SVM/test/21/2317f2c5-ac22-4de5-9460-00023e6b3dbd.JPG,potato late blight,apple black rot,0.07354413717985153
datasets/plantvillage/data_distribution_for_SVM/test/8/2026259b-2597-431b-a097-596bd564ce8e.JPG,corn rust,corn gray leaf spot,0.08804135024547577
datasets/plantvillage/data_distribution_for_SVM/test/25/b930ec14-4f95-4756-b932-bef0dfb0e793.JPG,squash powdery mildew,squash powdery mildew,0.07180389761924744
datasets/plantvillage/data_distribution_for_SVM/test/8/f0998b7e-91bd-4538-8b3c-e046b01d860a.JPG,corn rust,corn gray leaf spot,0.07357284426689148
datasets/plantvillage/data_distribution_for_SVM/test/28/ddbea619-65a1-40ae-8c09-47deac4d02e2.JPG,tomato bacterial leaf spot,corn gray leaf spot,0.08006175607442856
datasets/plantvillage/data_distribution_for_SVM/test/28/5ec19675-6ae6-438b-bbd6-be5350ed857f.JPG,tomato bacterial leaf spot,apple black rot,0.07433407753705978
datasets/plantvillage/data_distribution_for_SVM/test/0/4df209ba-6b6a-4291-90ef-a20a3c4701f1.JPG,apple scab,corn gray leaf spot,0.07499882578849792
datasets/plantvillage/data_distribution_for_SVM/test/30/9741f4b6-1f63-46c4-9b82-243bf9300494.JPG,tomato late blight,apple black rot,0.08420128375291824
datasets/plantvillage/data_distribution_for_SVM/test/30/f982e1ff-b4ef-4ec9-a150-e5a50ef3cc0b.JPG,tomato late blight,tomato bacterial leaf spot,0.07222586870193481
datasets/plantvillage/data_distribution_for_SVM/test/30/c401b2cc-4b8c-491d-9fde-19a1e53c8583.JPG,tomato late blight,tomato late blight,0.07169303297996521
datasets/plantvillage/data_distribution_for_SVM/test/20/3cdb4679-7026-49dd-b2d0-671cccf48735.JPG,potato early blight,potato early blight,0.0815589651465416
datasets/plantvillage/data_distribution_for_SVM/test/28/91572cef-1572-46b5-972c-5098d41475ca.JPG,tomato bacterial leaf spot,apple black rot,0.07610129565000534
datasets/plantvillage/data_distribution_for_SVM/test/25/0eade730-cdef-4eb2-a7e6-69d8a04cb272.JPG,squash powdery mildew,squash powdery mildew,0.086037777364254
datasets/plantvillage/data_distribution_for_SVM/test/29/dbf9a573-c4bf-4cda-9f44-43a7e17d8fca.JPG,tomato early blight,strawberry leaf scorch,0.07193855196237564
datasets/plantvillage/data_distribution_for_SVM/test/25/f55999cb-3f55-4ac7-a9b8-c026a579fe31.JPG,squash powdery mildew,apple black rot,0.07406433671712875
datasets/plantvillage/data_distribution_for_SVM/test/9/e5ef71cb-e9c1-4640-bf44-fcd355cef7b9.JPG,corn northern leaf blight,corn rust,0.10341070592403412
datasets/plantvillage/data_distribution_for_SVM/test/28/5e7a583c-2d11-4113-9b51-8549fafe1aec.JPG,tomato bacterial leaf spot,strawberry leaf scorch,0.07344959676265717
datasets/plantvillage/data_distribution_for_SVM/test/21/99e143c2-5b0b-4099-b5ea-734541e45cf0.JPG,potato late blight,apple scab,0.07708639651536942
datasets/plantvillage/data_distribution_for_SVM/test/1/350fbc02-fad7-4694-bc10-9ee31461111c.JPG,apple black rot,apple black rot,0.12632541358470917
datasets/plantvillage/data_distribution_for_SVM/test/28/bb32f2f9-efc6-48c6-9b9b-e311508cd926.JPG,tomato bacterial leaf spot,strawberry leaf scorch,0.07848382741212845
datasets/plantvillage/data_distribution_for_SVM/test/20/63122706-3927-44d1-be4f-e8c8f479b6c7.JPG,potato early blight,potato early blight,0.0750553160905838
datasets/plantvillage/data_distribution_for_SVM/test/28/2ba35e2a-b839-4f15-9b3a-34b88bbe4e3b.JPG,tomato bacterial leaf spot,apple black rot,0.07421249151229858
datasets/plantvillage/data_distribution_for_SVM/test/20/e5a3407f-a986-44aa-8309-df53c1ed649b.JPG,potato early blight,apple scab,0.07339268177747726
datasets/plantvillage/data_distribution_for_SVM/test/8/de65a1b4-bd9d-4b9a-a0a1-4e74b2bb0e53.JPG,corn rust,corn gray leaf spot,0.09637406468391418
datasets/plantvillage/data_distribution_for_SVM/test/25/edd55977-bad3-4034-a5aa-e3d65d65a413.JPG,squash powdery mildew,squash powdery mildew,0.08892036974430084
datasets/plantvillage/data_distribution_for_SVM/test/28/4aec7a11-8aa4-4618-b729-a842cfe8b033.JPG,tomato bacterial leaf spot,apple black rot,0.0731964111328125
datasets/plantvillage/data_distribution_for_SVM/test/9/9c45ba24-4185-41ec-9d72-44b7d026372c.JPG,corn northern leaf blight,corn rust,0.08362220972776413
datasets/plantvillage/data_distribution_for_SVM/test/25/0f32a021-9ba0-40cc-8ddb-8d80e62a2e41.JPG,squash powdery mildew,squash powdery mildew,0.08738484978675842
datasets/plantvillage/data_distribution_for_SVM/test/30/184b332d-329e-4c7e-b6e5-1fefe70df989.JPG,tomato late blight,potato early blight,0.07853861898183823
datasets/plantvillage/data_distribution_for_SVM/test/20/ebafb94e-0999-4e8f-88e7-32ab597c55d2.JPG,potato early blight,potato early blight,0.07881700992584229
datasets/plantvillage/data_distribution_for_SVM/test/0/ccd145d1-90e6-4c45-a96d-885baeb9cda5.JPG,apple scab,apple rust,0.07524289190769196
datasets/plantvillage/data_distribution_for_SVM/test/0/118901bc-4caf-4219-a993-d4ba06f3e210.JPG,apple scab,strawberry leaf scorch,0.07291875779628754
datasets/plantvillage/data_distribution_for_SVM/test/28/678be81c-a4f0-4cdc-8960-a4dfe6ac0589.JPG,tomato bacterial leaf spot,apple black rot,0.07523136585950851
datasets/plantvillage/data_distribution_for_SVM/test/25/d5893d5b-1a26-41dc-bf63-da495ab9b098.JPG,squash powdery mildew,squash powdery mildew,0.09090772271156311
datasets/plantvillage/data_distribution_for_SVM/test/11/5872eeeb-3f09-44b7-92d2-876301e5be34.JPG,grape black rot,grape black rot,0.07609793543815613
datasets/plantvillage/data_distribution_for_SVM/test/21/16e42764-9f9d-49fd-bf0a-eb5f25eab243.JPG,potato late blight,potato early blight,0.07210768759250641
datasets/plantvillage/data_distribution_for_SVM/test/29/fe36bcc0-0d8e-4ad7-adcb-b20f03657061.JPG,tomato early blight,tomato late blight,0.08241073042154312
datasets/plantvillage/data_distribution_for_SVM/test/28/a9ef3770-a564-4256-b6b5-56d8f3a56b57.JPG,tomato bacterial leaf spot,potato early blight,0.0762421041727066
datasets/plantvillage/data_distribution_for_SVM/test/26/45b7a354-3793-46c1-899d-d765fe6da15d.JPG,strawberry leaf scorch,strawberry leaf scorch,0.10090228915214539
datasets/plantvillage/data_distribution_for_SVM/test/8/6d12685b-b432-498a-a63e-0113258519a4.JPG,corn rust,corn gray leaf spot,0.12093452364206314
datasets/plantvillage/data_distribution_for_SVM/test/30/221aa9cc-0544-4a95-818a-7955df5c8882.JPG,tomato late blight,potato late blight,0.07347359508275986
datasets/plantvillage/data_distribution_for_SVM/test/25/9d84b7be-425d-44d7-95dc-c33036d2469e.JPG,squash powdery mildew,squash powdery mildew,0.0790335088968277
datasets/plantvillage/data_distribution_for_SVM/test/21/18972549-ceae-43b1-820b-cd7c5d365d38.JPG,potato late blight,apple black rot,0.08108624070882797
datasets/plantvillage/data_distribution_for_SVM/test/30/c50c1886-77e8-4cd2-b0df-0f3ee72caf77.JPG,tomato late blight,tomato late blight,0.0777977705001831
datasets/plantvillage/data_distribution_for_SVM/test/9/fab78cd5-ad7b-49c6-aded-d95cf353e4af.JPG,corn northern leaf blight,corn gray leaf spot,0.14496386051177979
datasets/plantvillage/data_distribution_for_SVM/test/25/832a140a-2a97-406c-9d74-b1385c4116d6.JPG,squash powdery mildew,squash powdery mildew,0.08529386669397354
datasets/plantvillage/data_distribution_for_SVM/test/29/a303c308-ff4d-49af-9e1f-6efdf95522f6.JPG,tomato early blight,corn gray leaf spot,0.07265037298202515
datasets/plantvillage/data_distribution_for_SVM/test/29/f32a34ad-458f-4b6b-ba62-44a779c6fa22.JPG,tomato early blight,potato early blight,0.09228819608688354
datasets/plantvillage/data_distribution_for_SVM/test/9/f14c27ff-2c55-4e9d-ada2-7161825add3f.JPG,corn northern leaf blight,corn gray leaf spot,0.1384267657995224
datasets/plantvillage/data_distribution_for_SVM/test/1/568162e5-8f55-42ff-9ca6-b6dd4986a3d1.JPG,apple black rot,apple black rot,0.10607326030731201
datasets/plantvillage/data_distribution_for_SVM/test/26/fd66fdc7-bbfe-4887-a93a-7e6cc4582627.JPG,strawberry leaf scorch,strawberry leaf scorch,0.10124809294939041
datasets/plantvillage/data_distribution_for_SVM/test/20/471c4719-faf5-4d43-8e54-c919297efb01.JPG,potato early blight,apple black rot,0.0724748820066452
datasets/plantvillage/data_distribution_for_SVM/test/25/4ba7c3e7-c6a1-4d85-8612-c7270bd88bcb.JPG,squash powdery mildew,squash powdery mildew,0.07394060492515564
datasets/plantvillage/data_distribution_for_SVM/test/20/d1ea6a31-ad73-464a-9034-e35409ba7204.JPG,potato early blight,strawberry leaf scorch,0.07743939757347107
datasets/plantvillage/data_distribution_for_SVM/test/9/659bb1ab-3b06-4a20-9c6b-de616896bc6d.JPG,corn northern leaf blight,corn gray leaf spot,0.0876924991607666
datasets/plantvillage/data_distribution_for_SVM/test/29/d2f4837b-6d28-44cc-b2a0-c00ed3795c85.JPG,tomato early blight,potato early blight,0.0763111338019371
datasets/plantvillage/data_distribution_for_SVM/test/8/f6c0a419-e977-4a4c-a3c7-f6446ff57d62.JPG,corn rust,corn rust,0.10413522273302078
datasets/plantvillage/data_distribution_for_SVM/test/26/cd0958f8-ce24-4805-8e73-d218120c54ff.JPG,strawberry leaf scorch,strawberry leaf scorch,0.07911045104265213
datasets/plantvillage/data_distribution_for_SVM/test/9/738f1f03-efb1-4dd3-b791-020bcecccf97.JPG,corn northern leaf blight,corn gray leaf spot,0.10235773026943207
datasets/plantvillage/data_distribution_for_SVM/test/26/76ab76f8-395e-482e-9b33-cc3f937f9120.JPG,strawberry leaf scorch,strawberry leaf scorch,0.0877092108130455
datasets/plantvillage/data_distribution_for_SVM/test/21/43546b8e-f942-4dde-9078-e325a0c6f321.JPG,potato late blight,potato late blight,0.07830579578876495
datasets/plantvillage/data_distribution_for_SVM/test/9/96b253b7-6006-49b9-9d50-b37cc7239601.JPG,corn northern leaf blight,corn gray leaf spot,0.16066637635231018
datasets/plantvillage/data_distribution_for_SVM/test/11/abbc9fce-b683-403f-be2e-a766a5f5a6e7.JPG,grape black rot,grape black rot,0.07240214943885803
datasets/plantvillage/data_distribution_for_SVM/test/25/6bba9274-b8cf-45b2-9147-5128ea0dd90c.JPG,squash powdery mildew,squash powdery mildew,0.07745402306318283
datasets/plantvillage/data_distribution_for_SVM/test/9/25afd2f3-2f27-46ef-b9ed-8203557d3667.JPG,corn northern leaf blight,corn gray leaf spot,0.12622278928756714
datasets/plantvillage/data_distribution_for_SVM/test/30/1d996110-5e29-4a94-9434-b71871c30863.JPG,tomato late blight,potato late blight,0.07834810763597488
datasets/plantvillage/data_distribution_for_SVM/test/1/9b07e4ba-89f4-4081-b233-3db8beb3d25f.JPG,apple black rot,apple black rot,0.10561927407979965
datasets/plantvillage/data_distribution_for_SVM/test/21/85f0dff4-e6b5-4dca-b78f-87ac22ec4f53.JPG,potato late blight,potato late blight,0.08827576786279678
datasets/plantvillage/data_distribution_for_SVM/test/8/7d70fdc4-7d18-4e60-9b66-4b26824efd9e.JPG,corn rust,corn gray leaf spot,0.09039708226919174
datasets/plantvillage/data_distribution_for_SVM/test/25/48c7af23-af3e-4d16-bc73-b6f3a33254e8.JPG,squash powdery mildew,corn gray leaf spot,0.07357887178659439
datasets/plantvillage/data_distribution_for_SVM/test/7/81706014-94d8-450b-9720-032832aa9dbb.JPG,corn gray leaf spot,corn gray leaf spot,0.13983799517154694
datasets/plantvillage/data_distribution_for_SVM/test/1/8322b6b7-5c84-46a6-8b8b-b0e6b45fd3b4.JPG,apple black rot,apple black rot,0.14359118044376373
datasets/plantvillage/data_distribution_for_SVM/test/21/8e9cf422-4990-4ead-ab89-86eac5343a88.JPG,potato late blight,apple black rot,0.07438839972019196
datasets/plantvillage/data_distribution_for_SVM/test/26/60e83a12-ed19-471d-adec-074e5ac1eca1.JPG,strawberry leaf scorch,strawberry leaf scorch,0.09416689723730087
datasets/plantvillage/data_distribution_for_SVM/test/21/2c2f2274-8d66-426e-9631-45ae289cd7f9.JPG,potato late blight,apple black rot,0.07702508568763733
datasets/plantvillage/data_distribution_for_SVM/test/25/cfe5ef22-3c80-4614-b885-4611a86989d5.JPG,squash powdery mildew,squash powdery mildew,0.07967878878116608
datasets/plantvillage/data_distribution_for_SVM/test/25/300d548f-a62c-4815-91b4-2f6a870c0a8c.JPG,squash powdery mildew,squash powdery mildew,0.07551910728216171
datasets/plantvillage/data_distribution_for_SVM/test/30/bc3ce76a-ec37-4ec4-8f66-50b98198162b.JPG,tomato late blight,potato early blight,0.07285837829113007
datasets/plantvillage/data_distribution_for_SVM/test/25/10df1d24-ab2c-42b7-a7e6-0dd549bbdd77.JPG,squash powdery mildew,squash powdery mildew,0.08071745187044144
datasets/plantvillage/data_distribution_for_SVM/test/28/b116572c-e087-4175-b362-a8795151cc5b.JPG,tomato bacterial leaf spot,strawberry leaf scorch,0.07653734087944031
datasets/plantvillage/data_distribution_for_SVM/test/28/b9a1bb73-e507-4212-aa41-29405c83b0a4.JPG,tomato bacterial leaf spot,potato early blight,0.07435739785432816
datasets/plantvillage/data_distribution_for_SVM/test/9/8e97a6ff-5896-4668-afeb-697d912bc704.JPG,corn northern leaf blight,corn gray leaf spot,0.16622035205364227
datasets/plantvillage/data_distribution_for_SVM/test/20/077a9edc-ce4a-4b05-8aee-79bc4f64fadc.JPG,potato early blight,potato early blight,0.07282551378011703
datasets/plantvillage/data_distribution_for_SVM/test/9/76870661-3844-4f5b-9503-00673234c285.JPG,corn northern leaf blight,corn gray leaf spot,0.14866633713245392
datasets/plantvillage/data_distribution_for_SVM/test/25/78a95bf0-ec22-4ef2-bec7-1b85a01af3b8.JPG,squash powdery mildew,squash powdery mildew,0.0741177648305893
datasets/plantvillage/data_distribution_for_SVM/test/9/13ab9a46-7966-431b-ba78-8623f077f3cb.JPG,corn northern leaf blight,corn gray leaf spot,0.11464162170886993
datasets/plantvillage/data_distribution_for_SVM/test/8/2dc84446-1edc-4ee3-bc26-499d51b33568.JPG,corn rust,corn gray leaf spot,0.09855297207832336
datasets/plantvillage/data_distribution_for_SVM/test/8/ab2ab972-4d3a-4a8d-93e0-7a506d249106.JPG,corn rust,corn gray leaf spot,0.1491858959197998
datasets/plantvillage/data_distribution_for_SVM/test/30/04e763c9-23e4-4d2b-bdae-7f59ae3833d3.JPG,tomato late blight,tomato late blight,0.07541800290346146
datasets/plantvillage/data_distribution_for_SVM/test/21/48101eab-c53f-483c-a09a-849b171849df.JPG,potato late blight,potato late blight,0.0863652154803276
datasets/plantvillage/data_distribution_for_SVM/test/25/3090cb55-fb9c-4b24-a163-20b66fd3ead3.JPG,squash powdery mildew,corn gray leaf spot,0.07350960373878479
datasets/plantvillage/data_distribution_for_SVM/test/25/f164755b-617a-419e-ad40-512a5c00650e.JPG,squash powdery mildew,apple black rot,0.0726013109087944
datasets/plantvillage/data_distribution_for_SVM/test/2/eb3b44e9-5c19-4c42-b570-056dd9c9ea30.JPG,apple rust,apple rust,0.07369156181812286
datasets/plantvillage/data_distribution_for_SVM/test/30/2b4bfa77-1067-46d7-b553-d5f066e2b57c.JPG,tomato late blight,tomato late blight,0.07271374017000198
datasets/plantvillage/data_distribution_for_SVM/test/11/f227391d-15e2-43d9-a586-b88d5fad1c68.JPG,grape black rot,grape black rot,0.07544319331645966
datasets/plantvillage/data_distribution_for_SVM/test/30/642d3f26-1f2e-4be9-a3a3-2f1449759d05.JPG,tomato late blight,potato late blight,0.07350395619869232
datasets/plantvillage/data_distribution_for_SVM/test/9/c66915c0-225a-40d7-b055-ab5ef18df837.JPG,corn northern leaf blight,corn gray leaf spot,0.11815109848976135
datasets/plantvillage/data_distribution_for_SVM/test/0/bf6bc41b-f82e-4a2a-b08d-00d1044fd1ce.JPG,apple scab,apple black rot,0.0771176815032959
datasets/plantvillage/data_distribution_for_SVM/test/28/0694e646-8fd3-4af3-9416-41023ccd4e75.JPG,tomato bacterial leaf spot,potato late blight,0.0732685774564743
datasets/plantvillage/data_distribution_for_SVM/test/30/d0d3fa23-bb36-4099-bc23-df68f58b4802.JPG,tomato late blight,tomato late blight,0.07321573793888092
datasets/plantvillage/data_distribution_for_SVM/test/0/9bd1cea7-a2ba-49f6-aefb-6d940c2eda8a.JPG,apple scab,apple black rot,0.07483792304992676
datasets/plantvillage/data_distribution_for_SVM/test/26/e5ec73b6-c03c-44c2-b287-2df905b40d7a.JPG,strawberry leaf scorch,strawberry leaf scorch,0.08183112740516663
datasets/plantvillage/data_distribution_for_SVM/test/29/bea225d3-e4cf-4d7c-822b-0894216813d6.JPG,tomato early blight,potato early blight,0.07568960636854172
datasets/plantvillage/data_distribution_for_SVM/test/25/533b7e03-228e-4b02-8a54-a16ae3e7270f.JPG,squash powdery mildew,squash powdery mildew,0.1096288412809372
datasets/plantvillage/data_distribution_for_SVM/test/8/aa9f488d-be40-4fc1-990e-a0a9db0c922b.JPG,corn rust,corn gray leaf spot,0.1579984575510025
datasets/plantvillage/data_distribution_for_SVM/test/25/44549b72-8deb-4171-9023-52c914d5af44.JPG,squash powdery mildew,squash powdery mildew,0.08622755855321884
datasets/plantvillage/data_distribution_for_SVM/test/29/22888c6e-4785-4746-a6bb-70281b2b40e3.JPG,tomato early blight,potato early blight,0.07580510526895523
datasets/plantvillage/data_distribution_for_SVM/test/20/ea316374-d913-4319-88e5-43c2d9aa1458.JPG,potato early blight,strawberry leaf scorch,0.07933349907398224
datasets/plantvillage/data_distribution_for_SVM/test/25/e3c90743-59c8-40a6-bfea-fe38fecc83e0.JPG,squash powdery mildew,squash powdery mildew,0.08754293620586395
datasets/plantvillage/data_distribution_for_SVM/test/28/7ffc8876-3168-4a7d-9be2-a361b1196d39.JPG,tomato bacterial leaf spot,apple black rot,0.07766558974981308
datasets/plantvillage/data_distribution_for_SVM/test/29/fa3e1b73-c8b6-435a-abb3-d17069336589.JPG,tomato early blight,potato early blight,0.07298893481492996
datasets/plantvillage/data_distribution_for_SVM/test/30/6a450c9f-6318-4ab7-ac82-e2fa5c3a6348.JPG,tomato late blight,potato late blight,0.07310745865106583
datasets/plantvillage/data_distribution_for_SVM/test/21/84519682-5d59-4ab0-a23a-6bd6ded2b7a4.JPG,potato late blight,potato early blight,0.07515547424554825
datasets/plantvillage/data_distribution_for_SVM/test/25/471de075-b8ad-40d5-8711-b94cd286a614.JPG,squash powdery mildew,squash powdery mildew,0.08812582492828369
datasets/plantvillage/data_distribution_for_SVM/test/29/30286b7a-883a-4ab1-b6b3-e7e886cc0b06.JPG,tomato early blight,potato early blight,0.08391726016998291
datasets/plantvillage/data_distribution_for_SVM/test/11/59870f28-35ec-49e4-8b34-7d9686b82563.JPG,grape black rot,grape black rot,0.0768122747540474
datasets/plantvillage/data_distribution_for_SVM/test/26/70c815fb-0ef7-4c41-9967-2bb30382d59c.JPG,strawberry leaf scorch,strawberry leaf scorch,0.11899944394826889
datasets/plantvillage/data_distribution_for_SVM/test/28/23a18469-4533-4635-bcea-c44800a26cee.JPG,tomato bacterial leaf spot,strawberry leaf scorch,0.07193109393119812
datasets/plantvillage/data_distribution_for_SVM/test/29/c414f8fa-bddf-420a-a4e4-63c544bec797.JPG,tomato early blight,potato early blight,0.07210780680179596
datasets/plantvillage/data_distribution_for_SVM/test/26/2e5c2572-5000-4508-b8e6-2738637b1d02.JPG,strawberry leaf scorch,squash powdery mildew,0.07638916373252869
datasets/plantvillage/data_distribution_for_SVM/test/11/49011072-bf36-42be-be63-8900fde330d2.JPG,grape black rot,grape black rot,0.07703997939825058
datasets/plantvillage/data_distribution_for_SVM/test/29/bf7569a3-cb63-4cbb-b94c-272cac2b0ee3.JPG,tomato early blight,potato early blight,0.07247147709131241
datasets/plantvillage/data_distribution_for_SVM/test/30/9ae17979-d63a-4a92-9129-a43986ed11a6.JPG,tomato late blight,apple black rot,0.07801833003759384
datasets/plantvillage/data_distribution_for_SVM/test/28/102f31c9-9e7e-4d79-afc9-bdeb2d2c3409.JPG,tomato bacterial leaf spot,apple black rot,0.08058368414640427
datasets/plantvillage/data_distribution_for_SVM/test/26/b336d807-4831-4208-99ab-2b483499b49f.JPG,strawberry leaf scorch,strawberry leaf scorch,0.1163795217871666
datasets/plantvillage/data_distribution_for_SVM/test/9/ad8ac893-c7f7-414e-9722-ed056b1e9001.JPG,corn northern leaf blight,corn gray leaf spot,0.1449642777442932
datasets/plantvillage/data_distribution_for_SVM/test/30/3e633d20-f33d-482d-8ac9-c2b62d118a53.JPG,tomato late blight,potato late blight,0.07724983990192413
datasets/plantvillage/data_distribution_for_SVM/test/8/d8ed3fa3-8b67-4999-a999-88cf61e74e4a.JPG,corn rust,corn gray leaf spot,0.07946496456861496
datasets/plantvillage/data_distribution_for_SVM/test/26/6c1e82a8-de17-42ec-a55a-8b9e8ddeea01.JPG,strawberry leaf scorch,strawberry leaf scorch,0.10797133296728134
datasets/plantvillage/data_distribution_for_SVM/test/8/a363597b-85e4-49b3-bcee-6a045c857ca1.JPG,corn rust,corn gray leaf spot,0.12132888287305832
datasets/plantvillage/data_distribution_for_SVM/test/28/ea080dc6-a279-469f-9954-5724137261d9.JPG,tomato bacterial leaf spot,apple black rot,0.07940932363271713
datasets/plantvillage/data_distribution_for_SVM/test/8/d361fa2c-c8ae-4388-9c5b-48abddd02d63.JPG,corn rust,corn gray leaf spot,0.11156518757343292
datasets/plantvillage/data_distribution_for_SVM/test/28/de83a548-dfb8-402f-aa94-e5ed9aec5c86.JPG,tomato bacterial leaf spot,potato early blight,0.07258874922990799
datasets/plantvillage/data_distribution_for_SVM/test/1/93371a3f-d856-43a2-b6ff-09f358411011.JPG,apple black rot,apple black rot,0.08836023509502411
datasets/plantvillage/data_distribution_for_SVM/test/9/c29a2daa-ee21-43ba-a687-0bbbd78d6aaa.JPG,corn northern leaf blight,corn gray leaf spot,0.1373169869184494
datasets/plantvillage/data_distribution_for_SVM/test/30/f703760b-0795-41ee-8dbc-85f358ccadae.JPG,tomato late blight,tomato late blight,0.07582293450832367
datasets/plantvillage/data_distribution_for_SVM/test/9/ce9f2f22-bc79-4975-8e31-9397036716a5.JPG,corn northern leaf blight,corn gray leaf spot,0.13434122502803802
datasets/plantvillage/data_distribution_for_SVM/test/26/6ca64152-5d10-491c-803f-530f5e4e391f.JPG,strawberry leaf scorch,strawberry leaf scorch,0.11339765787124634
datasets/plantvillage/data_distribution_for_SVM/test/9/69cef28a-6ae4-40c7-9bf4-e1208313099d.JPG,corn northern leaf blight,corn northern leaf blight,0.0853804349899292
datasets/plantvillage/data_distribution_for_SVM/test/0/c1c8307c-2c82-4abd-ab18-ae6f3262f779.JPG,apple scab,grape black rot,0.07308369129896164
datasets/plantvillage/data_distribution_for_SVM/test/28/78033257-d12c-40da-a4d6-54fca17f4bdf.JPG,tomato bacterial leaf spot,tomato bacterial leaf spot,0.0727168470621109
datasets/plantvillage/data_distribution_for_SVM/test/8/d676b801-a67a-4fbe-84a6-f28f0ad7b8f8.JPG,corn rust,corn gray leaf spot,0.09888216853141785
datasets/plantvillage/data_distribution_for_SVM/test/30/3e5dd080-ef44-4ecf-95fe-0428e0c19d15.JPG,tomato late blight,tomato late blight,0.08034150302410126
datasets/plantvillage/data_distribution_for_SVM/test/30/59fd6af8-5574-4fcb-8573-887f5915ddaf.JPG,tomato late blight,potato late blight,0.07628215104341507
datasets/plantvillage/data_distribution_for_SVM/test/28/94c5ff31-e618-4289-a348-48ae44fdbac7.JPG,tomato bacterial leaf spot,apple black rot,0.07515383511781693
datasets/plantvillage/data_distribution_for_SVM/test/28/f55f7d05-51a2-46ec-bd02-f24ddd1dde42.JPG,tomato bacterial leaf spot,potato early blight,0.07298633456230164
datasets/plantvillage/data_distribution_for_SVM/test/30/c2f8c64e-c6c5-4d1a-8c73-baa6722f119b.JPG,tomato late blight,apple black rot,0.07327037304639816
datasets/plantvillage/data_distribution_for_SVM/test/28/bb547616-9b64-4fa1-8c7a-8c3a8047f1bd.JPG,tomato bacterial leaf spot,potato early blight,0.07514433562755585
datasets/plantvillage/data_distribution_for_SVM/test/25/430f1c5f-a0b7-4648-ac75-d8edf16f7c5e.JPG,squash powdery mildew,squash powdery mildew,0.10352693498134613
datasets/plantvillage/data_distribution_for_SVM/test/28/92d94a02-9fa4-4750-aecb-5dca7f915476.JPG,tomato bacterial leaf spot,potato late blight,0.0761902779340744
datasets/plantvillage/data_distribution_for_SVM/test/8/719d7de0-5eb1-4d43-bd73-2c57e99b3815.JPG,corn rust,corn gray leaf spot,0.08937441557645798
datasets/plantvillage/data_distribution_for_SVM/test/9/d4d1f163-eed7-46ab-b070-efc217955299.JPG,corn northern leaf blight,corn gray leaf spot,0.10649338364601135
datasets/plantvillage/data_distribution_for_SVM/test/28/f5dddb76-a8f6-48fe-bf74-d4f409fbc85d.JPG,tomato bacterial leaf spot,strawberry leaf scorch,0.07331015914678574
datasets/plantvillage/data_distribution_for_SVM/test/9/75f45942-c99a-4844-a3c5-0a1910ada84a.JPG,corn northern leaf blight,corn gray leaf spot,0.08417338877916336
datasets/plantvillage/data_distribution_for_SVM/test/11/f322727f-e747-4b7e-b96d-5f085783f7ad.JPG,grape black rot,strawberry leaf scorch,0.07696599513292313
datasets/plantvillage/data_distribution_for_SVM/test/11/b5613fdf-c3fa-4271-9a22-1e63ba708012.JPG,grape black rot,grape black rot,0.07586890459060669
datasets/plantvillage/data_distribution_for_SVM/test/26/817a7b5f-79a7-47ed-ba23-8c5cf795796a.JPG,strawberry leaf scorch,strawberry leaf scorch,0.10410372912883759
datasets/plantvillage/data_distribution_for_SVM/test/28/86367566-299f-405a-8f6b-2d5e8ca7ef2e.JPG,tomato bacterial leaf spot,potato early blight,0.07710962742567062
datasets/plantvillage/data_distribution_for_SVM/test/25/5cfb2e0f-02bb-4bf3-81f3-7083075d7143.JPG,squash powdery mildew,squash powdery mildew,0.09385953098535538
datasets/plantvillage/data_distribution_for_SVM/test/28/13c687c3-55b9-4ad5-bc5a-4cae09b1719a.JPG,tomato bacterial leaf spot,potato late blight,0.07318112999200821
datasets/plantvillage/data_distribution_for_SVM/test/21/51117cbb-8afb-4b3b-aeab-bd78d60cc9fc.JPG,potato late blight,apple black rot,0.07657822221517563
datasets/plantvillage/data_distribution_for_SVM/test/11/8ff70d4f-e0e4-4112-9cae-3ca959c0527c.JPG,grape black rot,grape black rot,0.07690318673849106
datasets/plantvillage/data_distribution_for_SVM/test/8/534e157c-deca-4868-9ed5-19b8d2dd7a20.JPG,corn rust,corn gray leaf spot,0.11545310169458389
datasets/plantvillage/data_distribution_for_SVM/test/20/b4031d88-14fd-4f82-b849-a39b238f8c30.JPG,potato early blight,strawberry leaf scorch,0.07408750057220459
datasets/plantvillage/data_distribution_for_SVM/test/28/f83e4675-2c03-4adf-b881-f2d0e6bdf9ac.JPG,tomato bacterial leaf spot,strawberry leaf scorch,0.07719704508781433
datasets/plantvillage/data_distribution_for_SVM/test/1/66a73f14-51cd-4209-857d-788ceb10793b.JPG,apple black rot,apple black rot,0.11698992550373077
datasets/plantvillage/data_distribution_for_SVM/test/28/5eafdef1-15eb-4208-b446-44fae15bf3a0.JPG,tomato bacterial leaf spot,potato early blight,0.0727841779589653
datasets/plantvillage/data_distribution_for_SVM/test/25/6ee8aa00-5d2f-49a8-98ff-a2a02ce4ea8b.JPG,squash powdery mildew,squash powdery mildew,0.08063680678606033
datasets/plantvillage/data_distribution_for_SVM/test/21/62d45822-7934-41d9-8430-dca90a4ddbe8.JPG,potato late blight,potato early blight,0.07356391847133636
datasets/plantvillage/data_distribution_for_SVM/test/28/1870727d-0cb8-4281-9280-87389c4c5819.JPG,tomato bacterial leaf spot,potato early blight,0.07442811131477356
datasets/plantvillage/data_distribution_for_SVM/test/20/4dc764a9-b6df-4c52-9cc3-80ee28e36323.JPG,potato early blight,potato early blight,0.09048064798116684
datasets/plantvillage/data_distribution_for_SVM/test/9/ff63f0a5-968e-4a74-9bc7-526328d22d12.JPG,corn northern leaf blight,corn gray leaf spot,0.11261610686779022
datasets/plantvillage/data_distribution_for_SVM/test/9/97ff18a4-dcaa-44bd-b9a2-6ecc1c6cad97.JPG,corn northern leaf blight,corn gray leaf spot,0.12915712594985962
datasets/plantvillage/data_distribution_for_SVM/test/20/a844898e-43b8-442f-a97f-faaa9e7c99c8.JPG,potato early blight,strawberry leaf scorch,0.07463396340608597
datasets/plantvillage/data_distribution_for_SVM/test/7/d9428522-11ff-4390-9141-32b73fad2e67.JPG,corn gray leaf spot,corn gray leaf spot,0.16275815665721893
datasets/plantvillage/data_distribution_for_SVM/test/0/d49aa640-9bb2-4649-acc0-f37563b8797c.JPG,apple scab,apple black rot,0.07953288406133652
datasets/plantvillage/data_distribution_for_SVM/test/8/2c0ae12f-043a-43fc-8c74-432ce2553f22.JPG,corn rust,corn gray leaf spot,0.11932234466075897
datasets/plantvillage/data_distribution_for_SVM/test/26/4c9db7a5-0f71-49da-b181-7d43d15ebf06.JPG,strawberry leaf scorch,strawberry leaf scorch,0.07884181290864944
datasets/plantvillage/data_distribution_for_SVM/test/9/327895ed-abba-4f7f-b9fc-b141196d8879.JPG,corn northern leaf blight,corn gray leaf spot,0.11222188919782639
datasets/plantvillage/data_distribution_for_SVM/test/9/ce3d1612-dcfb-48f5-ade3-e7c42e9f076f.JPG,corn northern leaf blight,corn gray leaf spot,0.1370597928762436
datasets/plantvillage/data_distribution_for_SVM/test/2/639fbf35-900a-4153-9cca-a97403991a53.JPG,apple rust,apple black rot,0.07811924815177917
datasets/plantvillage/data_distribution_for_SVM/test/28/9effdf54-da02-4668-8604-4939e52712a8.JPG,tomato bacterial leaf spot,strawberry leaf scorch,0.073870949447155
datasets/plantvillage/data_distribution_for_SVM/test/9/3e886a98-6b43-4305-912d-c8cf7c1b8b3d.JPG,corn northern leaf blight,corn gray leaf spot,0.13616803288459778
datasets/plantvillage/data_distribution_for_SVM/test/2/b54832e4-e54e-45a3-8840-119817c6ff0f.JPG,apple rust,apple black rot,0.0736766904592514
datasets/plantvillage/data_distribution_for_SVM/test/0/091b0712-be85-46f4-8c36-65bff8e2d8b0.JPG,apple scab,apple rust,0.07626921683549881
datasets/plantvillage/data_distribution_for_SVM/test/25/d4925b12-b3a0-49f3-adac-365abb209d84.JPG,squash powdery mildew,squash powdery mildew,0.07505997270345688
datasets/plantvillage/data_distribution_for_SVM/test/25/497926c4-ce7a-4cb9-8a4c-f1a30a85d9e6.JPG,squash powdery mildew,squash powdery mildew,0.0761122852563858
datasets/plantvillage/data_distribution_for_SVM/test/11/172e86b0-8eb8-4b7d-bfab-626419234a55.JPG,grape black rot,grape black rot,0.07590459287166595
datasets/plantvillage/data_distribution_for_SVM/test/1/d6a6201e-705f-4ef1-8851-b77fe718c048.JPG,apple black rot,apple black rot,0.11847419291734695
datasets/plantvillage/data_distribution_for_SVM/test/26/36676913-43b0-456a-a6b2-8ee0f50edb3a.JPG,strawberry leaf scorch,strawberry leaf scorch,0.08233746886253357
datasets/plantvillage/data_distribution_for_SVM/test/20/2a9ad8c7-96cf-43b0-955c-75719f9334b3.JPG,potato early blight,potato early blight,0.0729110911488533
datasets/plantvillage/data_distribution_for_SVM/test/25/d82fdb88-bf83-4abc-941a-3927ba2977cb.JPG,squash powdery mildew,squash powdery mildew,0.073455311357975
datasets/plantvillage/data_distribution_for_SVM/test/26/96b6199c-2cd0-4bf3-99e6-759d377f9c33.JPG,strawberry leaf scorch,strawberry leaf scorch,0.0866180807352066
datasets/plantvillage/data_distribution_for_SVM/test/8/38b38bb7-65da-49cb-badd-acec2dd54d54.JPG,corn rust,corn gray leaf spot,0.09884633123874664
datasets/plantvillage/data_distribution_for_SVM/test/28/2434c178-afb2-4fbd-8a49-d128f9437c6c.JPG,tomato bacterial leaf spot,apple black rot,0.08200185000896454
datasets/plantvillage/data_distribution_for_SVM/test/8/48659ba2-38f3-460e-a283-2130c59aee1a.JPG,corn rust,corn gray leaf spot,0.12204737216234207
datasets/plantvillage/data_distribution_for_SVM/test/21/b5b05660-1900-4bf7-87bc-f551a427f9ba.JPG,potato late blight,potato early blight,0.07835160195827484
datasets/plantvillage/data_distribution_for_SVM/test/30/82885a9b-6518-4e90-bb48-54ce19d535a4.JPG,tomato late blight,apple black rot,0.07321003824472427
datasets/plantvillage/data_distribution_for_SVM/test/25/fda7d22f-db6b-42c6-9697-d78e51d980a2.JPG,squash powdery mildew,squash powdery mildew,0.0802466943860054
datasets/plantvillage/data_distribution_for_SVM/test/8/3b6bdbcd-25a7-4871-b4da-877e40c6d0c5.JPG,corn rust,corn gray leaf spot,0.09285969287157059
datasets/plantvillage/data_distribution_for_SVM/test/9/ff7def81-79a6-48b3-85f7-a026f976748c.JPG,corn northern leaf blight,corn gray leaf spot,0.11317035555839539
datasets/plantvillage/data_distribution_for_SVM/test/25/4f49647c-3281-442f-978c-4a23b00bad0d.JPG,squash powdery mildew,squash powdery mildew,0.08543755114078522
datasets/plantvillage/data_distribution_for_SVM/test/30/edf7a1f4-7d74-4a26-bd1d-d4839d3390e5.JPG,tomato late blight,tomato late blight,0.07284846156835556
datasets/plantvillage/data_distribution_for_SVM/test/1/43b7d69d-e63b-4fd9-a160-d3b6a54334db.JPG,apple black rot,apple black rot,0.0877019613981247
datasets/plantvillage/data_distribution_for_SVM/test/28/97f87f68-e46f-4c00-acc2-000961a592db.JPG,tomato bacterial leaf spot,strawberry leaf scorch,0.10201945900917053
datasets/plantvillage/data_distribution_for_SVM/test/0/bb6e465d-c39f-4ff3-ac86-c96f7ed778ac.JPG,apple scab,tomato late blight,0.07549726217985153
datasets/plantvillage/data_distribution_for_SVM/test/28/f2adb850-2fe5-4695-9f84-f5044c2a3fec.JPG,tomato bacterial leaf spot,apple black rot,0.07420451194047928
datasets/plantvillage/data_distribution_for_SVM/test/21/69d63ca2-5696-4034-a53d-e1a51cfe2289.JPG,potato late blight,potato early blight,0.07263286411762238
datasets/plantvillage/data_distribution_for_SVM/test/25/7be6c762-b01f-493a-b767-87ef40e27f8f.JPG,squash powdery mildew,squash powdery mildew,0.07799746841192245
datasets/plantvillage/data_distribution_for_SVM/test/30/e9509cae-5764-48e8-b3e1-4a639092708c.JPG,tomato late blight,strawberry leaf scorch,0.07316553592681885
datasets/plantvillage/data_distribution_for_SVM/test/8/9505abd6-57da-44d9-965f-d578a4ad4c69.JPG,corn rust,corn gray leaf spot,0.07467155158519745
datasets/plantvillage/data_distribution_for_SVM/test/28/6c724cb4-2c10-46e7-8d71-22d49b9a527e.JPG,tomato bacterial leaf spot,corn gray leaf spot,0.07251527905464172
datasets/plantvillage/data_distribution_for_SVM/test/21/277b4fd6-885b-4708-9106-8d3f4ee2abce.JPG,potato late blight,potato early blight,0.07404138892889023
datasets/plantvillage/data_distribution_for_SVM/test/30/463bdb85-3232-415b-bf68-05c444165c7c.JPG,tomato late blight,potato early blight,0.08214037120342255
datasets/plantvillage/data_distribution_for_SVM/test/25/75bb512e-4724-4d6b-b854-fe5862e938ce.JPG,squash powdery mildew,squash powdery mildew,0.07288720458745956
datasets/plantvillage/data_distribution_for_SVM/test/26/a5972a1c-2ae2-43b7-9c97-e83f36a0fd65.JPG,strawberry leaf scorch,strawberry leaf scorch,0.07511584460735321
datasets/plantvillage/data_distribution_for_SVM/test/29/3f5f5c8e-7a91-4873-ac0b-9607358e822e.JPG,tomato early blight,apple rust,0.07196809351444244
datasets/plantvillage/data_distribution_for_SVM/test/28/651ec8b2-683e-4bbb-b927-cafb423290fd.JPG,tomato bacterial leaf spot,corn gray leaf spot,0.0725628212094307
datasets/plantvillage/data_distribution_for_SVM/test/0/3ab7eb7d-f38a-47f9-bdac-84c5a6f298d7.JPG,apple scab,apple black rot,0.0743250846862793
datasets/plantvillage/data_distribution_for_SVM/test/9/68269f84-58b9-4e5d-8d78-ddeb5300044b.JPG,corn northern leaf blight,corn northern leaf blight,0.12380469590425491
datasets/plantvillage/data_distribution_for_SVM/test/20/5e3562be-dcb7-4618-be80-73613e307314.JPG,potato early blight,strawberry leaf scorch,0.07298407703638077
datasets/plantvillage/data_distribution_for_SVM/test/20/cfa637e8-0bb1-4fc3-a643-c1cc45fb696d.JPG,potato early blight,potato early blight,0.07409946620464325
datasets/plantvillage/data_distribution_for_SVM/test/28/7afea892-59bf-4c35-9213-b87e86f2f28a.JPG,tomato bacterial leaf spot,strawberry leaf scorch,0.07214601337909698
datasets/plantvillage/data_distribution_for_SVM/test/28/dee9d0c6-2382-4f15-bddb-5c6d9a4fd6d8.JPG,tomato bacterial leaf spot,apple rust,0.07314364612102509
datasets/plantvillage/data_distribution_for_SVM/test/21/9d865a51-40d3-4966-968f-b2171eb8efeb.JPG,potato late blight,potato early blight,0.07518325001001358
datasets/plantvillage/data_distribution_for_SVM/test/30/79f3a708-cb4b-471a-b27c-bdbb3d206d4f.JPG,tomato late blight,tomato late blight,0.07295645773410797
datasets/plantvillage/data_distribution_for_SVM/test/30/f137e5ff-2049-4f7f-9f61-ab8eca309e55.JPG,tomato late blight,strawberry leaf scorch,0.07534381747245789
datasets/plantvillage/data_distribution_for_SVM/test/25/112e7301-1ca6-4820-8b9a-fccff5212214.JPG,squash powdery mildew,potato late blight,0.07295221835374832
datasets/plantvillage/data_distribution_for_SVM/test/7/4c9dd3cf-4a69-4843-b5cb-3c6103b63ddf.JPG,corn gray leaf spot,corn gray leaf spot,0.15640082955360413
datasets/plantvillage/data_distribution_for_SVM/test/20/b0c4bae5-6a47-470d-becd-7771e5d02a7b.JPG,potato early blight,strawberry leaf scorch,0.07844366133213043
datasets/plantvillage/data_distribution_for_SVM/test/9/fc18a239-771e-474d-8466-6107af15ccc5.JPG,corn northern leaf blight,corn gray leaf spot,0.13132674992084503
datasets/plantvillage/data_distribution_for_SVM/test/8/4411e2db-89a2-4d05-9136-ee9737f65805.JPG,corn rust,corn rust,0.10887494683265686
datasets/plantvillage/data_distribution_for_SVM/test/0/73359a28-949a-4ad5-bb17-bfa99b9f9b41.JPG,apple scab,apple black rot,0.08195877820253372
datasets/plantvillage/data_distribution_for_SVM/test/21/9e083c1c-be5a-458b-b5c4-40bb98f4dcc0.JPG,potato late blight,potato early blight,0.07550724595785141
datasets/plantvillage/data_distribution_for_SVM/test/26/d5196ec6-2ca8-46c4-95b7-2b22be3a335c.JPG,strawberry leaf scorch,strawberry leaf scorch,0.13952404260635376
datasets/plantvillage/data_distribution_for_SVM/test/28/d5b37037-81f2-45cd-8ff5-f103fd19793a.JPG,tomato bacterial leaf spot,apple black rot,0.07432110607624054
datasets/plantvillage/data_distribution_for_SVM/test/11/62cf538f-3fad-44e4-8f90-a4900770e4e6.JPG,grape black rot,grape black rot,0.07999321073293686
datasets/plantvillage/data_distribution_for_SVM/test/20/f044d106-2ce3-478f-91d1-842eb02b627c.JPG,potato early blight,potato early blight,0.07449016720056534
datasets/plantvillage/data_distribution_for_SVM/test/7/6ab8a85b-1f6b-4628-9e64-c5f02d188aca.JPG,corn gray leaf spot,corn gray leaf spot,0.0907452255487442
datasets/plantvillage/data_distribution_for_SVM/test/20/a71aac7a-7e6e-4d50-a1e1-63557d0c506a.JPG,potato early blight,potato early blight,0.07839629799127579
datasets/plantvillage/data_distribution_for_SVM/test/9/8df6ec7f-a9f8-48c9-93d8-b75ecac0a343.JPG,corn northern leaf blight,corn rust,0.12436115741729736
datasets/plantvillage/data_distribution_for_SVM/test/25/3976b7a8-b18d-44fa-b51e-d6ac87603720.JPG,squash powdery mildew,squash powdery mildew,0.08212119340896606
datasets/plantvillage/data_distribution_for_SVM/test/28/19e00911-024a-4ae6-870e-10db5731c205.JPG,tomato bacterial leaf spot,apple black rot,0.07453722506761551
datasets/plantvillage/data_distribution_for_SVM/test/26/f4c89674-ca08-475e-b056-6542c2c02239.JPG,strawberry leaf scorch,strawberry leaf scorch,0.10319362580776215
datasets/plantvillage/data_distribution_for_SVM/test/28/2e3acf7a-a60e-44eb-b798-22daefa9be36.JPG,tomato bacterial leaf spot,apple black rot,0.07394754141569138
datasets/plantvillage/data_distribution_for_SVM/test/30/c5d7d929-750b-43cf-8d5f-e6602c1acd50.JPG,tomato late blight,potato early blight,0.07908334583044052
datasets/plantvillage/data_distribution_for_SVM/test/29/7ca19f95-6063-415a-833f-8ca40ba25391.JPG,tomato early blight,potato early blight,0.07581960409879684
datasets/plantvillage/data_distribution_for_SVM/test/20/f497f4bd-4bd1-4000-b518-2c3a97ccdcee.JPG,potato early blight,potato early blight,0.07395602017641068
datasets/plantvillage/data_distribution_for_SVM/test/30/2862df40-1095-4c13-b886-b8a22f423ee7.JPG,tomato late blight,tomato late blight,0.07258899509906769
datasets/plantvillage/data_distribution_for_SVM/test/8/52ca6601-40dc-4e59-9085-11ebe7190c35.JPG,corn rust,corn gray leaf spot,0.07946166396141052
datasets/plantvillage/data_distribution_for_SVM/test/20/d0bc61e1-48c8-4d31-a8b2-517238320195.JPG,potato early blight,strawberry leaf scorch,0.07631947845220566
datasets/plantvillage/data_distribution_for_SVM/test/8/c99a66b7-cd74-4f13-b734-56580f7c553c.JPG,corn rust,corn gray leaf spot,0.08869397640228271
datasets/plantvillage/data_distribution_for_SVM/test/28/3cfde415-7f9c-4267-bacd-fd588bece49f.JPG,tomato bacterial leaf spot,strawberry leaf scorch,0.07534845173358917
datasets/plantvillage/data_distribution_for_SVM/test/26/58f3dc78-f9b7-4b45-a0c9-570a8d33259d.JPG,strawberry leaf scorch,strawberry leaf scorch,0.1525890976190567
datasets/plantvillage/data_distribution_for_SVM/test/29/635b4ee5-3658-42a9-9853-2d6b6b0eb854.JPG,tomato early blight,potato late blight,0.07303637266159058
datasets/plantvillage/data_distribution_for_SVM/test/29/178c6b04-4a85-477f-8214-3c49e3f22be1.JPG,tomato early blight,tomato late blight,0.07470478117465973
datasets/plantvillage/data_distribution_for_SVM/test/28/05c943c1-0c35-42cc-9551-660e108a4a06.JPG,tomato bacterial leaf spot,strawberry leaf scorch,0.07687996327877045
datasets/plantvillage/data_distribution_for_SVM/test/20/9d23182e-b5ed-4fea-8d04-e870ec7d6f59.JPG,potato early blight,strawberry leaf scorch,0.07400059700012207
datasets/plantvillage/data_distribution_for_SVM/test/26/2989645b-daff-4fb7-9e38-9c635e0045b8.JPG,strawberry leaf scorch,strawberry leaf scorch,0.09550612419843674
datasets/plantvillage/data_distribution_for_SVM/test/28/648f7983-a824-4c25-abd4-62b5452005ff.JPG,tomato bacterial leaf spot,strawberry leaf scorch,0.07475898414850235
datasets/plantvillage/data_distribution_for_SVM/test/21/5c279016-a6e5-4174-b76a-af76a7fda30e.JPG,potato late blight,strawberry leaf scorch,0.07226356118917465
datasets/plantvillage/data_distribution_for_SVM/test/25/3bd32584-79ec-4f2f-858f-02bc44ebe02d.JPG,squash powdery mildew,squash powdery mildew,0.08337549865245819
datasets/plantvillage/data_distribution_for_SVM/test/25/1982c35e-a81b-497f-9213-e986388d82df.JPG,squash powdery mildew,squash powdery mildew,0.07733525335788727
datasets/plantvillage/data_distribution_for_SVM/test/30/bf22c15a-656d-4586-bf1e-27db160bc3eb.JPG,tomato late blight,potato late blight,0.07649397850036621
datasets/plantvillage/data_distribution_for_SVM/test/30/be3bf55e-cf03-4b07-9912-d25e8b1c135d.JPG,tomato late blight,potato early blight,0.07406717538833618
datasets/plantvillage/data_distribution_for_SVM/test/25/5439b4e5-b7c1-425c-a51f-57618a645fcc.JPG,squash powdery mildew,squash powdery mildew,0.07412447780370712
datasets/plantvillage/data_distribution_for_SVM/test/29/03bda449-419a-4a9c-b6ea-3dd294147414.JPG,tomato early blight,potato early blight,0.07514260709285736
datasets/plantvillage/data_distribution_for_SVM/test/8/a9e4c4a4-a015-4ece-804e-9df72c5ef47c.JPG,corn rust,corn gray leaf spot,0.1598557084798813
datasets/plantvillage/data_distribution_for_SVM/test/8/474d04b9-0dce-4a9e-93fa-cdfd31d800da.JPG,corn rust,corn rust,0.09995859116315842
datasets/plantvillage/data_distribution_for_SVM/test/26/cf1b6d16-47f5-4a38-b1b6-1b4a7c5b84b1.JPG,strawberry leaf scorch,strawberry leaf scorch,0.11389847099781036
datasets/plantvillage/data_distribution_for_SVM/test/29/6e61b461-47e6-440a-a00b-ef32e4d9dfbf.JPG,tomato early blight,strawberry leaf scorch,0.07698022574186325
datasets/plantvillage/data_distribution_for_SVM/test/21/4dec113d-8a52-47e2-9f78-8beb0b5cff19.JPG,potato late blight,potato late blight,0.07322491705417633
datasets/plantvillage/data_distribution_for_SVM/test/25/53541c6e-d346-403f-8c70-2d53e270a5fa.JPG,squash powdery mildew,grape black rot,0.07322223484516144
datasets/plantvillage/data_distribution_for_SVM/test/11/2a1f6bc4-613e-4cf9-b80d-fd8a90d05ebf.JPG,grape black rot,grape black rot,0.07306881994009018
datasets/plantvillage/data_distribution_for_SVM/test/0/67db671b-9cc4-47b7-8d28-b6050cebb91f.JPG,apple scab,apple black rot,0.0807083398103714
datasets/plantvillage/data_distribution_for_SVM/test/8/b37d065b-eadd-485c-8998-13549073ede5.JPG,corn rust,corn gray leaf spot,0.136201411485672
datasets/plantvillage/data_distribution_for_SVM/test/28/7f15d469-135c-474b-82c8-173cf4f0583e.JPG,tomato bacterial leaf spot,apple black rot,0.07224848121404648
datasets/plantvillage/data_distribution_for_SVM/test/8/7bd39ddb-779c-48e5-8aca-dd2cd8b72b10.JPG,corn rust,corn rust,0.07323408126831055
datasets/plantvillage/data_distribution_for_SVM/test/8/362e5f71-2f04-48c6-897e-f82a265c61f3.JPG,corn rust,corn gray leaf spot,0.09967221319675446
datasets/plantvillage/data_distribution_for_SVM/test/8/c279fefa-e1ea-4fcd-a785-016217411bb6.JPG,corn rust,corn rust,0.10915930569171906
datasets/plantvillage/data_distribution_for_SVM/test/11/9a0b73ef-c12d-432f-9d9d-25680efa7e0c.JPG,grape black rot,strawberry leaf scorch,0.07453979551792145
datasets/plantvillage/data_distribution_for_SVM/test/30/d3067a5d-96de-405c-ab95-8ff1a1a69a2b.JPG,tomato late blight,apple black rot,0.0730765238404274
datasets/plantvillage/data_distribution_for_SVM/test/28/4b9579d3-adc4-404d-b4ab-81b3310b3b86.JPG,tomato bacterial leaf spot,potato early blight,0.0768446996808052
datasets/plantvillage/data_distribution_for_SVM/test/26/23933243-0470-4f6c-871d-b1db120381f4.JPG,strawberry leaf scorch,strawberry leaf scorch,0.11502551287412643
datasets/plantvillage/data_distribution_for_SVM/test/28/3564e45b-7a4e-46f9-9b53-a880aa4d0724.JPG,tomato bacterial leaf spot,corn gray leaf spot,0.07675150781869888
datasets/plantvillage/data_distribution_for_SVM/test/21/25e821f1-3a42-4449-9c3b-9b068240e3c2.JPG,potato late blight,potato early blight,0.0753953754901886
datasets/plantvillage/data_distribution_for_SVM/test/0/7e4f5cb8-2377-4b82-9e56-51c36ba0f88a.JPG,apple scab,potato early blight,0.07252312451601028
datasets/plantvillage/data_distribution_for_SVM/test/29/3f7f78dd-3260-4295-a970-21d042185941.JPG,tomato early blight,potato late blight,0.07603786140680313
datasets/plantvillage/data_distribution_for_SVM/test/25/105eedb8-e512-4004-8ecf-fc8570fa51ee.JPG,squash powdery mildew,squash powdery mildew,0.11477971076965332
datasets/plantvillage/data_distribution_for_SVM/test/20/9eb9f2bc-7f14-4654-9ef4-18683bef610e.JPG,potato early blight,potato early blight,0.07604297250509262
datasets/plantvillage/data_distribution_for_SVM/test/28/c370105b-8b46-42d7-800e-d1f5697cd467.JPG,tomato bacterial leaf spot,strawberry leaf scorch,0.07279220223426819
datasets/plantvillage/data_distribution_for_SVM/test/9/89634ba3-8c67-4fbe-8f24-2468f99b56db.JPG,corn northern leaf blight,corn gray leaf spot,0.15159352123737335
datasets/plantvillage/data_distribution_for_SVM/test/9/ff6b6f64-cc33-48b6-a4d8-66dfd7da0620.JPG,corn northern leaf blight,corn gray leaf spot,0.11146028339862823
datasets/plantvillage/data_distribution_for_SVM/test/9/d486a0ab-441c-41ab-933d-afad2f0f5cac.JPG,corn northern leaf blight,corn gray leaf spot,0.07769680768251419
datasets/plantvillage/data_distribution_for_SVM/test/11/cd8de0c7-c15f-4c0d-aa10-2cde9bd8183a.JPG,grape black rot,grape black rot,0.08044075965881348
datasets/plantvillage/data_distribution_for_SVM/test/11/af902d35-7678-45a6-9724-6e0024d086c8.JPG,grape black rot,grape black rot,0.08713122457265854
datasets/plantvillage/data_distribution_for_SVM/test/25/4c5748a5-383a-4d73-8eee-1160b64517b9.JPG,squash powdery mildew,squash powdery mildew,0.0856371745467186
datasets/plantvillage/data_distribution_for_SVM/test/28/2163bd8d-9cc4-4246-bf35-a52f4af590f2.JPG,tomato bacterial leaf spot,potato early blight,0.07435894757509232
datasets/plantvillage/data_distribution_for_SVM/test/21/00775ef7-feb4-4df6-95ab-5947ca73d3b2.JPG,potato late blight,potato early blight,0.08218161016702652
datasets/plantvillage/data_distribution_for_SVM/test/20/1eb3fee3-9e38-4991-848c-b8f0b101335c.JPG,potato early blight,potato late blight,0.07407752424478531
datasets/plantvillage/data_distribution_for_SVM/test/11/cca4880c-ed7d-4b04-9d85-4c1f3d45de4c.JPG,grape black rot,grape black rot,0.07497834414243698
datasets/plantvillage/data_distribution_for_SVM/test/2/e60ae61e-efe2-41d7-b19c-142bf39e31a0.JPG,apple rust,apple black rot,0.08419699966907501
datasets/plantvillage/data_distribution_for_SVM/test/26/284589b3-523a-40a1-9b62-7cc03c711baa.JPG,strawberry leaf scorch,apple scab,0.0735023096203804
datasets/plantvillage/data_distribution_for_SVM/test/0/c91dd513-1372-4a0b-90e5-a7273c34a835.JPG,apple scab,apple black rot,0.08087803423404694
datasets/plantvillage/data_distribution_for_SVM/test/30/fc7f5c0b-1358-4724-8540-1badbd84efe6.JPG,tomato late blight,tomato late blight,0.07390329986810684
datasets/plantvillage/data_distribution_for_SVM/test/30/b77173d6-8561-4ac2-aea1-607d0de583c7.JPG,tomato late blight,corn gray leaf spot,0.07581944018602371
datasets/plantvillage/data_distribution_for_SVM/test/30/54ee3dd4-c4ec-4854-9ec2-46c8d36cbd04.JPG,tomato late blight,potato late blight,0.07377061992883682
datasets/plantvillage/data_distribution_for_SVM/test/28/396e434d-7839-437a-b3f3-70d30dc90b4b.JPG,tomato bacterial leaf spot,strawberry leaf scorch,0.07394706457853317
datasets/plantvillage/data_distribution_for_SVM/test/28/bcef9342-812f-475c-86df-9d325d69bc5d.JPG,tomato bacterial leaf spot,strawberry leaf scorch,0.07246363908052444
datasets/plantvillage/data_distribution_for_SVM/test/21/11c4c306-7407-40e6-bafa-ba42fb564cbf.JPG,potato late blight,corn gray leaf spot,0.07275959104299545
datasets/plantvillage/data_distribution_for_SVM/test/28/dbc4110a-49c2-4435-b5dd-d996eb2a944a.JPG,tomato bacterial leaf spot,apple black rot,0.07292456924915314
datasets/plantvillage/data_distribution_for_SVM/test/26/e17a2177-f71c-41fc-abb3-98200b23d961.JPG,strawberry leaf scorch,strawberry leaf scorch,0.12110519409179688
datasets/plantvillage/data_distribution_for_SVM/test/0/8e24ebcf-a8b4-4178-9ba7-085b9a033094.JPG,apple scab,potato late blight,0.07256358116865158
datasets/plantvillage/data_distribution_for_SVM/test/25/b6defb3f-b2e4-4786-b3e2-c6d68788b0a5.JPG,squash powdery mildew,squash powdery mildew,0.07968861609697342
datasets/plantvillage/data_distribution_for_SVM/test/11/9065e339-4be3-4fcc-b51b-f2e955ead328.JPG,grape black rot,grape black rot,0.07960966229438782
datasets/plantvillage/data_distribution_for_SVM/test/26/b977d4a2-199c-4d1f-b958-5e5d987d4db6.JPG,strawberry leaf scorch,strawberry leaf scorch,0.10818665474653244
datasets/plantvillage/data_distribution_for_SVM/test/8/f3fe9ee5-4022-43e1-a61f-5be08d999b78.JPG,corn rust,corn gray leaf spot,0.1092926636338234
datasets/plantvillage/data_distribution_for_SVM/test/29/9c2fb2b7-e422-41b4-b768-beac4274827b.JPG,tomato early blight,potato late blight,0.07941792905330658
datasets/plantvillage/data_distribution_for_SVM/test/1/d714721c-2d7f-4396-b38a-176f1c87fc71.JPG,apple black rot,apple black rot,0.08023101836442947
datasets/plantvillage/data_distribution_for_SVM/test/28/898086f4-29ab-41c7-983d-d9aabee20a6d.JPG,tomato bacterial leaf spot,potato early blight,0.07455585896968842
datasets/plantvillage/data_distribution_for_SVM/test/11/e8d6ddef-b92b-4eae-8626-35d8d68abf42.JPG,grape black rot,grape black rot,0.07918379455804825
datasets/plantvillage/data_distribution_for_SVM/test/29/e5d48013-baf1-4193-af9c-c6baea192f15.JPG,tomato early blight,strawberry leaf scorch,0.07220080494880676
datasets/plantvillage/data_distribution_for_SVM/test/20/019a9031-2df5-41dd-84ec-4320d8fce211.JPG,potato early blight,potato early blight,0.08445464074611664
datasets/plantvillage/data_distribution_for_SVM/test/21/eef799eb-fde7-4a67-a451-cbc17034728c.JPG,potato late blight,apple black rot,0.07352963835000992
datasets/plantvillage/data_distribution_for_SVM/test/9/18e093fc-8914-494b-8ff9-0f8bf34db6af.JPG,corn northern leaf blight,corn gray leaf spot,0.14704445004463196
datasets/plantvillage/data_distribution_for_SVM/test/30/8acf2341-07b6-4f01-a98c-ccc1286b20f3.JPG,tomato late blight,potato late blight,0.08805695921182632
datasets/plantvillage/data_distribution_for_SVM/test/30/e2e9d861-37ca-48bc-9fb5-db3b5e2050d7.JPG,tomato late blight,potato late blight,0.08043414354324341
datasets/plantvillage/data_distribution_for_SVM/test/11/ff3e066d-1823-4f86-bae5-a7ca23390910.JPG,grape black rot,grape black rot,0.08715314418077469
datasets/plantvillage/data_distribution_for_SVM/test/8/8c6a9f97-37bd-47ee-a0c8-bc0d1969b09a.JPG,corn rust,corn gray leaf spot,0.1264636516571045
datasets/plantvillage/data_distribution_for_SVM/test/25/497d7e3c-3cc9-456a-9a28-3ef3726e3134.JPG,squash powdery mildew,squash powdery mildew,0.07411838322877884
datasets/plantvillage/data_distribution_for_SVM/test/26/2df06466-523d-400a-9348-7865dc71b58c.JPG,strawberry leaf scorch,strawberry leaf scorch,0.09931996464729309
datasets/plantvillage/data_distribution_for_SVM/test/28/7812427e-5ef4-4ade-8702-45d315761332.JPG,tomato bacterial leaf spot,tomato late blight,0.07332681119441986
datasets/plantvillage/data_distribution_for_SVM/test/25/89b25789-4a6a-4aae-8740-801901b28c3e.JPG,squash powdery mildew,squash powdery mildew,0.07195160537958145
datasets/plantvillage/data_distribution_for_SVM/test/20/41794b4d-7527-49bd-8f27-6391115329eb.JPG,potato early blight,potato early blight,0.07689450681209564
datasets/plantvillage/data_distribution_for_SVM/test/8/acdfef9a-048c-4587-a447-a69b87dc7c67.JPG,corn rust,corn gray leaf spot,0.09180120378732681
datasets/plantvillage/data_distribution_for_SVM/test/20/cdb9589f-3f67-479a-afea-d8b1636e3d3a.JPG,potato early blight,apple rust,0.07193200290203094
datasets/plantvillage/data_distribution_for_SVM/test/28/6ed865c5-c590-4ebd-91d6-ee27f9292e0a.JPG,tomato bacterial leaf spot,apple black rot,0.07314269244670868
datasets/plantvillage/data_distribution_for_SVM/test/28/48f89bfb-e6a0-4072-ab45-73847a5cefaf.JPG,tomato bacterial leaf spot,potato early blight,0.07238759100437164
datasets/plantvillage/data_distribution_for_SVM/test/30/c3647fa8-427f-4a46-8885-65d493b47a90.JPG,tomato late blight,tomato late blight,0.0756223127245903
datasets/plantvillage/data_distribution_for_SVM/test/8/5cf4505d-b025-44da-874a-3f3a36d4e845.JPG,corn rust,corn gray leaf spot,0.07770970463752747
datasets/plantvillage/data_distribution_for_SVM/test/8/3f0f5e83-b868-4988-beb7-e515f74cba7d.JPG,corn rust,corn rust,0.08267903327941895
datasets/plantvillage/data_distribution_for_SVM/test/8/4bc11c11-271e-434b-be7a-fb464485df71.JPG,corn rust,strawberry leaf scorch,0.07395760715007782
datasets/plantvillage/data_distribution_for_SVM/test/30/c8ae497f-00a8-4a79-b9f5-b034be09f5b6.JPG,tomato late blight,tomato late blight,0.07310254126787186
datasets/plantvillage/data_distribution_for_SVM/test/9/1c3d73ee-78e9-45df-844c-61126a9ec69b.JPG,corn northern leaf blight,corn gray leaf spot,0.10453473031520844
datasets/plantvillage/data_distribution_for_SVM/test/28/3dbbaae4-6989-4907-800c-3b7cd9ab1568.JPG,tomato bacterial leaf spot,corn gray leaf spot,0.07366763800382614
datasets/plantvillage/data_distribution_for_SVM/test/30/ad17ddb0-f57e-42a1-8ed5-0eabaccb4705.JPG,tomato late blight,potato late blight,0.07771886140108109
datasets/plantvillage/data_distribution_for_SVM/test/29/9719bb72-2f1a-4ba5-8840-e898b750ba45.JPG,tomato early blight,apple black rot,0.07937286049127579
datasets/plantvillage/data_distribution_for_SVM/test/30/0fbffdbc-06c2-4f2b-9400-487258c513d0.JPG,tomato late blight,corn gray leaf spot,0.07363767176866531
datasets/plantvillage/data_distribution_for_SVM/test/25/bcf3b956-1b22-45b2-973f-d69175170dbe.JPG,squash powdery mildew,squash powdery mildew,0.09125472605228424
datasets/plantvillage/data_distribution_for_SVM/test/28/cee11af3-810c-4b94-a77e-fe4167701695.JPG,tomato bacterial leaf spot,apple black rot,0.07356192916631699
datasets/plantvillage/data_distribution_for_SVM/test/9/b6942c9f-f03b-4fc9-b89f-4019a0e83741.JPG,corn northern leaf blight,corn gray leaf spot,0.10054527968168259
datasets/plantvillage/data_distribution_for_SVM/test/20/efb9dba5-949f-457d-85fc-6c4b2d3eb56e.JPG,potato early blight,strawberry leaf scorch,0.07924112677574158
datasets/plantvillage/data_distribution_for_SVM/test/25/bbc0749d-0373-46eb-a1d9-d092bc86431f.JPG,squash powdery mildew,apple rust,0.07239307463169098
datasets/plantvillage/data_distribution_for_SVM/test/30/556b4c51-94f2-429f-9173-f992c13f38cb.JPG,tomato late blight,tomato late blight,0.07611147314310074
datasets/plantvillage/data_distribution_for_SVM/test/25/7046a804-7776-4fb9-b7a6-889ee7f3e2a6.JPG,squash powdery mildew,squash powdery mildew,0.08545339107513428
datasets/plantvillage/data_distribution_for_SVM/test/8/b9d43746-bf35-40e1-81fb-9f168c5546b4.JPG,corn rust,corn gray leaf spot,0.08708681911230087
datasets/plantvillage/data_distribution_for_SVM/test/20/b8b5c544-15b3-49ce-bb1f-82076dcda2bd.JPG,potato early blight,potato early blight,0.07733862102031708
datasets/plantvillage/data_distribution_for_SVM/test/20/86094be2-93a9-4287-80c4-747c3b9f20cf.JPG,potato early blight,strawberry leaf scorch,0.07460163533687592
datasets/plantvillage/data_distribution_for_SVM/test/2/b7b02f02-de42-492f-aee1-bd5fd3f31f7e.JPG,apple rust,apple black rot,0.0805923119187355
datasets/plantvillage/data_distribution_for_SVM/test/26/896ff570-3324-4ff3-b3f6-3aa14f94e630.JPG,strawberry leaf scorch,strawberry leaf scorch,0.14085400104522705
datasets/plantvillage/data_distribution_for_SVM/test/28/f0129897-9475-489d-afa7-7bf0d2979d9e.JPG,tomato bacterial leaf spot,potato early blight,0.0739276334643364
datasets/plantvillage/data_distribution_for_SVM/test/9/65693b20-ea8a-4945-9524-61bd84d2c2a5.JPG,corn northern leaf blight,corn gray leaf spot,0.15769538283348083
datasets/plantvillage/data_distribution_for_SVM/test/26/dc14a74c-5ac3-4247-b6f5-c1264b31a7a7.JPG,strawberry leaf scorch,strawberry leaf scorch,0.10387009382247925
datasets/plantvillage/data_distribution_for_SVM/test/26/aa0abd2b-fe18-4c95-a879-12c819239a20.JPG,strawberry leaf scorch,strawberry leaf scorch,0.13751468062400818
datasets/plantvillage/data_distribution_for_SVM/test/20/b19f549f-9907-4683-8aa1-1954e5305f54.JPG,potato early blight,potato early blight,0.07453996688127518
datasets/plantvillage/data_distribution_for_SVM/test/28/44b1fd75-1c62-4db5-bad5-a4d8284cd7e7.JPG,tomato bacterial leaf spot,potato early blight,0.07507608085870743
datasets/plantvillage/data_distribution_for_SVM/test/21/0cd42de8-7820-4e43-9b67-436ff358d90a.JPG,potato late blight,potato early blight,0.07501046359539032
datasets/plantvillage/data_distribution_for_SVM/test/9/eef7b2a5-2c0e-405a-a87a-3cb492332853.JPG,corn northern leaf blight,corn gray leaf spot,0.16046346724033356
datasets/plantvillage/data_distribution_for_SVM/test/30/78f4c068-5c1a-4b0a-ba62-68c32bb96992.JPG,tomato late blight,tomato bacterial leaf spot,0.07255791872739792
datasets/plantvillage/data_distribution_for_SVM/test/20/919484f2-4455-4fd2-b783-4ef63cc2cd06.JPG,potato early blight,potato early blight,0.08648135513067245
datasets/plantvillage/data_distribution_for_SVM/test/26/0f791321-610d-4502-9f1b-148010cd41a1.JPG,strawberry leaf scorch,apple rust,0.0793934017419815
datasets/plantvillage/data_distribution_for_SVM/test/7/ef54cb47-6f16-4491-856b-e887baea8afe.JPG,corn gray leaf spot,corn gray leaf spot,0.10094906389713287
datasets/plantvillage/data_distribution_for_SVM/test/0/be464cd4-33f0-4531-ba8f-2167f89b6c60.JPG,apple scab,potato late blight,0.07317278534173965
datasets/plantvillage/data_distribution_for_SVM/test/8/5028326f-4909-48a3-b927-be6fac5cc02e.JPG,corn rust,corn gray leaf spot,0.13598768413066864
datasets/plantvillage/data_distribution_for_SVM/test/0/b5e2383e-9208-4579-bce8-9c066678646d.JPG,apple scab,apple rust,0.07420746982097626
datasets/plantvillage/data_distribution_for_SVM/test/28/b6141cdb-c022-4cb1-b9c8-ca6fd1efbad5.JPG,tomato bacterial leaf spot,apple black rot,0.07363071292638779
datasets/plantvillage/data_distribution_for_SVM/test/28/10e6e17e-5d85-4327-9275-5efe1c58c4be.JPG,tomato bacterial leaf spot,tomato late blight,0.07314756512641907
datasets/plantvillage/data_distribution_for_SVM/test/8/00430cc4-4c18-4082-aca1-b3e53ced50d7.JPG,corn rust,corn gray leaf spot,0.08086792379617691
datasets/plantvillage/data_distribution_for_SVM/test/20/1b781416-41a8-475f-ae44-0a555a6c903e.JPG,potato early blight,potato early blight,0.07277614623308182
datasets/plantvillage/data_distribution_for_SVM/test/11/d7b6b0f0-911a-4901-a805-12f7280955e7.JPG,grape black rot,grape black rot,0.077105812728405
datasets/plantvillage/data_distribution_for_SVM/test/26/54597cd1-333a-4cc1-86ae-35cf748a0033.JPG,strawberry leaf scorch,strawberry leaf scorch,0.07458194345235825
datasets/plantvillage/data_distribution_for_SVM/test/8/fae9592b-e2a7-457a-a169-cb4a82f2c090.JPG,corn rust,corn gray leaf spot,0.07663161307573318
datasets/plantvillage/data_distribution_for_SVM/test/8/b220a8f1-22e7-444d-b5ae-4a5341002f67.JPG,corn rust,corn rust,0.07348483055830002
datasets/plantvillage/data_distribution_for_SVM/test/25/501958a1-825a-4014-ae8b-e554b6505a06.JPG,squash powdery mildew,squash powdery mildew,0.07307661324739456
datasets/plantvillage/data_distribution_for_SVM/test/25/53c40c30-ceb4-4e5e-9982-0c6a7bee237c.JPG,squash powdery mildew,squash powdery mildew,0.07323034852743149
datasets/plantvillage/data_distribution_for_SVM/test/11/0fc448b9-5903-4785-a79c-36259dad3a0d.JPG,grape black rot,potato early blight,0.0722443014383316
datasets/plantvillage/data_distribution_for_SVM/test/9/07cffbd4-437e-4306-89bc-8a1b57e6ed1b.JPG,corn northern leaf blight,corn northern leaf blight,0.13886842131614685
datasets/plantvillage/data_distribution_for_SVM/test/9/682d21f4-df25-4602-8b43-7853fc09ec51.JPG,corn northern leaf blight,corn gray leaf spot,0.15837706625461578
datasets/plantvillage/data_distribution_for_SVM/test/8/fa4d5ebc-a970-47a9-91c1-cee69b1662f8.JPG,corn rust,corn rust,0.08143250644207001
datasets/plantvillage/data_distribution_for_SVM/test/30/c6106dc1-60a0-46cf-bb47-9ddace4f37a4.JPG,tomato late blight,potato early blight,0.07937385141849518
datasets/plantvillage/data_distribution_for_SVM/test/30/90886db6-0c97-43f5-93f3-deac26271f10.JPG,tomato late blight,potato late blight,0.07590415328741074
datasets/plantvillage/data_distribution_for_SVM/test/25/c5c32b76-806a-4bec-b3e7-fbde317b8ffa.JPG,squash powdery mildew,squash powdery mildew,0.07958528399467468
datasets/plantvillage/data_distribution_for_SVM/test/7/6301463b-5bc3-40f5-a4d7-654ff07b054c.JPG,corn gray leaf spot,corn gray leaf spot,0.1412281095981598
datasets/plantvillage/data_distribution_for_SVM/test/29/6917a2b2-1ebc-49a6-b1bc-09e626a8689e.JPG,tomato early blight,potato early blight,0.07511749863624573
datasets/plantvillage/data_distribution_for_SVM/test/30/2fe739c9-1417-43a4-93de-1375bb820495.JPG,tomato late blight,tomato early blight,0.0727745071053505
datasets/plantvillage/data_distribution_for_SVM/test/21/5be0393c-dfa5-4169-870c-8a3c1acdceed.JPG,potato late blight,apple black rot,0.07539060711860657
datasets/plantvillage/data_distribution_for_SVM/test/20/d6317507-d043-40af-bdf9-47cebb5e95a4.JPG,potato early blight,strawberry leaf scorch,0.07331006228923798
datasets/plantvillage/data_distribution_for_SVM/test/30/a7a81366-5fc9-4180-921e-375561b1addd.JPG,tomato late blight,potato early blight,0.0725727304816246
datasets/plantvillage/data_distribution_for_SVM/test/26/25bc553d-309c-45f3-a8e8-d69514a96c22.JPG,strawberry leaf scorch,strawberry leaf scorch,0.07329952716827393
datasets/plantvillage/data_distribution_for_SVM/test/11/69c912e8-0908-4145-b55d-ff18b29af06a.JPG,grape black rot,grape black rot,0.09242584556341171
datasets/plantvillage/data_distribution_for_SVM/test/30/258045bc-6053-45f1-9e6d-25e2886382f1.JPG,tomato late blight,tomato late blight,0.07508145272731781
datasets/plantvillage/data_distribution_for_SVM/test/25/dd5906c8-78a0-4c24-9921-f55a8d928f07.JPG,squash powdery mildew,squash powdery mildew,0.07947778701782227
datasets/plantvillage/data_distribution_for_SVM/test/30/f45dc44b-85b2-45c3-bbad-1aae16ceafef.JPG,tomato late blight,potato late blight,0.07208477705717087
datasets/plantvillage/data_distribution_for_SVM/test/26/6c7bbcb6-bf94-4e98-9bd2-4718b4498971.JPG,strawberry leaf scorch,strawberry leaf scorch,0.0992337018251419
datasets/plantvillage/data_distribution_for_SVM/test/9/d26096fe-1cdf-4f8d-9026-dd189536b42e.JPG,corn northern leaf blight,corn gray leaf spot,0.12223251163959503
datasets/plantvillage/data_distribution_for_SVM/test/0/767e03bd-aad4-4765-9961-b56356e0fb8f.JPG,apple scab,apple black rot,0.0796087458729744
datasets/plantvillage/data_distribution_for_SVM/test/11/42b7f593-c980-4a93-b877-d470a7db3a17.JPG,grape black rot,grape black rot,0.08320298045873642
datasets/plantvillage/data_distribution_for_SVM/test/21/41eeea71-6662-4fae-a859-d7c90caf475c.JPG,potato late blight,potato late blight,0.07773351669311523
datasets/plantvillage/data_distribution_for_SVM/test/30/3c55a42c-cd04-4095-8c78-8ab0f91c1f09.JPG,tomato late blight,apple black rot,0.0753854289650917
datasets/plantvillage/data_distribution_for_SVM/test/11/9f39929d-0df7-43eb-a3df-d291cfa641f4.JPG,grape black rot,grape black rot,0.08619851619005203
datasets/plantvillage/data_distribution_for_SVM/test/28/22aa57f8-aebc-4570-aec8-3ff23e476a41.JPG,tomato bacterial leaf spot,apple black rot,0.07463079690933228
datasets/plantvillage/data_distribution_for_SVM/test/8/d311282c-2ce0-40d9-b11c-5cfcda0de2b2.JPG,corn rust,corn gray leaf spot,0.08345528692007065
datasets/plantvillage/data_distribution_for_SVM/test/25/f3f65fc9-bddf-4e0e-a2b9-08ea5f9de53e.JPG,squash powdery mildew,squash powdery mildew,0.07356532663106918
datasets/plantvillage/data_distribution_for_SVM/test/26/a36bafd9-e6f8-45cc-997d-cd5a2674a593.JPG,strawberry leaf scorch,apple rust,0.0735957995057106
datasets/plantvillage/data_distribution_for_SVM/test/21/bb64c06b-c2db-4051-b3e7-720f3c8deb52.JPG,potato late blight,potato early blight,0.07293599843978882
datasets/plantvillage/data_distribution_for_SVM/test/11/08fdbd54-d1f8-4d1f-a545-b85616b699c6.JPG,grape black rot,strawberry leaf scorch,0.075282022356987
datasets/plantvillage/data_distribution_for_SVM/test/8/922fc81a-5ac8-4dbe-a17e-379071b30a38.JPG,corn rust,corn rust,0.11727149039506912
datasets/plantvillage/data_distribution_for_SVM/test/28/6a31c994-8a46-4ce5-879b-7e6c141b300a.JPG,tomato bacterial leaf spot,potato early blight,0.08200107514858246
datasets/plantvillage/data_distribution_for_SVM/test/25/556a0761-4caf-4ea0-8498-e19a3b2674af.JPG,squash powdery mildew,squash powdery mildew,0.08099313080310822
datasets/plantvillage/data_distribution_for_SVM/test/29/87b2142b-117f-4941-bf4e-7dd5a47be860.JPG,tomato early blight,potato early blight,0.0746985599398613
datasets/plantvillage/data_distribution_for_SVM/test/25/b6d7685a-0b5f-4c29-af30-69b6a14b3272.JPG,squash powdery mildew,squash powdery mildew,0.07721555978059769
datasets/plantvillage/data_distribution_for_SVM/test/25/bb74f5af-30aa-4652-9139-216388b73e0b.JPG,squash powdery mildew,corn gray leaf spot,0.07357322424650192
datasets/plantvillage/data_distribution_for_SVM/test/2/afdafd28-c5f1-4862-b44d-b6df9cfe79f6.JPG,apple rust,apple black rot,0.07754946500062943
datasets/plantvillage/data_distribution_for_SVM/test/29/c1cf5fef-a710-45c0-b084-c608010a7068.JPG,tomato early blight,potato early blight,0.07256672531366348
datasets/plantvillage/data_distribution_for_SVM/test/21/f4c14f8e-4835-44e5-952e-e57d3e30e6dd.JPG,potato late blight,potato late blight,0.07288554310798645
datasets/plantvillage/data_distribution_for_SVM/test/0/d1e30545-8733-4ff6-be25-949fb0f53b42.JPG,apple scab,grape black rot,0.07216763496398926
datasets/plantvillage/data_distribution_for_SVM/test/8/90f3e4b4-e491-4ee6-b83c-c705a1ed6767.JPG,corn rust,corn gray leaf spot,0.12308184802532196
datasets/plantvillage/data_distribution_for_SVM/test/8/dfe9aba1-7473-4823-9a7b-56a6f294bb23.JPG,corn rust,corn rust,0.07723250240087509
datasets/plantvillage/data_distribution_for_SVM/test/21/6389bb55-6642-4f79-83c8-2dbb67026c74.JPG,potato late blight,potato early blight,0.08000978827476501
datasets/plantvillage/data_distribution_for_SVM/test/30/20c9c8b7-c51d-4173-a2d8-6aece345a838.JPG,tomato late blight,potato early blight,0.07388687133789062
datasets/plantvillage/data_distribution_for_SVM/test/25/ba70953f-c80a-48c3-b752-376f679a961b.JPG,squash powdery mildew,squash powdery mildew,0.07592479884624481
datasets/plantvillage/data_distribution_for_SVM/test/20/ebb23ad5-af90-4285-9caf-6e7498ee4d8f.JPG,potato early blight,strawberry leaf scorch,0.07437674701213837
datasets/plantvillage/data_distribution_for_SVM/test/30/922536dd-e138-414f-a890-8eeb3733461b.JPG,tomato late blight,tomato bacterial leaf spot,0.07569027692079544
datasets/plantvillage/data_distribution_for_SVM/test/7/feac8a2b-c168-4689-a642-bc0a68399e88.JPG,corn gray leaf spot,corn gray leaf spot,0.16532014310359955
datasets/plantvillage/data_distribution_for_SVM/test/21/a5f724a4-41db-40dc-8f47-0f4ff70a0a98.JPG,potato late blight,apple black rot,0.07400867342948914
datasets/plantvillage/data_distribution_for_SVM/test/30/b6b826fd-6bfc-4978-b547-6fc768abdc9e.JPG,tomato late blight,tomato late blight,0.07314538955688477
datasets/plantvillage/data_distribution_for_SVM/test/28/9229701f-a77c-4f36-8da8-38aec922872b.JPG,tomato bacterial leaf spot,strawberry leaf scorch,0.07297031581401825
datasets/plantvillage/data_distribution_for_SVM/test/28/9772a1f3-e199-4b61-80c2-f108c652f2f3.JPG,tomato bacterial leaf spot,potato early blight,0.07366158068180084
datasets/plantvillage/data_distribution_for_SVM/test/20/a4a6cfc8-a7d7-4e3a-ade5-925951076482.JPG,potato early blight,potato early blight,0.07822977006435394
datasets/plantvillage/data_distribution_for_SVM/test/26/945b44e6-9cc2-4f82-b904-5bdc9d45e373.JPG,strawberry leaf scorch,strawberry leaf scorch,0.078007273375988
datasets/plantvillage/data_distribution_for_SVM/test/0/cc0353a0-6d67-4de0-8241-6ae3be83bd8b.JPG,apple scab,apple black rot,0.07603313773870468
datasets/plantvillage/data_distribution_for_SVM/test/25/e9950f62-0564-4683-b4a0-28f4638418ed.JPG,squash powdery mildew,corn gray leaf spot,0.07488302886486053
datasets/plantvillage/data_distribution_for_SVM/test/0/b05a138f-85ae-4e1b-a69f-57c37fd0b436.JPG,apple scab,apple black rot,0.076976478099823
datasets/plantvillage/data_distribution_for_SVM/test/29/cb3f1a5c-d2b9-4933-9796-60a0136747dd.JPG,tomato early blight,tomato late blight,0.08045707643032074
datasets/plantvillage/data_distribution_for_SVM/test/1/63a2f867-8d59-40cd-8b9b-93ed22b69fef.JPG,apple black rot,apple black rot,0.08081318438053131
datasets/plantvillage/data_distribution_for_SVM/test/8/ec0dd9e0-205c-4eb4-a5d4-dcb4f0b1f8da.JPG,corn rust,corn gray leaf spot,0.08035512268543243
datasets/plantvillage/data_distribution_for_SVM/test/11/8d629d09-ed27-4f1d-8ed9-b776438273c5.JPG,grape black rot,squash powdery mildew,0.07415296137332916
datasets/plantvillage/data_distribution_for_SVM/test/8/3942de49-9775-44d7-b7cf-8cdbfd9326db.JPG,corn rust,corn gray leaf spot,0.08369207382202148
datasets/plantvillage/data_distribution_for_SVM/test/0/c6acd1ec-8eaa-4357-b530-22533683da67.JPG,apple scab,strawberry leaf scorch,0.07390068471431732
datasets/plantvillage/data_distribution_for_SVM/test/28/276f05c4-da35-4a4e-a03c-6382ce46c366.JPG,tomato bacterial leaf spot,potato late blight,0.07548194378614426
datasets/plantvillage/data_distribution_for_SVM/test/25/364ca334-b76d-411e-aac6-c4c43b0ae94c.JPG,squash powdery mildew,squash powdery mildew,0.086957648396492
datasets/plantvillage/data_distribution_for_SVM/test/30/06366adf-6ac9-43bb-a539-a8e8a0700ac0.JPG,tomato late blight,tomato late blight,0.07663607597351074
datasets/plantvillage/data_distribution_for_SVM/test/8/89db5e41-8f9c-445d-a9c3-79a7605dfa18.JPG,corn rust,corn gray leaf spot,0.09690769016742706
datasets/plantvillage/data_distribution_for_SVM/test/21/4810c2d8-8afc-4fdc-b86f-dbe0444009b7.JPG,potato late blight,potato late blight,0.07308601588010788
datasets/plantvillage/data_distribution_for_SVM/test/9/5d249a36-2af4-4861-a497-4c26393166db.JPG,corn northern leaf blight,corn northern leaf blight,0.09576103091239929
datasets/plantvillage/data_distribution_for_SVM/test/20/33cf0cc3-972e-4036-a005-c2f2b2ddcafb.JPG,potato early blight,potato early blight,0.07469113171100616
datasets/plantvillage/data_distribution_for_SVM/test/28/5999639b-a9a8-48fc-85ac-0a178ff3e022.JPG,tomato bacterial leaf spot,potato early blight,0.07489760965108871
datasets/plantvillage/data_distribution_for_SVM/test/21/499574e3-322f-466e-9a39-df035b0c00c5.JPG,potato late blight,potato early blight,0.07499924302101135
datasets/plantvillage/data_distribution_for_SVM/test/25/000e0c44-702b-4e21-8bc7-78c4ae10da43.JPG,squash powdery mildew,tomato bacterial leaf spot,0.07347942888736725
datasets/plantvillage/data_distribution_for_SVM/test/26/8ec636f1-d8d9-44f7-b88d-3b059b1b49a4.JPG,strawberry leaf scorch,strawberry leaf scorch,0.11526869237422943
datasets/plantvillage/data_distribution_for_SVM/test/25/98b7b6cb-27a6-49bf-835c-0adf24a33622.JPG,squash powdery mildew,squash powdery mildew,0.07835374772548676
datasets/plantvillage/data_distribution_for_SVM/test/28/84ae1a4c-2907-4ebf-85f4-c7812eae0e8f.JPG,tomato bacterial leaf spot,apple black rot,0.07629550248384476
datasets/plantvillage/data_distribution_for_SVM/test/30/dac1fd5d-0edf-4c58-bfc0-8a90b57b6f6b.JPG,tomato late blight,strawberry leaf scorch,0.07300207018852234
datasets/plantvillage/data_distribution_for_SVM/test/21/416d0500-c239-45ee-8e2e-ab9627d0d02e.JPG,potato late blight,potato late blight,0.07985509932041168
datasets/plantvillage/data_distribution_for_SVM/test/28/7b4d6ccd-4eb8-449a-8bcd-240d73b45939.JPG,tomato bacterial leaf spot,potato early blight,0.07276275753974915
datasets/plantvillage/data_distribution_for_SVM/test/29/e04e2e58-12a1-4b1b-ab2a-aca6bbed9ca1.JPG,tomato early blight,potato late blight,0.07617715001106262
datasets/plantvillage/data_distribution_for_SVM/test/11/6587166a-b520-453e-a491-9412257ca470.JPG,grape black rot,grape black rot,0.09630250185728073
datasets/plantvillage/data_distribution_for_SVM/test/26/e5962d94-6b95-459a-b295-9a51f062cdd7.JPG,strawberry leaf scorch,strawberry leaf scorch,0.08203811943531036
datasets/plantvillage/data_distribution_for_SVM/test/30/27d037ca-2132-4818-bc7e-8e51ba70f798.JPG,tomato late blight,tomato early blight,0.07337892055511475
datasets/plantvillage/data_distribution_for_SVM/test/28/4f4867bd-61d8-449b-bbad-76dd9e74f974.JPG,tomato bacterial leaf spot,strawberry leaf scorch,0.07492798566818237
datasets/plantvillage/data_distribution_for_SVM/test/21/e878086d-d395-49f6-9098-7a1c8981ee79.JPG,potato late blight,potato late blight,0.07401277869939804
datasets/plantvillage/data_distribution_for_SVM/test/29/aecb51b0-8d89-457e-b87d-b5b06ce010df.JPG,tomato early blight,potato late blight,0.07786700874567032
datasets/plantvillage/data_distribution_for_SVM/test/8/f363d670-41ea-4e21-838a-d5ff5e01da67.JPG,corn rust,corn gray leaf spot,0.16471755504608154
datasets/plantvillage/data_distribution_for_SVM/test/7/8d602cc5-0e70-4545-9b5d-4a57f0aa6d1d.JPG,corn gray leaf spot,corn gray leaf spot,0.08808638155460358
datasets/plantvillage/data_distribution_for_SVM/test/0/ab684ba7-f213-4df4-b808-2b8c8824862e.JPG,apple scab,apple black rot,0.07277435809373856
datasets/plantvillage/data_distribution_for_SVM/test/28/08fff71e-d24d-4121-8924-c365d62b9f59.JPG,tomato bacterial leaf spot,potato early blight,0.07458754628896713
datasets/plantvillage/data_distribution_for_SVM/test/21/f9db90f2-4f36-435c-9343-fabd123edbd4.JPG,potato late blight,strawberry leaf scorch,0.09116668999195099
datasets/plantvillage/data_distribution_for_SVM/test/11/3766224f-a015-48ff-81f7-ba7bea39cbb0.JPG,grape black rot,grape black rot,0.082545705139637
datasets/plantvillage/data_distribution_for_SVM/test/11/40b7f027-02f8-4338-8cd8-53c1d5afd52e.JPG,grape black rot,grape black rot,0.08206981420516968
datasets/plantvillage/data_distribution_for_SVM/test/20/6815598a-fc9d-4d3c-955a-7fc4a768a777.JPG,potato early blight,potato early blight,0.07463998347520828
datasets/plantvillage/data_distribution_for_SVM/test/25/871538bc-a0b1-446a-b604-d93b443cafd6.JPG,squash powdery mildew,squash powdery mildew,0.09499086439609528
datasets/plantvillage/data_distribution_for_SVM/test/25/d805411b-37a6-4e8a-ab22-9f8757455fdc.JPG,squash powdery mildew,apple black rot,0.07265814393758774
datasets/plantvillage/data_distribution_for_SVM/test/28/6ba5fd9a-a582-485a-9be3-8c0a87064a1c.JPG,tomato bacterial leaf spot,apple black rot,0.07284168899059296
datasets/plantvillage/data_distribution_for_SVM/test/20/5e09d3cb-1090-4297-80e2-060830e6e011.JPG,potato early blight,potato early blight,0.07506387680768967
datasets/plantvillage/data_distribution_for_SVM/test/9/f09cac27-39bd-466d-aec8-fd5a6004921b.JPG,corn northern leaf blight,corn gray leaf spot,0.12149673700332642
datasets/plantvillage/data_distribution_for_SVM/test/28/5f21cbe7-58f3-4c4c-b447-ab9971f70303.JPG,tomato bacterial leaf spot,strawberry leaf scorch,0.08335309475660324
datasets/plantvillage/data_distribution_for_SVM/test/9/c0c8a5f8-2e64-4171-b762-58856dd49563.JPG,corn northern leaf blight,corn northern leaf blight,0.11593390256166458
datasets/plantvillage/data_distribution_for_SVM/test/9/a73c5fc2-f37b-453f-97f8-91716cfe82b2.JPG,corn northern leaf blight,corn northern leaf blight,0.13428530097007751
datasets/plantvillage/data_distribution_for_SVM/test/9/7b608c46-6d85-4334-9e41-ad1c4e924061.JPG,corn northern leaf blight,corn gray leaf spot,0.13355256617069244
datasets/plantvillage/data_distribution_for_SVM/test/20/d636601c-c0cc-4c54-b02a-134ff0faf7da.JPG,potato early blight,potato early blight,0.07540177553892136
datasets/plantvillage/data_distribution_for_SVM/test/21/4f4f229e-7e55-41bc-9b39-aa42314818a2.JPG,potato late blight,potato early blight,0.08297104388475418
datasets/plantvillage/data_distribution_for_SVM/test/26/21a0a3cd-7203-476f-86ea-49fabbc65b71.JPG,strawberry leaf scorch,strawberry leaf scorch,0.11368193477392197
datasets/plantvillage/data_distribution_for_SVM/test/25/bc71f963-4bac-467d-aa7c-0c7e31aeda78.JPG,squash powdery mildew,squash powdery mildew,0.08793864399194717
datasets/plantvillage/data_distribution_for_SVM/test/8/e6cbcfa3-a4f9-4f2b-bbc7-3319071d7cff.JPG,corn rust,corn gray leaf spot,0.08653707802295685
datasets/plantvillage/data_distribution_for_SVM/test/30/37cd9526-4439-4cc5-952c-61bb12e1c03c.JPG,tomato late blight,tomato late blight,0.073990099132061
datasets/plantvillage/data_distribution_for_SVM/test/28/32493eb2-df23-4ab8-9cc5-67e112d428cc.JPG,tomato bacterial leaf spot,corn gray leaf spot,0.08275093883275986
datasets/plantvillage/data_distribution_for_SVM/test/21/f17ed42f-01f4-447c-9813-85245f9dc369.JPG,potato late blight,apple black rot,0.07800236344337463
datasets/plantvillage/data_distribution_for_SVM/test/29/d199161a-08ba-4290-85a9-9db16c5670a7.JPG,tomato early blight,potato early blight,0.07546312361955643
datasets/plantvillage/data_distribution_for_SVM/test/8/b38025a7-eb04-4065-afb4-9a47a1e0d5d4.JPG,corn rust,corn rust,0.08827385306358337
datasets/plantvillage/data_distribution_for_SVM/test/9/740ec182-7377-44e5-93e4-7f3fc81fb3ea.JPG,corn northern leaf blight,corn gray leaf spot,0.16406749188899994
datasets/plantvillage/data_distribution_for_SVM/test/30/4ce3987a-e862-4fb3-99f4-bc7445211625.JPG,tomato late blight,tomato early blight,0.07412628084421158
datasets/plantvillage/data_distribution_for_SVM/test/11/13b716b3-e064-4644-b1df-8b29384f891b.JPG,grape black rot,grape black rot,0.08563833683729172
datasets/plantvillage/data_distribution_for_SVM/test/25/c26c088f-07a5-4b39-bea5-003a98014a3a.JPG,squash powdery mildew,squash powdery mildew,0.07718807458877563
datasets/plantvillage/data_distribution_for_SVM/test/1/e9be3f24-f9c6-417f-8248-17d315c8a747.JPG,apple black rot,apple black rot,0.09899619966745377
datasets/plantvillage/data_distribution_for_SVM/test/20/f667cf26-32ac-47e3-a439-0731f10330aa.JPG,potato early blight,potato early blight,0.0754474401473999
datasets/plantvillage/data_distribution_for_SVM/test/2/8b962de4-fad9-4c16-a21e-7e8c8f7c1453.JPG,apple rust,apple black rot,0.08739644289016724
datasets/plantvillage/data_distribution_for_SVM/test/9/92830296-52f4-4003-8438-574b34ea6035.JPG,corn northern leaf blight,corn gray leaf spot,0.10030847787857056
datasets/plantvillage/data_distribution_for_SVM/test/30/219bb581-4b5f-4038-a35a-f67a1b5a95d9.JPG,tomato late blight,corn gray leaf spot,0.0742352306842804
datasets/plantvillage/data_distribution_for_SVM/test/21/a1da34fd-2cad-4f14-94ca-470257fe4840.JPG,potato late blight,strawberry leaf scorch,0.07540088891983032
datasets/plantvillage/data_distribution_for_SVM/test/21/98462851-bf6a-46a7-bdf5-fc46c63ef21a.JPG,potato late blight,potato early blight,0.07369879633188248
datasets/plantvillage/data_distribution_for_SVM/test/25/ca273c23-af3e-4bcb-8b11-bfff1625f518.JPG,squash powdery mildew,squash powdery mildew,0.07438968122005463
datasets/plantvillage/data_distribution_for_SVM/test/29/25dde7a6-4f7c-4b97-9b27-20840fcb95dc.JPG,tomato early blight,squash powdery mildew,0.07840947061777115
datasets/plantvillage/data_distribution_for_SVM/test/25/2bd6bcfe-e6aa-44d2-9290-e619a4c45305.JPG,squash powdery mildew,squash powdery mildew,0.09318803250789642
datasets/plantvillage/data_distribution_for_SVM/test/26/11d4962f-52ab-47db-88ba-cbe92af96162.JPG,strawberry leaf scorch,strawberry leaf scorch,0.11325123906135559
datasets/plantvillage/data_distribution_for_SVM/test/28/b6098140-77e3-4416-a6c9-df25ecb6a198.JPG,tomato bacterial leaf spot,potato early blight,0.07398457080125809
datasets/plantvillage/data_distribution_for_SVM/test/28/0c72c615-7291-4048-80a6-7fc0e796e791.JPG,tomato bacterial leaf spot,potato early blight,0.07297174632549286
datasets/plantvillage/data_distribution_for_SVM/test/28/eee34529-c4a1-40bc-b21f-ae5e56d98ebc.JPG,tomato bacterial leaf spot,strawberry leaf scorch,0.07224997878074646
datasets/plantvillage/data_distribution_for_SVM/test/25/b33b179d-a36f-484d-92e3-82b6491395d2.JPG,squash powdery mildew,squash powdery mildew,0.10936914384365082
datasets/plantvillage/data_distribution_for_SVM/test/21/ee7f1bdb-55b2-44e4-b217-1260ca01e382.JPG,potato late blight,apple black rot,0.07745290547609329
datasets/plantvillage/data_distribution_for_SVM/test/11/cccb77d2-856b-4274-a2b1-59fa4c3bdc9b.JPG,grape black rot,grape black rot,0.07812994718551636
datasets/plantvillage/data_distribution_for_SVM/test/20/fc24b0ca-6d7d-4bab-b0ef-9cba3c1c064f.JPG,potato early blight,apple scab,0.07316149026155472
datasets/plantvillage/data_distribution_for_SVM/test/1/21f68b08-47f5-4fef-a31c-9175ea18871f.JPG,apple black rot,apple black rot,0.1051744669675827
datasets/plantvillage/data_distribution_for_SVM/test/28/812de772-498e-4832-81bb-993500a6b2f5.JPG,tomato bacterial leaf spot,apple rust,0.07256612926721573
datasets/plantvillage/data_distribution_for_SVM/test/28/c21194e4-7abd-4ced-b17a-c57cc7d8553c.JPG,tomato bacterial leaf spot,potato early blight,0.07370185106992722
datasets/plantvillage/data_distribution_for_SVM/test/29/330b1c27-94d8-45b7-865a-396d7d015267.JPG,tomato early blight,tomato early blight,0.0746132880449295
datasets/plantvillage/data_distribution_for_SVM/test/21/35b34eb2-cbc2-42a9-a4eb-d3e262f5dda9.JPG,potato late blight,potato early blight,0.0722275972366333
datasets/plantvillage/data_distribution_for_SVM/test/11/ce5c6807-d880-41cc-8920-8450cf50b105.JPG,grape black rot,grape black rot,0.07772409170866013
datasets/plantvillage/data_distribution_for_SVM/test/29/d8b011f8-1df8-4933-8b23-af50ae9265d7.JPG,tomato early blight,apple black rot,0.07198238372802734
datasets/plantvillage/data_distribution_for_SVM/test/11/7e8afe82-a974-4994-8c0b-d8e93c5b83c3.JPG,grape black rot,grape black rot,0.07369096577167511
datasets/plantvillage/data_distribution_for_SVM/test/11/4d853ed7-dc2c-486e-b0a3-6cb051634ef0.JPG,grape black rot,grape black rot,0.11056755483150482
datasets/plantvillage/data_distribution_for_SVM/test/21/1841b358-e977-4a40-8623-77054a2d9437.JPG,potato late blight,potato early blight,0.07450895756483078
datasets/plantvillage/data_distribution_for_SVM/test/11/48dafc69-46a8-4d4b-897a-877d585f45d7.JPG,grape black rot,grape black rot,0.0792207345366478
datasets/plantvillage/data_distribution_for_SVM/test/20/ea2e6276-13cc-4e1c-bb2a-99b475fe97d3.JPG,potato early blight,strawberry leaf scorch,0.07356678694486618
datasets/plantvillage/data_distribution_for_SVM/test/8/81133c54-3d34-440d-b04c-454c78c1cc01.JPG,corn rust,corn gray leaf spot,0.07392081618309021
datasets/plantvillage/data_distribution_for_SVM/test/11/e0c399b1-bf9f-46cd-9fb1-ee105bab8f11.JPG,grape black rot,strawberry leaf scorch,0.0783500149846077
datasets/plantvillage/data_distribution_for_SVM/test/29/59c079bf-7eb0-4947-b7f2-c6bdb9a41638.JPG,tomato early blight,strawberry leaf scorch,0.07406505942344666
datasets/plantvillage/data_distribution_for_SVM/test/30/431c6a8c-3b24-49ec-991d-013e28a6f0d1.JPG,tomato late blight,tomato bacterial leaf spot,0.07197275012731552
datasets/plantvillage/data_distribution_for_SVM/test/0/fc0c3158-a2fe-4205-880d-ccf5b6c5610d.JPG,apple scab,potato late blight,0.07411685585975647
datasets/plantvillage/data_distribution_for_SVM/test/9/59e08ba9-d4ce-42dc-85bb-1298ea23c294.JPG,corn northern leaf blight,corn gray leaf spot,0.12258356064558029
datasets/plantvillage/data_distribution_for_SVM/test/1/4054f393-718a-4542-bf8f-d14b72a332f6.JPG,apple black rot,apple black rot,0.14762680232524872
datasets/plantvillage/data_distribution_for_SVM/test/8/b8ed8125-bd17-4b57-8235-cc75dea64768.JPG,corn rust,corn gray leaf spot,0.09138666093349457
datasets/plantvillage/data_distribution_for_SVM/test/7/bf2f5447-67d2-4457-af7c-caaf32f465a4.JPG,corn gray leaf spot,corn gray leaf spot,0.1576787233352661
datasets/plantvillage/data_distribution_for_SVM/test/20/c7b3ca55-85fb-46f4-9e58-f7415c05ba20.JPG,potato early blight,potato early blight,0.0852031335234642
datasets/plantvillage/data_distribution_for_SVM/test/28/40cb6dbc-c6bb-4d24-b5d0-60ac09f22985.JPG,tomato bacterial leaf spot,strawberry leaf scorch,0.0736362412571907
datasets/plantvillage/data_distribution_for_SVM/test/30/2562d50d-8830-45f5-a0c5-373f62b0d8f1.JPG,tomato late blight,potato early blight,0.07567620277404785
datasets/plantvillage/data_distribution_for_SVM/test/7/fe5633fe-2b4a-4a50-8ac2-550d0e23ea49.JPG,corn gray leaf spot,corn gray leaf spot,0.12530922889709473
datasets/plantvillage/data_distribution_for_SVM/test/11/edcc3ba6-10ae-4eec-a445-1edd57aeb10a.JPG,grape black rot,grape black rot,0.08710649609565735
datasets/plantvillage/data_distribution_for_SVM/test/30/9bf18796-6519-42da-a66d-2ac4f40f5f41.JPG,tomato late blight,potato late blight,0.07833850383758545
datasets/plantvillage/data_distribution_for_SVM/test/25/39d5e69e-09bf-47a5-888a-33dc19b6ab56.JPG,squash powdery mildew,squash powdery mildew,0.08414816856384277
datasets/plantvillage/data_distribution_for_SVM/test/28/81ae94c3-905c-4446-b231-4b8ffa976ce0.JPG,tomato bacterial leaf spot,strawberry leaf scorch,0.07733619213104248
datasets/plantvillage/data_distribution_for_SVM/test/11/7fb0be7b-8616-4489-84c0-124a17639af1.JPG,grape black rot,grape black rot,0.07628142088651657
datasets/plantvillage/data_distribution_for_SVM/test/9/661cc502-94db-428e-b292-e72aad5eec64.JPG,corn northern leaf blight,corn gray leaf spot,0.09620636701583862
datasets/plantvillage/data_distribution_for_SVM/test/7/a8006590-6be5-47b6-a775-4f69580864bc.JPG,corn gray leaf spot,corn gray leaf spot,0.11079966276884079
datasets/plantvillage/data_distribution_for_SVM/test/29/62295d2c-7147-4132-b091-45cf02d77dfe.JPG,tomato early blight,strawberry leaf scorch,0.07519815117120743
datasets/plantvillage/data_distribution_for_SVM/test/8/21ce67bb-3355-48b9-b385-2e460d1f9dd0.JPG,corn rust,corn gray leaf spot,0.08649668097496033
datasets/plantvillage/data_distribution_for_SVM/test/28/76c63af9-8248-458b-b275-f008c55da715.JPG,tomato bacterial leaf spot,strawberry leaf scorch,0.07985609024763107
datasets/plantvillage/data_distribution_for_SVM/test/21/95e19ccb-bc1b-4d06-93a3-8a4a4c5a4e1a.JPG,potato late blight,potato late blight,0.08479505777359009
datasets/plantvillage/data_distribution_for_SVM/test/28/cb42e28e-8261-4226-8b0f-efd61237f7a8.JPG,tomato bacterial leaf spot,strawberry leaf scorch,0.07247799634933472
datasets/plantvillage/data_distribution_for_SVM/test/30/0394c4e7-543e-4ec3-a366-b540cf89631b.JPG,tomato late blight,apple black rot,0.07949057221412659
datasets/plantvillage/data_distribution_for_SVM/test/7/8d4fbea5-25fe-488b-897e-89abdad03780.JPG,corn gray leaf spot,corn gray leaf spot,0.11241167783737183
datasets/plantvillage/data_distribution_for_SVM/test/11/222d44eb-4591-4d09-8491-10cac79cab54.JPG,grape black rot,grape black rot,0.08444026112556458
datasets/plantvillage/data_distribution_for_SVM/test/26/278be0c2-36cc-448d-bd33-a53d5b6e959f.JPG,strawberry leaf scorch,strawberry leaf scorch,0.10929359495639801
datasets/plantvillage/data_distribution_for_SVM/test/11/8e25a294-0347-4680-849e-93770d6913f6.JPG,grape black rot,corn gray leaf spot,0.07385241240262985
datasets/plantvillage/data_distribution_for_SVM/test/25/8a6176e6-c59b-4047-9ab6-a3209f7a94c3.JPG,squash powdery mildew,squash powdery mildew,0.07761430740356445
datasets/plantvillage/data_distribution_for_SVM/test/29/07eed92f-b575-49ba-b96b-16d34dcfab7e.JPG,tomato early blight,potato early blight,0.07200927287340164
datasets/plantvillage/data_distribution_for_SVM/test/21/9af3ebe8-ab9b-4da5-ab05-e2cc5634ab92.JPG,potato late blight,apple black rot,0.0753733441233635
datasets/plantvillage/data_distribution_for_SVM/test/28/f305ee38-ce31-4606-9c7b-100766d8b1ad.JPG,tomato bacterial leaf spot,tomato early blight,0.07183598726987839
datasets/plantvillage/data_distribution_for_SVM/test/25/bba40ec6-feb9-42a1-ad61-2fe68480993b.JPG,squash powdery mildew,squash powdery mildew,0.07470493763685226
datasets/plantvillage/data_distribution_for_SVM/test/11/d8ba7e2e-39ad-4739-9286-ba0db6afaf67.JPG,grape black rot,grape black rot,0.07347702234983444
datasets/plantvillage/data_distribution_for_SVM/test/30/a07559a2-eeb8-4205-aef1-a32757d316e5.JPG,tomato late blight,tomato late blight,0.07823780179023743
datasets/plantvillage/data_distribution_for_SVM/test/26/871a1a42-5982-4c82-ac49-6665b1cfffca.JPG,strawberry leaf scorch,strawberry leaf scorch,0.0752553641796112
datasets/plantvillage/data_distribution_for_SVM/test/30/a6ff2624-78df-4107-9eba-81301a953ce0.JPG,tomato late blight,potato late blight,0.07594224810600281
datasets/plantvillage/data_distribution_for_SVM/test/30/52a3c06b-4a39-40a9-964d-6ca5f32daaf8.JPG,tomato late blight,tomato late blight,0.08024492859840393
datasets/plantvillage/data_distribution_for_SVM/test/25/32e4623a-7d2f-477f-b746-bf89be98a68a.JPG,squash powdery mildew,corn gray leaf spot,0.07208732515573502
datasets/plantvillage/data_distribution_for_SVM/test/28/58431ff4-7679-4ddb-8e51-4c1f2703ab1b.JPG,tomato bacterial leaf spot,strawberry leaf scorch,0.07571582496166229
datasets/plantvillage/data_distribution_for_SVM/test/21/23a9fbd9-7123-4f91-9d4d-772507838150.JPG,potato late blight,potato late blight,0.07552585750818253
datasets/plantvillage/data_distribution_for_SVM/test/8/e9dc7461-4227-4e4e-ae1d-2da189a56f56.JPG,corn rust,corn gray leaf spot,0.10366514325141907
datasets/plantvillage/data_distribution_for_SVM/test/21/53ee93f8-444e-488f-b899-8ab04c7e6de2.JPG,potato late blight,potato late blight,0.07354656606912613
datasets/plantvillage/data_distribution_for_SVM/test/30/810e8de9-665a-4e93-a533-0cbaf3574bee.JPG,tomato late blight,potato early blight,0.076063372194767
datasets/plantvillage/data_distribution_for_SVM/test/8/d3224c19-3549-46ac-8f2f-6df6441fefa0.JPG,corn rust,corn gray leaf spot,0.13759160041809082
datasets/plantvillage/data_distribution_for_SVM/test/21/ba97feea-a5c4-4150-8ad0-4a47a7492a1d.JPG,potato late blight,potato late blight,0.07530807703733444
datasets/plantvillage/data_distribution_for_SVM/test/9/b5a977ea-5291-456b-9025-f8cbe2379b31.JPG,corn northern leaf blight,corn gray leaf spot,0.11544961482286453
datasets/plantvillage/data_distribution_for_SVM/test/21/9b1a9a92-8eda-4fd8-bed4-78f8f765f88c.JPG,potato late blight,potato late blight,0.08503969758749008
datasets/plantvillage/data_distribution_for_SVM/test/26/c45a36c3-8286-47f8-bd3a-57758d17d225.JPG,strawberry leaf scorch,strawberry leaf scorch,0.11325033009052277
datasets/plantvillage/data_distribution_for_SVM/test/21/8e730c89-ed19-452e-a685-6b302549b85a.JPG,potato late blight,potato early blight,0.07505915313959122
datasets/plantvillage/data_distribution_for_SVM/test/8/4cd5098d-dc1c-410a-bef1-a0da2383b8a4.JPG,corn rust,corn rust,0.07947000861167908
datasets/plantvillage/data_distribution_for_SVM/test/8/bceaa63e-2617-4526-aeea-727e3e15b434.JPG,corn rust,corn gray leaf spot,0.09030836075544357
datasets/plantvillage/data_distribution_for_SVM/test/9/e01ec527-565b-4ef5-a823-d4829c1173bd.JPG,corn northern leaf blight,corn gray leaf spot,0.15787233412265778
datasets/plantvillage/data_distribution_for_SVM/test/8/2b7e7007-1705-43bf-9305-897a5d4fcc82.JPG,corn rust,corn gray leaf spot,0.07939383387565613
datasets/plantvillage/data_distribution_for_SVM/test/26/0fd2cfb5-491d-401a-ba1a-076b5715e36f.JPG,strawberry leaf scorch,strawberry leaf scorch,0.09423890709877014
datasets/plantvillage/data_distribution_for_SVM/test/8/fac5f3de-990f-4c58-bed7-70b46c38c99f.JPG,corn rust,corn gray leaf spot,0.09682336449623108
datasets/plantvillage/data_distribution_for_SVM/test/25/7abf199e-4ea6-423b-a9e7-85acfd2ca891.JPG,squash powdery mildew,squash powdery mildew,0.07398313283920288
datasets/plantvillage/data_distribution_for_SVM/test/11/883228f6-66b2-4563-9ba1-b086d2eb0898.JPG,grape black rot,grape black rot,0.0798870399594307
datasets/plantvillage/data_distribution_for_SVM/test/25/0297bee0-dc23-48cb-8df5-fa0ba8f40abf.JPG,squash powdery mildew,squash powdery mildew,0.07548762112855911
datasets/plantvillage/data_distribution_for_SVM/test/9/de7b9eba-95d4-46a5-aad0-bbb0fc321f64.JPG,corn northern leaf blight,corn rust,0.08734018355607986
datasets/plantvillage/data_distribution_for_SVM/test/9/aa319618-b107-453a-9d47-063a13882754.JPG,corn northern leaf blight,corn gray leaf spot,0.09069545567035675
datasets/plantvillage/data_distribution_for_SVM/test/28/7d66a9e3-a853-4942-b7b3-15ce54a7a817.JPG,tomato bacterial leaf spot,strawberry leaf scorch,0.07263931632041931
datasets/plantvillage/data_distribution_for_SVM/test/26/f7b07be6-a2ea-4436-a035-8520c6dfa2a3.JPG,strawberry leaf scorch,strawberry leaf scorch,0.13961367309093475
datasets/plantvillage/data_distribution_for_SVM/test/9/d7b04856-864c-48ef-870e-aa0b1933f311.JPG,corn northern leaf blight,corn gray leaf spot,0.15182539820671082
datasets/plantvillage/data_distribution_for_SVM/test/30/abcdaabf-c85e-4712-8f04-75cba4e1971e.JPG,tomato late blight,potato early blight,0.07634785026311874
datasets/plantvillage/data_distribution_for_SVM/test/30/6c54ded4-3e68-42b0-9371-aed6b8df4fbf.JPG,tomato late blight,potato late blight,0.07263508439064026
datasets/plantvillage/data_distribution_for_SVM/test/25/6fb53281-9263-413a-ab9d-1f820f6e7188.JPG,squash powdery mildew,squash powdery mildew,0.07258598506450653
datasets/plantvillage/data_distribution_for_SVM/test/26/4580db92-822c-4538-bdab-1a3612c777df.JPG,strawberry leaf scorch,strawberry leaf scorch,0.09287972748279572
datasets/plantvillage/data_distribution_for_SVM/test/30/c9814e9e-ea8c-4fcb-b8c5-6f00cb864f5e.JPG,tomato late blight,potato early blight,0.07211799919605255
datasets/plantvillage/data_distribution_for_SVM/test/29/b75b1779-64ac-47d2-80c5-e802e4092072.JPG,tomato early blight,apple scab,0.07839425653219223
datasets/plantvillage/data_distribution_for_SVM/test/25/f6e9ba7e-3467-4c3f-a090-5998a85c7c42.JPG,squash powdery mildew,squash powdery mildew,0.07894106954336166
datasets/plantvillage/data_distribution_for_SVM/test/21/e582182a-ea05-4182-b112-94952a9e6067.JPG,potato late blight,potato late blight,0.07916518300771713
datasets/plantvillage/data_distribution_for_SVM/test/28/fb7160fe-74b3-4252-9e20-7c16577ccc68.JPG,tomato bacterial leaf spot,apple black rot,0.07317337393760681
datasets/plantvillage/data_distribution_for_SVM/test/28/9ecb87df-2cce-4bbc-9990-622c2022e56e.JPG,tomato bacterial leaf spot,strawberry leaf scorch,0.075165756046772
datasets/plantvillage/data_distribution_for_SVM/test/28/bf49171a-df49-47db-a156-498617d97657.JPG,tomato bacterial leaf spot,strawberry leaf scorch,0.07260037213563919
datasets/plantvillage/data_distribution_for_SVM/test/25/1afa7223-01e5-4d1a-a6ba-fd7b0c8b0b5d.JPG,squash powdery mildew,squash powdery mildew,0.07300417870283127
datasets/plantvillage/data_distribution_for_SVM/test/8/0ed4d7c6-6677-4664-aa2b-0904a16f7334.JPG,corn rust,corn gray leaf spot,0.10345207154750824
datasets/plantvillage/data_distribution_for_SVM/test/7/8818a878-ab8a-48be-a087-de33fe43abbc.JPG,corn gray leaf spot,corn gray leaf spot,0.1285303235054016
datasets/plantvillage/data_distribution_for_SVM/test/28/014dd7c4-35ff-46a4-a5a8-425e97d8d7e3.JPG,tomato bacterial leaf spot,potato early blight,0.07326536625623703
datasets/plantvillage/data_distribution_for_SVM/test/20/ae26a223-c63f-4272-ac2c-716e50ac1603.JPG,potato early blight,strawberry leaf scorch,0.0797116756439209
datasets/plantvillage/data_distribution_for_SVM/test/0/03ff6f74-0fb6-41f2-8fb9-dedd2612eb92.JPG,apple scab,corn gray leaf spot,0.07312580943107605
datasets/plantvillage/data_distribution_for_SVM/test/28/3e9fde42-faa5-4299-ba54-6f70fd995a4e.JPG,tomato bacterial leaf spot,apple black rot,0.0727321207523346
datasets/plantvillage/data_distribution_for_SVM/test/8/881ac522-0b3a-455f-86ab-1767f2a5cdc5.JPG,corn rust,corn rust,0.09737473726272583
datasets/plantvillage/data_distribution_for_SVM/test/20/5dc3cb92-97f5-4808-9f5e-b7cae52cb8eb.JPG,potato early blight,potato early blight,0.07619428634643555
datasets/plantvillage/data_distribution_for_SVM/test/21/644410f5-683c-4a1a-833a-94355d524806.JPG,potato late blight,potato early blight,0.07775887101888657
datasets/plantvillage/data_distribution_for_SVM/test/25/f49d193a-9fe6-484c-aafe-d44b1b544164.JPG,squash powdery mildew,squash powdery mildew,0.07569776475429535
datasets/plantvillage/data_distribution_for_SVM/test/20/a4b417ba-bf1c-47d1-b73e-82fe05ba39c3.JPG,potato early blight,strawberry leaf scorch,0.07288902252912521
datasets/plantvillage/data_distribution_for_SVM/test/8/52bc17b0-aa35-46de-b88f-f7791f53867d.JPG,corn rust,corn gray leaf spot,0.13664519786834717
datasets/plantvillage/data_distribution_for_SVM/test/25/f7fca554-f53b-4066-9a44-3893d86cf250.JPG,squash powdery mildew,squash powdery mildew,0.07552004605531693
datasets/plantvillage/data_distribution_for_SVM/test/25/bbed56a0-18b8-4252-bd8e-c34cf9c48198.JPG,squash powdery mildew,apple rust,0.07251451164484024
datasets/plantvillage/data_distribution_for_SVM/test/30/90e6c741-0346-4204-88c6-729c21e6b8e0.JPG,tomato late blight,potato early blight,0.10860364139080048
datasets/plantvillage/data_distribution_for_SVM/test/9/048830ff-087f-4f04-8fac-0b41757f78b1.JPG,corn northern leaf blight,corn gray leaf spot,0.12405291199684143
datasets/plantvillage/data_distribution_for_SVM/test/26/16a9b121-aae1-4d5a-b57a-2afc92eb412f.JPG,strawberry leaf scorch,strawberry leaf scorch,0.10196001827716827
datasets/plantvillage/data_distribution_for_SVM/test/30/184492ce-e5f2-4cd5-a8cd-717dab299a8a.JPG,tomato late blight,tomato late blight,0.07668407261371613
datasets/plantvillage/data_distribution_for_SVM/test/30/87fc2ae4-74e4-4d88-bd13-22e21a2ee9bb.JPG,tomato late blight,tomato late blight,0.0728849321603775
datasets/plantvillage/data_distribution_for_SVM/test/28/9a894587-a887-4af1-b278-5ddea4460cb6.JPG,tomato bacterial leaf spot,strawberry leaf scorch,0.07344522327184677
datasets/plantvillage/data_distribution_for_SVM/test/20/79a16099-d850-48ed-a1b0-0ce0918eff7f.JPG,potato early blight,potato early blight,0.07693776488304138
datasets/plantvillage/data_distribution_for_SVM/test/30/279091d1-613c-4f17-98f6-e474710cd6c2.JPG,tomato late blight,strawberry leaf scorch,0.07247304916381836
datasets/plantvillage/data_distribution_for_SVM/test/28/e4127ed7-207e-409c-88c8-53bdf86df9da.JPG,tomato bacterial leaf spot,corn gray leaf spot,0.07213754206895828
datasets/plantvillage/data_distribution_for_SVM/test/25/ed0b5d7d-0869-40ba-b46a-7f88bbaeec4f.JPG,squash powdery mildew,squash powdery mildew,0.07434216141700745
datasets/plantvillage/data_distribution_for_SVM/test/26/5e15f3e8-4f47-4ece-99b5-e782e2a67d97.JPG,strawberry leaf scorch,strawberry leaf scorch,0.0904446542263031
datasets/plantvillage/data_distribution_for_SVM/test/21/402aa664-2f9f-4e24-9370-41633918ffa6.JPG,potato late blight,potato early blight,0.07256881892681122
datasets/plantvillage/data_distribution_for_SVM/test/25/0e520a58-251e-458f-a035-d9a939a9b1e4.JPG,squash powdery mildew,tomato bacterial leaf spot,0.0740143284201622
datasets/plantvillage/data_distribution_for_SVM/test/21/29f76939-42ad-4056-9f56-152b930bd44e.JPG,potato late blight,potato late blight,0.07363332062959671
datasets/plantvillage/data_distribution_for_SVM/test/20/23c75779-ed8a-4755-90fd-60159f9b1757.JPG,potato early blight,potato early blight,0.0842486172914505
datasets/plantvillage/data_distribution_for_SVM/test/7/8290460d-35c2-4b00-b293-9b1575056e9e.JPG,corn gray leaf spot,corn gray leaf spot,0.1667080819606781
datasets/plantvillage/data_distribution_for_SVM/test/2/d881f0c5-0783-4033-a50e-f19aea1d1329.JPG,apple rust,apple black rot,0.076980821788311
datasets/plantvillage/data_distribution_for_SVM/test/28/6b204798-0d5c-4ee9-a454-1e26290772c2.JPG,tomato bacterial leaf spot,potato early blight,0.07330144196748734
datasets/plantvillage/data_distribution_for_SVM/test/21/5dcf0312-0d03-4c87-b333-0c4e04987ae2.JPG,potato late blight,potato late blight,0.0753326267004013
datasets/plantvillage/data_distribution_for_SVM/test/29/52770223-36cc-4d5c-825d-e76b564f6dcb.JPG,tomato early blight,apple black rot,0.073078453540802
datasets/plantvillage/data_distribution_for_SVM/test/11/16d09e8d-1baa-4f22-bd63-079ebdf45084.JPG,grape black rot,grape black rot,0.08056142926216125
datasets/plantvillage/data_distribution_for_SVM/test/20/bd4c697e-7e3c-468c-8ef5-add07b38b3cf.JPG,potato early blight,potato early blight,0.08918094635009766
datasets/plantvillage/data_distribution_for_SVM/test/28/bea7c394-8c79-484e-8425-eefd915e4781.JPG,tomato bacterial leaf spot,potato early blight,0.07364087551832199
datasets/plantvillage/data_distribution_for_SVM/test/25/65da07bb-241b-4eab-b629-50d530d0c97b.JPG,squash powdery mildew,corn gray leaf spot,0.07426156103610992
datasets/plantvillage/data_distribution_for_SVM/test/25/12f862c0-d547-4910-ab82-6179698b48b8.JPG,squash powdery mildew,squash powdery mildew,0.07653649896383286
datasets/plantvillage/data_distribution_for_SVM/test/7/acf54c6c-3fa7-4f71-be76-d1db2446e9a7.JPG,corn gray leaf spot,corn gray leaf spot,0.13436347246170044
datasets/plantvillage/data_distribution_for_SVM/test/0/14a89055-c455-4438-a03b-b179f0f1b058.JPG,apple scab,apple rust,0.08228683471679688
datasets/plantvillage/data_distribution_for_SVM/test/11/d150909a-63c9-4cd8-810c-12bb6c551fcc.JPG,grape black rot,grape black rot,0.07698191702365875
datasets/plantvillage/data_distribution_for_SVM/test/29/9db93e1f-df67-4e2e-9afe-4f2acde28d02.JPG,tomato early blight,potato early blight,0.07603897154331207
datasets/plantvillage/data_distribution_for_SVM/test/30/da4aba43-c26e-429a-9ce9-e6162bf87e59.JPG,tomato late blight,grape black rot,0.07402444630861282
datasets/plantvillage/data_distribution_for_SVM/test/8/7b0575a0-608b-4da0-898d-5a1634695822.JPG,corn rust,corn gray leaf spot,0.08974655717611313
datasets/plantvillage/data_distribution_for_SVM/test/28/e52d39eb-50da-41cc-8509-b4d46096b421.JPG,tomato bacterial leaf spot,potato early blight,0.07395316660404205
datasets/plantvillage/data_distribution_for_SVM/test/9/9212dd33-2be3-469a-bd42-56ba0b3dd297.JPG,corn northern leaf blight,corn gray leaf spot,0.0848502516746521
datasets/plantvillage/data_distribution_for_SVM/test/28/1a07b2ea-b97c-4ee5-bc55-cc91756c45c4.JPG,tomato bacterial leaf spot,strawberry leaf scorch,0.07354111224412918
datasets/plantvillage/data_distribution_for_SVM/test/25/ca51d5e4-65d7-4ba7-8a60-2ba8a9ea4ac3.JPG,squash powdery mildew,squash powdery mildew,0.07812369614839554
datasets/plantvillage/data_distribution_for_SVM/test/25/729f912e-34fc-436e-bf81-6dd9b382f5d9.JPG,squash powdery mildew,corn northern leaf blight,0.07509567588567734
datasets/plantvillage/data_distribution_for_SVM/test/25/1ea7328c-fcbb-4949-a5f0-1a707f0e2cf2.JPG,squash powdery mildew,squash powdery mildew,0.07881966978311539
datasets/plantvillage/data_distribution_for_SVM/test/0/d711e4e5-609b-4df5-b3d6-92f99a618a7b.JPG,apple scab,apple black rot,0.07647140324115753
datasets/plantvillage/data_distribution_for_SVM/test/30/51b58da9-2070-4da0-91a0-a5597b0717e8.JPG,tomato late blight,potato late blight,0.07246165722608566
datasets/plantvillage/data_distribution_for_SVM/test/25/8f2e96c6-5d71-42c6-be03-d9a05a8b82e5.JPG,squash powdery mildew,squash powdery mildew,0.07957495003938675
datasets/plantvillage/data_distribution_for_SVM/test/30/6e124a6f-466b-49e3-beff-661ae7ce791f.JPG,tomato late blight,tomato bacterial leaf spot,0.07343457639217377
datasets/plantvillage/data_distribution_for_SVM/test/30/6e17a84f-7883-4725-bdd5-e4571b127b5b.JPG,tomato late blight,apple black rot,0.073842853307724
datasets/plantvillage/data_distribution_for_SVM/test/25/210933ba-a324-4cd7-ae22-308c6d6ddd1c.JPG,squash powdery mildew,squash powdery mildew,0.0746270939707756
datasets/plantvillage/data_distribution_for_SVM/test/30/0ea75078-6193-4400-8c64-d53dbb87914a.JPG,tomato late blight,potato early blight,0.07403802871704102
datasets/plantvillage/data_distribution_for_SVM/test/8/11b127a0-337d-443d-8b0d-b05f11cc6dd5.JPG,corn rust,corn rust,0.0857938751578331
datasets/plantvillage/data_distribution_for_SVM/test/30/bcbb7eaf-77ed-4c61-91bc-632ec4d342d1.JPG,tomato late blight,apple black rot,0.08867178857326508
datasets/plantvillage/data_distribution_for_SVM/test/28/f388869a-4ce9-4c26-a60b-f3d35c659098.JPG,tomato bacterial leaf spot,potato late blight,0.07261597365140915
datasets/plantvillage/data_distribution_for_SVM/test/25/3b2f60ea-a5a6-4c62-82bb-8594f9a05b44.JPG,squash powdery mildew,squash powdery mildew,0.07675670832395554
datasets/plantvillage/data_distribution_for_SVM/test/21/343511b7-e8c4-417e-9abc-fe48fa73d558.JPG,potato late blight,potato late blight,0.07365777343511581
datasets/plantvillage/data_distribution_for_SVM/test/20/23a43429-9d1d-4581-a2ae-b3e02c24d0fb.JPG,potato early blight,strawberry leaf scorch,0.07755658775568008
datasets/plantvillage/data_distribution_for_SVM/test/26/e628c9cf-7891-49d5-b569-91e95af66046.JPG,strawberry leaf scorch,strawberry leaf scorch,0.08419729024171829
datasets/plantvillage/data_distribution_for_SVM/test/21/fd5bb58b-30d1-4005-9b4a-77f5d4e7b665.JPG,potato late blight,apple black rot,0.08474107086658478
datasets/plantvillage/data_distribution_for_SVM/test/1/6e8d82a0-64d6-43ac-8370-d5459a0da2ed.JPG,apple black rot,apple black rot,0.12048959732055664
datasets/plantvillage/data_distribution_for_SVM/test/29/b8b8a641-2c09-4959-916a-968a9da55fb0.JPG,tomato early blight,potato early blight,0.08114337176084518
datasets/plantvillage/data_distribution_for_SVM/test/11/5193dc55-bc5a-4121-bda9-b43696d008de.JPG,grape black rot,grape black rot,0.0747532993555069
datasets/plantvillage/data_distribution_for_SVM/test/30/e9e35aa6-72c0-46f6-a9dc-1688f8cba13c.JPG,tomato late blight,potato late blight,0.08862161636352539
datasets/plantvillage/data_distribution_for_SVM/test/28/ef12a1b2-6dd6-4531-a94a-1fa58c0e3529.JPG,tomato bacterial leaf spot,strawberry leaf scorch,0.07827417552471161
datasets/plantvillage/data_distribution_for_SVM/test/1/012cada4-043a-42ce-843b-c1e3f54de654.JPG,apple black rot,apple black rot,0.09730977565050125
datasets/plantvillage/data_distribution_for_SVM/test/11/d9d29892-bb53-4cc4-aada-ef12a0acc1e6.JPG,grape black rot,potato early blight,0.07502145320177078
datasets/plantvillage/data_distribution_for_SVM/test/20/c46da085-bdd5-4e19-b750-8fa1f4e989df.JPG,potato early blight,strawberry leaf scorch,0.07389896363019943
datasets/plantvillage/data_distribution_for_SVM/test/29/2f94f176-7250-4ce1-b549-3cda286bc948.JPG,tomato early blight,potato early blight,0.07960864156484604
datasets/plantvillage/data_distribution_for_SVM/test/21/ce62176a-56b2-4c74-adab-884ea4c45f05.JPG,potato late blight,potato early blight,0.07416126132011414
datasets/plantvillage/data_distribution_for_SVM/test/28/b2f572e4-60e2-4db2-97bd-bc479aaaebbf.JPG,tomato bacterial leaf spot,potato early blight,0.08957044780254364
datasets/plantvillage/data_distribution_for_SVM/test/8/87deeb86-58a6-49e3-82c0-e08437f9c6f1.JPG,corn rust,potato early blight,0.0729159265756607
datasets/plantvillage/data_distribution_for_SVM/test/0/afd6e149-cb7b-4507-abe3-6af2c304ed53.JPG,apple scab,potato late blight,0.07313738018274307
datasets/plantvillage/data_distribution_for_SVM/test/29/e37e0bae-3140-4fab-a55b-da58a6b80abe.JPG,tomato early blight,strawberry leaf scorch,0.07252097874879837
datasets/plantvillage/data_distribution_for_SVM/test/21/ceb4491c-d7a5-41bf-93c7-c249d272bbe7.JPG,potato late blight,apple black rot,0.0768251121044159
datasets/plantvillage/data_distribution_for_SVM/test/29/4e3e2be7-4a55-4241-a8d4-901ad3ddc0e1.JPG,tomato early blight,tomato late blight,0.09966126084327698
datasets/plantvillage/data_distribution_for_SVM/test/25/8c115a09-c6cf-45d1-b15b-74be8fceedd4.JPG,squash powdery mildew,squash powdery mildew,0.09034603089094162
datasets/plantvillage/data_distribution_for_SVM/test/28/ceb46d9a-d003-4646-9624-ce610be36524.JPG,tomato bacterial leaf spot,apple black rot,0.07366418093442917
datasets/plantvillage/data_distribution_for_SVM/test/9/a87329c6-7397-42ba-a66d-966acb782679.JPG,corn northern leaf blight,corn gray leaf spot,0.16211365163326263
datasets/plantvillage/data_distribution_for_SVM/test/26/e07ac109-23cd-44dc-8bdd-089986016a12.JPG,strawberry leaf scorch,strawberry leaf scorch,0.12846386432647705
datasets/plantvillage/data_distribution_for_SVM/test/21/0cbf772d-06cd-41f0-84fc-25c6cfc84c4b.JPG,potato late blight,potato early blight,0.07455466687679291
datasets/plantvillage/data_distribution_for_SVM/test/30/5ab980f1-e65c-4850-95af-e10daa45a612.JPG,tomato late blight,apple black rot,0.072309210896492
datasets/plantvillage/data_distribution_for_SVM/test/28/ed25dd7b-8c44-4741-b3f6-5cfe23648183.JPG,tomato bacterial leaf spot,strawberry leaf scorch,0.07219722121953964
datasets/plantvillage/data_distribution_for_SVM/test/28/20dbfb84-2642-4b24-92f7-0c6ec5350f8b.JPG,tomato bacterial leaf spot,potato early blight,0.07380843162536621
datasets/plantvillage/data_distribution_for_SVM/test/29/65b10b73-01c9-426b-8afa-5ea0d56aedb1.JPG,tomato early blight,tomato late blight,0.0761580541729927
datasets/plantvillage/data_distribution_for_SVM/test/28/af03bbca-d06f-449f-aa51-641ad8c0e9a9.JPG,tomato bacterial leaf spot,strawberry leaf scorch,0.07393030822277069
datasets/plantvillage/data_distribution_for_SVM/test/26/bf92a81f-08c0-43aa-962d-3ff46acd11e5.JPG,strawberry leaf scorch,strawberry leaf scorch,0.11799804121255875
datasets/plantvillage/data_distribution_for_SVM/test/9/d1c6645e-67af-476f-8265-b15cd79f8ad6.JPG,corn northern leaf blight,corn gray leaf spot,0.09005063027143478
datasets/plantvillage/data_distribution_for_SVM/test/21/f3c03e12-53b9-4840-b5cc-797ababf2a09.JPG,potato late blight,potato late blight,0.07760573923587799
datasets/plantvillage/data_distribution_for_SVM/test/11/648a94ad-d8b3-4fed-96a5-2e9101f99fc0.JPG,grape black rot,strawberry leaf scorch,0.07253912091255188
datasets/plantvillage/data_distribution_for_SVM/test/30/b51946c4-b645-43d1-8895-2ba92695be31.JPG,tomato late blight,apple black rot,0.07406458258628845
datasets/plantvillage/data_distribution_for_SVM/test/26/d99f9424-6551-4fbd-b09a-eba2279708c8.JPG,strawberry leaf scorch,strawberry leaf scorch,0.08605334907770157
datasets/plantvillage/data_distribution_for_SVM/test/9/b3f39de8-7eb4-41ec-8d50-d356eac8be4d.JPG,corn northern leaf blight,corn gray leaf spot,0.12612366676330566
datasets/plantvillage/data_distribution_for_SVM/test/11/942f3ff1-3c02-49e6-ba21-dc9800a6a759.JPG,grape black rot,grape black rot,0.07597607374191284
datasets/plantvillage/data_distribution_for_SVM/test/26/379a7deb-f482-40bd-baaa-f48b018b722c.JPG,strawberry leaf scorch,strawberry leaf scorch,0.07761651277542114
datasets/plantvillage/data_distribution_for_SVM/test/25/2e4a7311-4ff7-4ccd-b3c8-f8dadcffadea.JPG,squash powdery mildew,squash powdery mildew,0.07743583619594574
datasets/plantvillage/data_distribution_for_SVM/test/8/1ef2089b-1a8f-4af7-8e67-e76c1d7f19f4.JPG,corn rust,corn gray leaf spot,0.09640762954950333
datasets/plantvillage/data_distribution_for_SVM/test/28/07e30868-f18e-49b1-9da1-8eefd3e8b2b7.JPG,tomato bacterial leaf spot,strawberry leaf scorch,0.07292085886001587
datasets/plantvillage/data_distribution_for_SVM/test/2/a3a8b215-84d5-42ed-9a15-574379681194.JPG,apple rust,apple black rot,0.07867029309272766
datasets/plantvillage/data_distribution_for_SVM/test/11/15ce8ba9-5fb1-4782-8158-0ba506f1886e.JPG,grape black rot,strawberry leaf scorch,0.07297994196414948
datasets/plantvillage/data_distribution_for_SVM/test/29/8d623445-0c2d-4157-92e3-93929112116d.JPG,tomato early blight,corn gray leaf spot,0.07288375496864319
datasets/plantvillage/data_distribution_for_SVM/test/28/3372a4c2-9411-446c-9bf3-107092dc4352.JPG,tomato bacterial leaf spot,potato early blight,0.07673485577106476
datasets/plantvillage/data_distribution_for_SVM/test/0/b1d73e3f-2f1e-4d58-9a1c-dd6712c6428c.JPG,apple scab,apple black rot,0.07509083300828934
datasets/plantvillage/data_distribution_for_SVM/test/25/2538f660-dc80-475b-a3d6-6941f90c310d.JPG,squash powdery mildew,squash powdery mildew,0.08061230182647705
datasets/plantvillage/data_distribution_for_SVM/test/30/3b67b911-e98d-44f3-aa64-36ad9c5311b3.JPG,tomato late blight,potato late blight,0.08114966005086899
datasets/plantvillage/data_distribution_for_SVM/test/9/725046a0-5377-4c50-9278-9c504acbdd1b.JPG,corn northern leaf blight,corn gray leaf spot,0.14917847514152527
datasets/plantvillage/data_distribution_for_SVM/test/30/1038a626-b747-4146-8375-2aa510bd2f85.JPG,tomato late blight,corn gray leaf spot,0.07217498868703842
datasets/plantvillage/data_distribution_for_SVM/test/28/0470df9a-d24f-49c2-a0da-d0598788c5f3.JPG,tomato bacterial leaf spot,strawberry leaf scorch,0.0738157257437706
datasets/plantvillage/data_distribution_for_SVM/test/7/92a73eb2-1dbc-4143-8e9b-dd5a6e32ce1f.JPG,corn gray leaf spot,corn gray leaf spot,0.16575387120246887
datasets/plantvillage/data_distribution_for_SVM/test/21/0719f6b7-dc9b-45a3-b067-733deda88a2c.JPG,potato late blight,potato late blight,0.07255396991968155
datasets/plantvillage/data_distribution_for_SVM/test/25/383e23e2-8bc5-4787-9ddd-f06bdcf54bd0.JPG,squash powdery mildew,squash powdery mildew,0.07932067662477493
datasets/plantvillage/data_distribution_for_SVM/test/25/548346fb-ccea-425d-92fe-02cda99db91e.JPG,squash powdery mildew,squash powdery mildew,0.07311040163040161
datasets/plantvillage/data_distribution_for_SVM/test/1/95fcf9d6-18da-4db9-9d98-363604cb6b66.JPG,apple black rot,apple black rot,0.07849860191345215
datasets/plantvillage/data_distribution_for_SVM/test/30/24f917a4-419f-40d1-afae-d8687c45ea98.JPG,tomato late blight,potato late blight,0.07383571565151215
datasets/plantvillage/data_distribution_for_SVM/test/21/9be1ab93-dbca-4aa5-aecc-9f9647e71cea.JPG,potato late blight,corn gray leaf spot,0.0728946179151535
datasets/plantvillage/data_distribution_for_SVM/test/28/5b0630d2-63f7-4295-848f-ffaee2dfe06b.JPG,tomato bacterial leaf spot,potato early blight,0.07853064686059952
datasets/plantvillage/data_distribution_for_SVM/test/1/af6ae7b8-2f44-42bc-ba9e-8d88def7175c.JPG,apple black rot,apple black rot,0.1024821475148201
datasets/plantvillage/data_distribution_for_SVM/test/8/a92395c6-bb88-4154-840f-adc40da5051a.JPG,corn rust,corn gray leaf spot,0.11367310583591461
datasets/plantvillage/data_distribution_for_SVM/test/29/bfdfde7e-a667-4eb5-a8e9-987c576a7c58.JPG,tomato early blight,tomato late blight,0.07350437343120575
datasets/plantvillage/data_distribution_for_SVM/test/26/ff362e43-68f7-4203-91d1-354462580ab2.JPG,strawberry leaf scorch,strawberry leaf scorch,0.13446198403835297
datasets/plantvillage/data_distribution_for_SVM/test/21/b9ef6067-1d20-4a34-bcf8-5f396901bac1.JPG,potato late blight,apple black rot,0.08067604154348373
datasets/plantvillage/data_distribution_for_SVM/test/8/2a692e94-b480-43d8-92b9-f0001829db1b.JPG,corn rust,corn gray leaf spot,0.1237688660621643
datasets/plantvillage/data_distribution_for_SVM/test/29/107b6132-7589-4162-9f48-f74fd4d2b20d.JPG,tomato early blight,strawberry leaf scorch,0.07217465341091156
datasets/plantvillage/data_distribution_for_SVM/test/2/a3710f7b-7460-4ba3-8c90-bb5e5d4fac7f.JPG,apple rust,apple black rot,0.07677822560071945
datasets/plantvillage/data_distribution_for_SVM/test/28/d954be6b-792c-43da-ad82-94f34cd9d108.JPG,tomato bacterial leaf spot,strawberry leaf scorch,0.07297328859567642
datasets/plantvillage/data_distribution_for_SVM/test/29/c829eb29-23eb-4625-ae8e-1e86f0e6d6be.JPG,tomato early blight,tomato late blight,0.07251404225826263
datasets/plantvillage/data_distribution_for_SVM/test/25/e7803f8e-3806-42fc-82b5-75e6cee66c52.JPG,squash powdery mildew,squash powdery mildew,0.07668095827102661
datasets/plantvillage/data_distribution_for_SVM/test/29/6220a1e7-fee0-411d-845b-7c372818e028.JPG,tomato early blight,apple black rot,0.07993151247501373
datasets/plantvillage/data_distribution_for_SVM/test/11/52bd5802-83d0-4027-8402-ed291c3b0e7f.JPG,grape black rot,grape black rot,0.07663272321224213
datasets/plantvillage/data_distribution_for_SVM/test/7/98cda012-f26b-4b5a-9858-c7fd5621aaf2.JPG,corn gray leaf spot,corn gray leaf spot,0.09142254292964935
datasets/plantvillage/data_distribution_for_SVM/test/11/f7bacce5-f4c5-4d2a-a954-7eecfae60fc9.JPG,grape black rot,grape black rot,0.09484149515628815
datasets/plantvillage/data_distribution_for_SVM/test/8/3a7ddd61-1661-4afe-b2c3-d6f968a38b1b.JPG,corn rust,corn gray leaf spot,0.09198714792728424
datasets/plantvillage/data_distribution_for_SVM/test/28/cfd4343d-b277-4d45-a243-796e85d18200.JPG,tomato bacterial leaf spot,strawberry leaf scorch,0.07581493258476257
datasets/plantvillage/data_distribution_for_SVM/test/11/e67f9088-1fe8-4d7c-893f-b39c525d5f85.JPG,grape black rot,grape black rot,0.08534959703683853
datasets/plantvillage/data_distribution_for_SVM/test/9/83c1d1d0-a47e-42b3-8be5-652e48f0aba0.JPG,corn northern leaf blight,corn gray leaf spot,0.14409509301185608
datasets/plantvillage/data_distribution_for_SVM/test/26/b2165915-7619-4d51-9144-28d1ab803212.JPG,strawberry leaf scorch,strawberry leaf scorch,0.08524889498949051
datasets/plantvillage/data_distribution_for_SVM/test/30/63bf1bb3-1129-4185-b9c7-45164591ccd2.JPG,tomato late blight,potato late blight,0.07508819550275803
datasets/plantvillage/data_distribution_for_SVM/test/25/0454d7f8-9cad-4343-8b6a-a147521cfd9d.JPG,squash powdery mildew,squash powdery mildew,0.07276927679777145
datasets/plantvillage/data_distribution_for_SVM/test/21/209a8235-79a9-42d0-9a93-56551a762935.JPG,potato late blight,potato late blight,0.09575019776821136
datasets/plantvillage/data_distribution_for_SVM/test/30/2f31ffc5-88d1-419b-b5da-bda6f9eed7a7.JPG,tomato late blight,apple black rot,0.07510048896074295
datasets/plantvillage/data_distribution_for_SVM/test/21/05719754-c737-4852-93cd-1cb844ec1adf.JPG,potato late blight,apple black rot,0.07213868945837021
datasets/plantvillage/data_distribution_for_SVM/test/20/67c1f37d-08eb-4619-961a-cf1cb17e96c9.JPG,potato early blight,strawberry leaf scorch,0.07486014813184738
datasets/plantvillage/data_distribution_for_SVM/test/25/36debfcf-5fe9-46dc-913a-7078ebcb6a5b.JPG,squash powdery mildew,squash powdery mildew,0.07638531923294067
datasets/plantvillage/data_distribution_for_SVM/test/20/fbf650d6-0802-4413-ab58-802dd971e49a.JPG,potato early blight,apple rust,0.07458088546991348
datasets/plantvillage/data_distribution_for_SVM/test/25/8bcb7171-793c-45b6-8111-3d2cd6ccc200.JPG,squash powdery mildew,corn gray leaf spot,0.07280070334672928
datasets/plantvillage/data_distribution_for_SVM/test/9/bbfd2abb-01d0-4aa1-b151-1d9981c4aa65.JPG,corn northern leaf blight,corn gray leaf spot,0.11017391085624695
datasets/plantvillage/data_distribution_for_SVM/test/9/64a5bd02-94cd-4f92-bb1d-a11457c673b4.JPG,corn northern leaf blight,corn gray leaf spot,0.13625718653202057
datasets/plantvillage/data_distribution_for_SVM/test/11/8b89aad0-0ccb-4aa3-8e76-ef4d1cc70cac.JPG,grape black rot,grape black rot,0.07245441526174545
datasets/plantvillage/data_distribution_for_SVM/test/28/301184d5-e6c5-42f5-ac74-d75327e8ee7b.JPG,tomato bacterial leaf spot,strawberry leaf scorch,0.07549402862787247
datasets/plantvillage/data_distribution_for_SVM/test/9/36e59a84-3070-41ac-8c0c-813f30090e53.JPG,corn northern leaf blight,corn gray leaf spot,0.13683126866817474
datasets/plantvillage/data_distribution_for_SVM/test/21/ab53a8b8-d9c7-4599-a099-380470a3b00a.JPG,potato late blight,potato early blight,0.07292549312114716
datasets/plantvillage/data_distribution_for_SVM/test/9/6ffc8afd-b4b1-4859-9967-c86c3a6e493c.JPG,corn northern leaf blight,corn gray leaf spot,0.11190706491470337
datasets/plantvillage/data_distribution_for_SVM/test/0/8c2dfa7d-2dbf-4e23-8166-0ff939d337d2.JPG,apple scab,apple black rot,0.07320524007081985
datasets/plantvillage/data_distribution_for_SVM/test/28/cba44951-c7ab-414f-8d8c-8645239275cc.JPG,tomato bacterial leaf spot,apple black rot,0.0729309692978859
datasets/plantvillage/data_distribution_for_SVM/test/20/7999f0c0-0f29-4244-b1cc-e6ea763fd45f.JPG,potato early blight,potato early blight,0.07268394529819489
datasets/plantvillage/data_distribution_for_SVM/test/7/a9d404ab-c447-4672-ab54-6aa51faaf541.JPG,corn gray leaf spot,corn gray leaf spot,0.11961889266967773
datasets/plantvillage/data_distribution_for_SVM/test/29/86c9c27c-5257-4c89-8fea-05e7f0738875.JPG,tomato early blight,potato early blight,0.07297153770923615
datasets/plantvillage/data_distribution_for_SVM/test/2/10b86a45-ec27-437f-ae7b-639356f745a5.JPG,apple rust,potato early blight,0.07418392598628998
datasets/plantvillage/data_distribution_for_SVM/test/28/a6bb6b7d-3503-47ce-86fd-26e81f2b471d.JPG,tomato bacterial leaf spot,potato early blight,0.07446590811014175
datasets/plantvillage/data_distribution_for_SVM/test/25/864042d8-60e9-48c9-89d1-a2d8b3d4a66d.JPG,squash powdery mildew,corn gray leaf spot,0.07304154336452484
datasets/plantvillage/data_distribution_for_SVM/test/30/ba053f3c-18e2-46fc-abb6-78fb3ded8c07.JPG,tomato late blight,apple black rot,0.08175155520439148
datasets/plantvillage/data_distribution_for_SVM/test/8/aceb4a8a-2ef8-4231-b6bc-975fb72704b6.JPG,corn rust,corn gray leaf spot,0.09028826653957367
datasets/plantvillage/data_distribution_for_SVM/test/30/9eb7025f-4549-4386-86eb-8ed05a24d7c6.JPG,tomato late blight,potato late blight,0.07381398230791092
datasets/plantvillage/data_distribution_for_SVM/test/7/bef51773-29ee-4dcc-a5fc-f74d543e4114.JPG,corn gray leaf spot,corn gray leaf spot,0.11111155897378922
datasets/plantvillage/data_distribution_for_SVM/test/20/2bb158f1-a05d-4469-9a63-5333f7d7f7d6.JPG,potato early blight,apple black rot,0.0741293653845787
datasets/plantvillage/data_distribution_for_SVM/test/20/2f273aa4-73b6-40fd-829b-10aed787f1d2.JPG,potato early blight,potato early blight,0.07208316773176193
datasets/plantvillage/data_distribution_for_SVM/test/30/3aa7675b-01db-4304-aec7-0001163c7127.JPG,tomato late blight,corn gray leaf spot,0.07449492067098618
datasets/plantvillage/data_distribution_for_SVM/test/9/fd060961-7cc2-4935-8a64-c8437f1c499b.JPG,corn northern leaf blight,corn gray leaf spot,0.15871798992156982
datasets/plantvillage/data_distribution_for_SVM/test/11/f8ffb32e-375b-4c79-9886-4c19708c1ac3.JPG,grape black rot,grape black rot,0.07794629782438278
datasets/plantvillage/data_distribution_for_SVM/test/28/3487ec16-924f-45b5-82af-9c081c1b4155.JPG,tomato bacterial leaf spot,apple black rot,0.07311905920505524
datasets/plantvillage/data_distribution_for_SVM/test/28/b05576c3-be68-4d10-bda5-574e58c70d09.JPG,tomato bacterial leaf spot,corn gray leaf spot,0.07378929853439331
datasets/plantvillage/data_distribution_for_SVM/test/25/a60b9b7b-34aa-4b46-a8b5-a00f341ba353.JPG,squash powdery mildew,squash powdery mildew,0.08137925714254379
datasets/plantvillage/data_distribution_for_SVM/test/25/b0e191f2-2107-4002-b186-dc4a29d5462d.JPG,squash powdery mildew,squash powdery mildew,0.07566213607788086
datasets/plantvillage/data_distribution_for_SVM/test/26/a2a69ac8-f6dc-4268-b60c-4206955ec97d.JPG,strawberry leaf scorch,strawberry leaf scorch,0.09958789497613907
datasets/plantvillage/data_distribution_for_SVM/test/9/58e5a345-71ed-47b8-8cc1-100fa952264d.JPG,corn northern leaf blight,corn gray leaf spot,0.12354440987110138
datasets/plantvillage/data_distribution_for_SVM/test/9/94630ca1-d360-4dfe-bc3c-10850b728ef5.JPG,corn northern leaf blight,corn gray leaf spot,0.13256128132343292
datasets/plantvillage/data_distribution_for_SVM/test/25/8a34a442-f510-4514-a941-9c780847c2fb.JPG,squash powdery mildew,squash powdery mildew,0.07337010651826859
datasets/plantvillage/data_distribution_for_SVM/test/28/af799933-94aa-4776-b5c0-2e501f61b88f.JPG,tomato bacterial leaf spot,potato early blight,0.07679183781147003
datasets/plantvillage/data_distribution_for_SVM/test/30/5bf51cc5-87d2-418a-b261-7ac832a300b8.JPG,tomato late blight,potato late blight,0.07224410027265549
datasets/plantvillage/data_distribution_for_SVM/test/26/62f228e1-0b6f-4a6a-980e-98f2fa5c8458.JPG,strawberry leaf scorch,strawberry leaf scorch,0.11216075718402863
datasets/plantvillage/data_distribution_for_SVM/test/29/f1c6b721-eeae-4c9c-96ad-9ae8f534136b.JPG,tomato early blight,strawberry leaf scorch,0.09371495991945267
datasets/plantvillage/data_distribution_for_SVM/test/9/ec523091-1be0-4364-a414-fb5e95968e63.JPG,corn northern leaf blight,corn rust,0.08878462016582489
datasets/plantvillage/data_distribution_for_SVM/test/25/2cbfa672-a23b-4c2e-b9e7-7ec7ec73af1b.JPG,squash powdery mildew,corn gray leaf spot,0.07600971311330795
datasets/plantvillage/data_distribution_for_SVM/test/26/3890ce2f-896b-436b-8a61-66eb3129178f.JPG,strawberry leaf scorch,strawberry leaf scorch,0.13655342161655426
datasets/plantvillage/data_distribution_for_SVM/test/8/9670089a-22f0-43c6-bb97-5da78a7af522.JPG,corn rust,corn rust,0.0781266912817955
datasets/plantvillage/data_distribution_for_SVM/test/30/347be375-3d5e-4b6c-80bd-6fd014603b21.JPG,tomato late blight,potato late blight,0.07221352308988571
datasets/plantvillage/data_distribution_for_SVM/test/11/e80c28a9-e6ba-4de9-92f8-816382844705.JPG,grape black rot,grape black rot,0.07330041378736496
datasets/plantvillage/data_distribution_for_SVM/test/8/5a4e92a0-178d-423f-b6cf-95a415f93a35.JPG,corn rust,corn gray leaf spot,0.08528062701225281
datasets/plantvillage/data_distribution_for_SVM/test/25/5992891b-b982-47ed-9416-9e6ae54c290e.JPG,squash powdery mildew,squash powdery mildew,0.0773724839091301
datasets/plantvillage/data_distribution_for_SVM/test/8/f6a744eb-a3eb-4ee4-9ded-2687bc386237.JPG,corn rust,corn gray leaf spot,0.0817035585641861
datasets/plantvillage/data_distribution_for_SVM/test/28/a8334012-f2d5-4e55-afa5-f71bff1c34ba.JPG,tomato bacterial leaf spot,strawberry leaf scorch,0.08825670182704926
datasets/plantvillage/data_distribution_for_SVM/test/30/3dc7c539-80b2-420f-b93b-c15a639a88b4.JPG,tomato late blight,apple black rot,0.0725640133023262
datasets/plantvillage/data_distribution_for_SVM/test/25/dd3a64b8-ccb1-4ced-88bf-6f980555e283.JPG,squash powdery mildew,squash powdery mildew,0.07816954702138901
datasets/plantvillage/data_distribution_for_SVM/test/30/eef6f5d1-d884-4c90-b5a9-46698e0d5c3f.JPG,tomato late blight,tomato late blight,0.0731579139828682
datasets/plantvillage/data_distribution_for_SVM/test/25/7266a128-d7b5-4cf0-8de6-38a0eda9f0e0.JPG,squash powdery mildew,squash powdery mildew,0.09136566519737244
datasets/plantvillage/data_distribution_for_SVM/test/26/75164956-f2f7-4410-9da3-102e7d679b08.JPG,strawberry leaf scorch,strawberry leaf scorch,0.15422047674655914
datasets/plantvillage/data_distribution_for_SVM/test/30/1487214c-a5b1-4062-8623-014b72001f55.JPG,tomato late blight,potato early blight,0.07417745888233185
datasets/plantvillage/data_distribution_for_SVM/test/30/d583a575-5343-47fd-b089-de05247a9f11.JPG,tomato late blight,apple black rot,0.07230566442012787
datasets/plantvillage/data_distribution_for_SVM/test/8/fe901a0e-70cd-44d7-922a-54b2479cf371.JPG,corn rust,corn rust,0.08382415771484375
datasets/plantvillage/data_distribution_for_SVM/test/26/ae9717ab-4759-4856-a807-11a02fa0016f.JPG,strawberry leaf scorch,strawberry leaf scorch,0.08478331565856934
datasets/plantvillage/data_distribution_for_SVM/test/2/61434a07-8543-47ec-a42d-9ea24215a41e.JPG,apple rust,apple black rot,0.0786304846405983
datasets/plantvillage/data_distribution_for_SVM/test/26/b236b788-28bd-4c4f-b21e-e2df06eb59ec.JPG,strawberry leaf scorch,strawberry leaf scorch,0.07567571848630905
datasets/plantvillage/data_distribution_for_SVM/test/30/1e2b6237-b677-4953-8b7b-2a6d7e218aa3.JPG,tomato late blight,tomato late blight,0.07331034541130066
datasets/plantvillage/data_distribution_for_SVM/test/9/e07f7a0a-1eb0-42fe-8f41-872d7699618d.JPG,corn northern leaf blight,corn northern leaf blight,0.10594717413187027
datasets/plantvillage/data_distribution_for_SVM/test/30/24807eab-aa48-4aa4-aee2-6c5f2db72afc.JPG,tomato late blight,potato early blight,0.07244402915239334
datasets/plantvillage/data_distribution_for_SVM/test/9/4e107c97-61b8-4f0f-a66d-32f1c9747e03.JPG,corn northern leaf blight,corn gray leaf spot,0.1487945169210434
datasets/plantvillage/data_distribution_for_SVM/test/25/103b8804-4b23-4a3d-bb2a-75e7d26d8a19.JPG,squash powdery mildew,squash powdery mildew,0.07280422002077103
datasets/plantvillage/data_distribution_for_SVM/test/11/cc014fa7-fe5d-451b-b727-6a5f4fc7e692.JPG,grape black rot,grape black rot,0.08067763596773148
datasets/plantvillage/data_distribution_for_SVM/test/25/31486cf6-8282-4316-85b9-0f3379d4d6ea.JPG,squash powdery mildew,squash powdery mildew,0.0780256986618042
datasets/plantvillage/data_distribution_for_SVM/test/25/2fc3961c-fad9-4f94-8268-5bcfb0dcc4ef.JPG,squash powdery mildew,squash powdery mildew,0.07567117363214493
datasets/plantvillage/data_distribution_for_SVM/test/30/35694615-dc6c-40b9-851c-35202f2d5bb6.JPG,tomato late blight,potato early blight,0.07670756429433823
datasets/plantvillage/data_distribution_for_SVM/test/11/3f5c2f8f-df9c-4ee1-af6c-ce815c1153cd.JPG,grape black rot,grape black rot,0.08532087504863739
datasets/plantvillage/data_distribution_for_SVM/test/8/820b28ba-87cb-4913-b0a5-4414ebef50f9.JPG,corn rust,corn gray leaf spot,0.1325056552886963
datasets/plantvillage/data_distribution_for_SVM/test/30/fed77637-1743-4e5d-a31f-64422a4e5ace.JPG,tomato late blight,potato late blight,0.07847777754068375
datasets/plantvillage/data_distribution_for_SVM/test/9/9cf20068-6c6f-44e3-8a3a-162c1ec23cc6.JPG,corn northern leaf blight,corn gray leaf spot,0.09659797698259354
datasets/plantvillage/data_distribution_for_SVM/test/29/c83d652f-1016-4396-a320-1a76bbbcb987.JPG,tomato early blight,potato early blight,0.07442139834165573
datasets/plantvillage/data_distribution_for_SVM/test/25/c745e0f4-96c5-4eba-a80c-cadad47b3325.JPG,squash powdery mildew,squash powdery mildew,0.07344971597194672
datasets/plantvillage/data_distribution_for_SVM/test/11/44df02de-7465-4ab0-bac4-0b26c4a73533.JPG,grape black rot,grape black rot,0.0826934278011322
datasets/plantvillage/data_distribution_for_SVM/test/21/08879fea-6dfa-4bed-aef8-e777c01ffd53.JPG,potato late blight,apple black rot,0.07861072570085526
datasets/plantvillage/data_distribution_for_SVM/test/26/f43b07fe-a0ff-4579-b832-f1f4cb4099ba.JPG,strawberry leaf scorch,strawberry leaf scorch,0.13523919880390167
datasets/plantvillage/data_distribution_for_SVM/test/26/83bc52e1-fc2e-4fda-aa25-837ebdca4bc1.JPG,strawberry leaf scorch,strawberry leaf scorch,0.15388596057891846
datasets/plantvillage/data_distribution_for_SVM/test/30/0d5d36e1-52ab-45bd-9535-0782d3a675e7.JPG,tomato late blight,tomato late blight,0.07364628463983536
datasets/plantvillage/data_distribution_for_SVM/test/29/bd693ced-55cc-426c-bcf1-87cc6bbe77cf.JPG,tomato early blight,potato early blight,0.07330724596977234
datasets/plantvillage/data_distribution_for_SVM/test/11/88ed2a37-4f0c-42e3-88c9-4a09758b20b9.JPG,grape black rot,grape black rot,0.07778820395469666
datasets/plantvillage/data_distribution_for_SVM/test/21/34d8b542-4ce0-43a0-a7a9-65f227afb31b.JPG,potato late blight,potato late blight,0.08797669410705566
datasets/plantvillage/data_distribution_for_SVM/test/28/f53df385-a411-4347-919a-71b3bbdb31cb.JPG,tomato bacterial leaf spot,potato early blight,0.07232878357172012
datasets/plantvillage/data_distribution_for_SVM/test/26/617f10b7-b127-4f42-a05f-d99c92dfd8fa.JPG,strawberry leaf scorch,strawberry leaf scorch,0.07847725600004196
datasets/plantvillage/data_distribution_for_SVM/test/0/e73767cc-e2f3-4d05-bd0b-4d74469e3bb7.JPG,apple scab,apple black rot,0.07710042595863342
datasets/plantvillage/data_distribution_for_SVM/test/28/2ee4ec99-78c1-4e3c-90ea-fb5f66725a82.JPG,tomato bacterial leaf spot,corn gray leaf spot,0.07692313194274902
datasets/plantvillage/data_distribution_for_SVM/test/21/1cf0091a-beba-42f2-be63-7e3b98ddfa97.JPG,potato late blight,potato early blight,0.07355579733848572
datasets/plantvillage/data_distribution_for_SVM/test/29/1f367747-41c5-47df-943c-57525efb4da5.JPG,tomato early blight,strawberry leaf scorch,0.07565456628799438
datasets/plantvillage/data_distribution_for_SVM/test/26/c7009205-cb2c-45c1-9988-abc303c53b7d.JPG,strawberry leaf scorch,strawberry leaf scorch,0.11434745788574219
datasets/plantvillage/data_distribution_for_SVM/test/28/f54a7a03-de55-4d2b-a4a3-63e84d6aba3b.JPG,tomato bacterial leaf spot,potato late blight,0.07318112999200821
datasets/plantvillage/data_distribution_for_SVM/test/11/473cac78-b804-4d74-9f0a-380366aa5454.JPG,grape black rot,grape black rot,0.08862260729074478
datasets/plantvillage/data_distribution_for_SVM/test/28/00844534-96f5-4ae0-82db-fe642f632d77.JPG,tomato bacterial leaf spot,strawberry leaf scorch,0.07421370595693588
datasets/plantvillage/data_distribution_for_SVM/test/28/e4e1dd24-6749-4412-ad3f-8f131588dbe7.JPG,tomato bacterial leaf spot,potato late blight,0.07223103940486908
datasets/plantvillage/data_distribution_for_SVM/test/0/ecdec0e3-364d-447e-9cfe-6ce4309e2478.JPG,apple scab,apple black rot,0.0880431979894638
datasets/plantvillage/data_distribution_for_SVM/test/8/9bb58760-b1cb-49d8-b15d-78ac84fba355.JPG,corn rust,corn rust,0.07241763174533844
datasets/plantvillage/data_distribution_for_SVM/test/30/b09573a9-72ad-43c1-8303-be3449ff7ac2.JPG,tomato late blight,corn northern leaf blight,0.07239378988742828
datasets/plantvillage/data_distribution_for_SVM/test/26/e7b93f54-2fb2-40d4-96d2-d0043c76ada3.JPG,strawberry leaf scorch,apple scab,0.07333360612392426
datasets/plantvillage/data_distribution_for_SVM/test/20/5977ea4a-f4fd-46a3-9e46-bbb389bb5a31.JPG,potato early blight,apple rust,0.07457374036312103
datasets/plantvillage/data_distribution_for_SVM/test/25/0a9f0957-9884-41e3-ae2c-84b673767a90.JPG,squash powdery mildew,squash powdery mildew,0.0798601359128952
datasets/plantvillage/data_distribution_for_SVM/test/1/4a340f99-5244-4f70-8562-b3550984f9b5.JPG,apple black rot,apple black rot,0.10911335796117783
datasets/plantvillage/data_distribution_for_SVM/test/25/5922d693-38cd-4329-a3ff-61a46c4b9d8c.JPG,squash powdery mildew,squash powdery mildew,0.08410272002220154
datasets/plantvillage/data_distribution_for_SVM/test/11/d63040b4-b691-4710-9ffe-124a3e9e2b69.JPG,grape black rot,grape black rot,0.07380110770463943
datasets/plantvillage/data_distribution_for_SVM/test/11/d18d1943-69ae-4fca-b81e-4abf53f7b077.JPG,grape black rot,grape black rot,0.07456672936677933
datasets/plantvillage/data_distribution_for_SVM/test/7/60138610-fcf2-45d8-9a99-cc6d1e2cedcd.JPG,corn gray leaf spot,corn gray leaf spot,0.15724831819534302
datasets/plantvillage/data_distribution_for_SVM/test/25/519f9ca2-021a-42f8-856f-69d3d3206a57.JPG,squash powdery mildew,squash powdery mildew,0.07710640132427216
datasets/plantvillage/data_distribution_for_SVM/test/20/1a8e4053-4aa2-458d-8f53-2895403b4566.JPG,potato early blight,potato early blight,0.07582662254571915
datasets/plantvillage/data_distribution_for_SVM/test/28/89771956-61f2-4582-9391-33bc8c2df93c.JPG,tomato bacterial leaf spot,potato early blight,0.07346674054861069
datasets/plantvillage/data_distribution_for_SVM/test/30/83746f4d-8210-49d9-87b2-fdfaeee49ca3.JPG,tomato late blight,potato late blight,0.07388172298669815
datasets/plantvillage/data_distribution_for_SVM/test/2/ca4ad985-9328-4788-a821-f554ce6c12c8.JPG,apple rust,corn gray leaf spot,0.07456405460834503
datasets/plantvillage/data_distribution_for_SVM/test/30/9dde0ad1-78f7-4763-88a3-d8c70f055c39.JPG,tomato late blight,potato late blight,0.0732475146651268
datasets/plantvillage/data_distribution_for_SVM/test/20/555dc90f-9e2c-49a7-8803-16039ea9850a.JPG,potato early blight,apple scab,0.07718531042337418
datasets/plantvillage/data_distribution_for_SVM/test/25/781415e2-6687-445b-b732-1dd31d84afd1.JPG,squash powdery mildew,squash powdery mildew,0.07346861809492111
datasets/plantvillage/data_distribution_for_SVM/test/20/3fa777a3-7734-4a8d-bf52-20b8485aa214.JPG,potato early blight,strawberry leaf scorch,0.07342332601547241
datasets/plantvillage/data_distribution_for_SVM/test/28/805fe7d4-02b5-4e87-b49d-0de77b3c6a98.JPG,tomato bacterial leaf spot,strawberry leaf scorch,0.07534097135066986
datasets/plantvillage/data_distribution_for_SVM/test/0/6cf96847-81fc-4303-953c-7eccaade2e14.JPG,apple scab,potato late blight,0.07388622313737869
datasets/plantvillage/data_distribution_for_SVM/test/11/7ef003fd-f055-4204-8daa-10dbd26ba337.JPG,grape black rot,apple black rot,0.08255795389413834
datasets/plantvillage/data_distribution_for_SVM/test/8/b4f4af68-51ef-4142-9f60-e18e5b445016.JPG,corn rust,corn gray leaf spot,0.08160074055194855
datasets/plantvillage/data_distribution_for_SVM/test/11/8b89b04b-a1f9-437a-8a7f-4a69dc865e9c.JPG,grape black rot,grape black rot,0.07468529045581818
datasets/plantvillage/data_distribution_for_SVM/test/26/cb73c0ee-1e04-409b-83d9-dfeec94e6361.JPG,strawberry leaf scorch,strawberry leaf scorch,0.12471479177474976
datasets/plantvillage/data_distribution_for_SVM/test/21/370b83db-fe1f-485a-9547-f41cd1419d1b.JPG,potato late blight,potato late blight,0.07404490560293198
datasets/plantvillage/data_distribution_for_SVM/test/25/d59676ae-7893-4f8f-ab07-cda27602bfe8.JPG,squash powdery mildew,squash powdery mildew,0.07518105953931808
datasets/plantvillage/data_distribution_for_SVM/test/28/587aa8b2-37f0-4372-85fe-0d69c9c940d9.JPG,tomato bacterial leaf spot,potato late blight,0.07414065301418304
datasets/plantvillage/data_distribution_for_SVM/test/30/7c4b4f17-0390-4452-a3f7-b7d795bcf708.JPG,tomato late blight,tomato late blight,0.07217665016651154
datasets/plantvillage/data_distribution_for_SVM/test/7/a3380c29-9eb0-4926-85cc-fefd99faa278.JPG,corn gray leaf spot,corn gray leaf spot,0.08126925677061081
datasets/plantvillage/data_distribution_for_SVM/test/28/5aba48d4-a50f-4c6e-8381-288b7e33f495.JPG,tomato bacterial leaf spot,strawberry leaf scorch,0.07449742406606674
datasets/plantvillage/data_distribution_for_SVM/test/9/a44f16fb-b53e-4c7b-a58c-04bce06cb19b.JPG,corn northern leaf blight,corn northern leaf blight,0.09185687452554703
datasets/plantvillage/data_distribution_for_SVM/test/25/978ac3d6-8fc9-4692-9ab0-c6c9fb07119a.JPG,squash powdery mildew,squash powdery mildew,0.07470172643661499
datasets/plantvillage/data_distribution_for_SVM/test/28/019f05ef-471c-4506-b138-bdb943837a22.JPG,tomato bacterial leaf spot,apple black rot,0.0809292271733284
datasets/plantvillage/data_distribution_for_SVM/test/30/030be878-879a-4e7d-a2bc-0774146ad557.JPG,tomato late blight,potato late blight,0.08147213608026505
datasets/plantvillage/data_distribution_for_SVM/test/28/4936ec2e-019b-4284-84e5-a4a363cd6df5.JPG,tomato bacterial leaf spot,strawberry leaf scorch,0.07499182969331741
datasets/plantvillage/data_distribution_for_SVM/test/29/900c6c00-22ad-4f10-af9c-c78f7e5c01e5.JPG,tomato early blight,potato late blight,0.0747666209936142
datasets/plantvillage/data_distribution_for_SVM/test/25/64d145eb-18a4-4dd8-95a9-f12144692602.JPG,squash powdery mildew,squash powdery mildew,0.07287036627531052
datasets/plantvillage/data_distribution_for_SVM/test/21/55415a71-eb47-48ec-a3d5-c672b4d0d3e8.JPG,potato late blight,apple black rot,0.076836496591568
datasets/plantvillage/data_distribution_for_SVM/test/9/30b60f35-32c4-4929-84e1-bb308d1ba7d4.JPG,corn northern leaf blight,corn gray leaf spot,0.12945213913917542
datasets/plantvillage/data_distribution_for_SVM/test/20/5c441920-8a3b-4833-9676-b0d810577ac0.JPG,potato early blight,potato early blight,0.07391835004091263
datasets/plantvillage/data_distribution_for_SVM/test/25/8bc123d1-84d3-4ec9-8f35-2aaed8c714c8.JPG,squash powdery mildew,apple black rot,0.0719509944319725
datasets/plantvillage/data_distribution_for_SVM/test/9/935bd388-6175-4635-95e6-176530a0ddbe.JPG,corn northern leaf blight,corn gray leaf spot,0.12493377178907394
datasets/plantvillage/data_distribution_for_SVM/test/26/bf4b8d57-4e87-405b-b886-472974c75f7b.JPG,strawberry leaf scorch,strawberry leaf scorch,0.10614649206399918
datasets/plantvillage/data_distribution_for_SVM/test/0/ecb43fa9-02b5-4050-a86d-61ab5f325898.JPG,apple scab,apple black rot,0.08012460172176361
datasets/plantvillage/data_distribution_for_SVM/test/29/d1f78648-f487-4104-bdb1-06965d74f6ea.JPG,tomato early blight,potato early blight,0.08806692063808441
datasets/plantvillage/data_distribution_for_SVM/test/29/5fd1bf26-c567-44dd-b1fc-d9816a4969d6.JPG,tomato early blight,potato early blight,0.07308850437402725
datasets/plantvillage/data_distribution_for_SVM/test/29/9cdfc0db-05d5-4687-90d8-25c658c74390.JPG,tomato early blight,potato late blight,0.0725267231464386
datasets/plantvillage/data_distribution_for_SVM/test/25/9be75673-1788-4a0b-b026-9d1477cf77aa.JPG,squash powdery mildew,squash powdery mildew,0.07493536919355392
datasets/plantvillage/data_distribution_for_SVM/test/9/1420baa5-285d-4824-bcb3-11e5aa6c2fe6.JPG,corn northern leaf blight,corn gray leaf spot,0.08388179540634155
datasets/plantvillage/data_distribution_for_SVM/test/21/c2c7dd45-c8d2-4840-bb73-507fef146eb7.JPG,potato late blight,potato early blight,0.07467496395111084
datasets/plantvillage/data_distribution_for_SVM/test/20/173bf35f-bc23-4d89-a0ba-40e8c7748916.JPG,potato early blight,potato early blight,0.07824603468179703
datasets/plantvillage/data_distribution_for_SVM/test/20/bfc4e09c-04eb-471f-a24e-2e92c9cd51ad.JPG,potato early blight,strawberry leaf scorch,0.07490789890289307
datasets/plantvillage/data_distribution_for_SVM/test/30/5516720e-8075-4158-af02-d7d92c6fd0c1.JPG,tomato late blight,tomato bacterial leaf spot,0.07236725091934204
datasets/plantvillage/data_distribution_for_SVM/test/30/e9d2933a-8edf-4ec5-aea9-9e363d3fc9a3.JPG,tomato late blight,tomato late blight,0.07265596091747284
datasets/plantvillage/data_distribution_for_SVM/test/30/41664e2a-661d-441f-94b5-d7cc22dfd37f.JPG,tomato late blight,potato late blight,0.07403762638568878
datasets/plantvillage/data_distribution_for_SVM/test/21/4e92072e-6200-40ab-bd2b-f5442bf30a60.JPG,potato late blight,potato early blight,0.07729469984769821
datasets/plantvillage/data_distribution_for_SVM/test/26/da3aac13-1b28-4e50-b8e4-1dc88cd13d68.JPG,strawberry leaf scorch,strawberry leaf scorch,0.1061805710196495
datasets/plantvillage/data_distribution_for_SVM/test/30/a67af3a2-542a-4dbe-a787-0335fd6f67b0.JPG,tomato late blight,corn gray leaf spot,0.07641255110502243
datasets/plantvillage/data_distribution_for_SVM/test/21/ea309911-3ea3-4e0b-824d-a1b7275233aa.JPG,potato late blight,apple black rot,0.07522004842758179
datasets/plantvillage/data_distribution_for_SVM/test/30/fea7edaa-7e33-4d65-ba72-c3e8a11040a0.JPG,tomato late blight,tomato late blight,0.07813959568738937
datasets/plantvillage/data_distribution_for_SVM/test/21/dc0aebb9-5269-4af5-9fb8-789a11622d7c.JPG,potato late blight,potato late blight,0.07447712123394012
datasets/plantvillage/data_distribution_for_SVM/test/28/be908473-62cb-4932-bf4c-ac43212bb2c3.JPG,tomato bacterial leaf spot,strawberry leaf scorch,0.07347314804792404
datasets/plantvillage/data_distribution_for_SVM/test/20/72ecb384-bfe8-47ff-ab5b-d80f78432739.JPG,potato early blight,potato early blight,0.07336996495723724
datasets/plantvillage/data_distribution_for_SVM/test/25/22720d45-7a41-4d1e-83cc-c0fb3bc4830b.JPG,squash powdery mildew,squash powdery mildew,0.07621997594833374
datasets/plantvillage/data_distribution_for_SVM/test/30/e86f32c9-8d95-40fa-a832-3b34a70d1b83.JPG,tomato late blight,potato late blight,0.08766073733568192
datasets/plantvillage/data_distribution_for_SVM/test/29/d51a1958-71f8-42be-bbe2-406eee9b1afd.JPG,tomato early blight,potato early blight,0.0769718736410141
datasets/plantvillage/data_distribution_for_SVM/test/30/b3661f08-d89c-4a08-827e-8bf29b4aab15.JPG,tomato late blight,potato late blight,0.07607869058847427
datasets/plantvillage/data_distribution_for_SVM/test/21/05f9fed0-de00-406b-bf16-a2059d3c22fb.JPG,potato late blight,potato early blight,0.0793418437242508
datasets/plantvillage/data_distribution_for_SVM/test/30/fed345cc-0e0f-4e9d-be0a-f38d812caef2.JPG,tomato late blight,potato early blight,0.07380205392837524
datasets/plantvillage/data_distribution_for_SVM/test/30/da454fc5-11eb-4278-a866-d2dc4de23ba1.JPG,tomato late blight,corn northern leaf blight,0.07809937000274658
datasets/plantvillage/data_distribution_for_SVM/test/2/3684ce9e-3919-4c9e-8593-0027eaea177c.JPG,apple rust,apple black rot,0.08369196951389313
datasets/plantvillage/data_distribution_for_SVM/test/28/0170e706-741b-4127-bf9c-79cd4db730e9.JPG,tomato bacterial leaf spot,potato early blight,0.07457419484853745
datasets/plantvillage/data_distribution_for_SVM/test/28/f1f6fd93-3f1f-415f-83fe-2432fbbc5e7e.JPG,tomato bacterial leaf spot,apple black rot,0.07279661297798157
datasets/plantvillage/data_distribution_for_SVM/test/11/96c896c8-09c3-43f4-9285-18ae3b8453e5.JPG,grape black rot,grape black rot,0.07973555475473404
datasets/plantvillage/data_distribution_for_SVM/test/8/dd279bf5-4a29-4107-823c-020a86a462ed.JPG,corn rust,corn rust,0.07863825559616089
datasets/plantvillage/data_distribution_for_SVM/test/28/ae44a9a5-9757-472f-a817-6fb74c1f89bb.JPG,tomato bacterial leaf spot,strawberry leaf scorch,0.0753597840666771
datasets/plantvillage/data_distribution_for_SVM/test/30/3a607507-0cf3-4a40-b443-ec36506de3ef.JPG,tomato late blight,tomato bacterial leaf spot,0.07451847940683365
datasets/plantvillage/data_distribution_for_SVM/test/28/16d5b658-d17e-46fe-8682-2056c1b3f36e.JPG,tomato bacterial leaf spot,potato early blight,0.07430676370859146
datasets/plantvillage/data_distribution_for_SVM/test/20/2d70ae72-f33b-4745-8dd1-126e4220bf48.JPG,potato early blight,strawberry leaf scorch,0.07311949878931046
datasets/plantvillage/data_distribution_for_SVM/test/30/85094a39-f7d1-4d61-8b8d-8b3990d02b05.JPG,tomato late blight,potato late blight,0.07849069684743881
datasets/plantvillage/data_distribution_for_SVM/test/20/c745e188-fc23-4102-9ceb-a0c47517ee9a.JPG,potato early blight,potato early blight,0.07810976356267929
datasets/plantvillage/data_distribution_for_SVM/test/28/51158091-c105-495f-ab2e-628357ac9fe9.JPG,tomato bacterial leaf spot,strawberry leaf scorch,0.08669554442167282
datasets/plantvillage/data_distribution_for_SVM/test/30/54baf1f5-6f93-4e48-8873-22f2fddd35a5.JPG,tomato late blight,potato late blight,0.07322267442941666
datasets/plantvillage/data_distribution_for_SVM/test/28/2130c4ce-bd81-4b4d-a780-011c52edef3c.JPG,tomato bacterial leaf spot,potato early blight,0.0782553106546402
datasets/plantvillage/data_distribution_for_SVM/test/25/502f9e70-3c2c-4e65-a9f2-e6711668d3fc.JPG,squash powdery mildew,squash powdery mildew,0.07543813437223434
datasets/plantvillage/data_distribution_for_SVM/test/25/0383df7a-2290-41aa-9547-e1c3bf75a21f.JPG,squash powdery mildew,squash powdery mildew,0.08932356536388397
datasets/plantvillage/data_distribution_for_SVM/test/28/d1c943c7-1ce3-4463-92a5-eed911e5a096.JPG,tomato bacterial leaf spot,apple rust,0.07180525362491608
datasets/plantvillage/data_distribution_for_SVM/test/11/c86b379a-301e-4984-b523-3a3ff2195d7c.JPG,grape black rot,grape black rot,0.08041234314441681
datasets/plantvillage/data_distribution_for_SVM/test/28/1f4902e4-96d4-42e8-a31a-34674e08020a.JPG,tomato bacterial leaf spot,strawberry leaf scorch,0.07355286180973053
datasets/plantvillage/data_distribution_for_SVM/test/20/db3cc5b2-7892-4bd7-8367-912028329995.JPG,potato early blight,strawberry leaf scorch,0.07917206734418869
datasets/plantvillage/data_distribution_for_SVM/test/9/4af4b293-8144-4f38-98f6-15fecde10eb9.JPG,corn northern leaf blight,corn gray leaf spot,0.07486744225025177
datasets/plantvillage/data_distribution_for_SVM/test/8/346909fb-cc2b-4012-88ab-f3d79fd6b51a.JPG,corn rust,corn gray leaf spot,0.0938858687877655
datasets/plantvillage/data_distribution_for_SVM/test/9/a7fd2168-7e2b-42ba-95f4-c0c23dcd9ca4.JPG,corn northern leaf blight,corn gray leaf spot,0.1511944681406021
datasets/plantvillage/data_distribution_for_SVM/test/21/4b88a105-44c6-4727-b455-ba2f00071472.JPG,potato late blight,potato late blight,0.0992838516831398
datasets/plantvillage/data_distribution_for_SVM/test/21/0db98ca6-2d1c-4e83-ba69-5bdf431f5b1d.JPG,potato late blight,potato early blight,0.07829974591732025
datasets/plantvillage/data_distribution_for_SVM/test/0/66fbf101-d02b-4e3f-8703-4aa2b85e9437.JPG,apple scab,apple black rot,0.07783270627260208
datasets/plantvillage/data_distribution_for_SVM/test/28/57f17b2b-18df-4892-900b-b7eff6d608c6.JPG,tomato bacterial leaf spot,strawberry leaf scorch,0.07508771121501923
datasets/plantvillage/data_distribution_for_SVM/test/11/42eca1bb-ddb2-4ac1-8ac1-4f32728cb444.JPG,grape black rot,grape black rot,0.07644674181938171
datasets/plantvillage/data_distribution_for_SVM/test/1/23e48448-6e5a-4a92-84e6-541d137e1a93.JPG,apple black rot,apple black rot,0.1223655641078949
datasets/plantvillage/data_distribution_for_SVM/test/1/92b7322c-5f2b-4a8d-af06-c55e496db48f.JPG,apple black rot,apple black rot,0.10060882568359375
datasets/plantvillage/data_distribution_for_SVM/test/25/cfcada3a-bc79-40ee-b50b-53ef398959d9.JPG,squash powdery mildew,apple rust,0.07268986105918884
datasets/plantvillage/data_distribution_for_SVM/test/30/7ede97b4-cdb5-4e01-901d-303ba2006dd0.JPG,tomato late blight,potato early blight,0.07305261492729187
datasets/plantvillage/data_distribution_for_SVM/test/25/975e8e55-7c7f-4cd2-b8b0-654d4c4e0ab5.JPG,squash powdery mildew,squash powdery mildew,0.08108009397983551
datasets/plantvillage/data_distribution_for_SVM/test/20/27757b76-1264-4ca9-bb5d-ef2ab42eeaf2.JPG,potato early blight,apple scab,0.07765454798936844
datasets/plantvillage/data_distribution_for_SVM/test/30/37f4d9d7-ea4b-4dea-9b09-12d2a138ab16.JPG,tomato late blight,tomato late blight,0.07968377321958542
datasets/plantvillage/data_distribution_for_SVM/test/28/ee9e43f2-4858-4def-b886-1a179a0fa5b2.JPG,tomato bacterial leaf spot,apple black rot,0.07465098053216934
datasets/plantvillage/data_distribution_for_SVM/test/25/fb0ee186-ab7b-4ae5-a1b1-198c2065d27c.JPG,squash powdery mildew,squash powdery mildew,0.08678969740867615
datasets/plantvillage/data_distribution_for_SVM/test/30/75c83cca-389a-4bad-870e-26bf3db93530.JPG,tomato late blight,potato early blight,0.07316672801971436
datasets/plantvillage/data_distribution_for_SVM/test/7/6976c81b-e021-4e90-aa92-339f3b28bbb7.JPG,corn gray leaf spot,corn gray leaf spot,0.14559423923492432
datasets/plantvillage/data_distribution_for_SVM/test/1/20ec6383-1a01-40a6-871f-ff0ab60c42a2.JPG,apple black rot,apple black rot,0.15890783071517944
datasets/plantvillage/data_distribution_for_SVM/test/25/504e3497-baea-474e-9656-17dad254d4aa.JPG,squash powdery mildew,squash powdery mildew,0.08246789872646332
datasets/plantvillage/data_distribution_for_SVM/test/11/d3dc8563-af7e-4990-a5d2-33bf1d5bcd90.JPG,grape black rot,grape black rot,0.07857757061719894
datasets/plantvillage/data_distribution_for_SVM/test/29/7a3c2ae2-beb9-444c-b6a5-655f50efc269.JPG,tomato early blight,potato late blight,0.08131802082061768
datasets/plantvillage/data_distribution_for_SVM/test/26/2a80ac16-054f-4d6d-80e7-8f70dcea84bf.JPG,strawberry leaf scorch,strawberry leaf scorch,0.10844705998897552
datasets/plantvillage/data_distribution_for_SVM/test/1/75e77246-1c2c-463f-bd6c-b0c3a050fb90.JPG,apple black rot,apple black rot,0.09519391506910324
datasets/plantvillage/data_distribution_for_SVM/test/25/896a4c05-ca61-47aa-97ae-12436f600ff7.JPG,squash powdery mildew,squash powdery mildew,0.08442950993776321
datasets/plantvillage/data_distribution_for_SVM/test/11/40e36682-8555-4860-a5aa-446fbb8f5e80.JPG,grape black rot,grape black rot,0.07674391567707062
datasets/plantvillage/data_distribution_for_SVM/test/25/3b1a2850-bb33-49dd-a005-08061f534a74.JPG,squash powdery mildew,corn gray leaf spot,0.08150949329137802
datasets/plantvillage/data_distribution_for_SVM/test/30/6482d7e3-86ae-4d57-bc17-ab4dada433ea.JPG,tomato late blight,potato early blight,0.07628219574689865
datasets/plantvillage/data_distribution_for_SVM/test/21/9616f359-62c3-418c-9a19-c92ef7cfcffb.JPG,potato late blight,potato late blight,0.07570471614599228
datasets/plantvillage/data_distribution_for_SVM/test/9/f0672d4f-8217-4ef7-8d3c-95782bbb71cd.JPG,corn northern leaf blight,corn rust,0.09858205169439316
datasets/plantvillage/data_distribution_for_SVM/test/28/38bfc16e-1280-4e47-b530-b2cdbd12ca84.JPG,tomato bacterial leaf spot,strawberry leaf scorch,0.07257357984781265
datasets/plantvillage/data_distribution_for_SVM/test/28/6acaccc1-933a-4642-9d4a-fa8fe9ebdeb4.JPG,tomato bacterial leaf spot,potato early blight,0.07494425028562546
datasets/plantvillage/data_distribution_for_SVM/test/25/98a45e9c-6a07-4681-9f21-3e9e38c16992.JPG,squash powdery mildew,squash powdery mildew,0.07844378054141998
datasets/plantvillage/data_distribution_for_SVM/test/25/71b4290d-b35d-4812-a60c-8f1341c2f0d1.JPG,squash powdery mildew,squash powdery mildew,0.08295197784900665
datasets/plantvillage/data_distribution_for_SVM/test/28/e8605cc4-1214-4dfa-af25-8778e2b30d23.JPG,tomato bacterial leaf spot,corn gray leaf spot,0.07275118678808212
datasets/plantvillage/data_distribution_for_SVM/test/21/163ac13f-dbb4-487f-9151-9b9654872cb8.JPG,potato late blight,potato late blight,0.07687404751777649
datasets/plantvillage/data_distribution_for_SVM/test/8/e264a832-9349-40dc-a072-4dcc08ceedb8.JPG,corn rust,corn gray leaf spot,0.10353492945432663
datasets/plantvillage/data_distribution_for_SVM/test/30/357a9e22-382c-452b-9cea-574f5ac95f08.JPG,tomato late blight,potato late blight,0.07464974373579025
